state_date,source_target,target_period,target_mode,actual_value,actual_release_date,requested_evaluation_date,actual_as_of_date,snapshot_gap_days,availability_status,revision_from_initial
2020-02-29,CES0500000003,2020-02,fixed_horizon_90d,3.7928038598243674,2020-03-06,2020-05-29,2020-05-28,1.0,available,0.0
2020-02-29,CPIAUCSL,2020-02,fixed_horizon_90d,1.065904640727311,2020-03-11,2020-05-29,2020-05-28,1.0,available,0.0
2020-02-29,CPILFESL,2020-02,fixed_horizon_90d,2.671935670002057,2020-03-11,2020-05-29,2020-05-28,1.0,available,0.0
2020-02-29,GDPC1,2020Q1,fixed_horizon_90d,-5.17891096186176,2020-04-29,2020-06-29,2020-06-15,14.0,available,-0.2776418436468475
2020-02-29,PAYEMS,2020-02,fixed_horizon_90d,251.0,2020-03-06,2020-05-29,2020-05-15,14.0,available,-22.0
2020-02-29,PCEPI,2020-02,fixed_horizon_90d,0.9212386595947919,2020-03-27,2020-05-29,2020-05-29,0.0,available,-0.1515977907708077
2020-02-29,PCEPILFE,2020-02,fixed_horizon_90d,1.712682739722382,2020-03-27,2020-05-29,2020-05-29,0.0,available,-0.18046474407853452
2020-02-29,UNRATE,2020-02,fixed_horizon_90d,3.5,2020-03-06,2020-05-29,2020-05-28,1.0,available,0.0
2020-03-31,CES0500000003,2020-03,fixed_horizon_90d,7.131641336613903,2020-04-03,2020-06-29,2020-06-25,4.0,available,2.5105958921448845
2020-03-31,CPIAUCSL,2020-03,fixed_horizon_90d,-5.092434572260629,2020-04-10,2020-06-29,2020-06-25,4.0,available,0.0
2020-03-31,CPILFESL,2020-03,fixed_horizon_90d,-1.2362677050838045,2020-04-10,2020-06-29,2020-06-25,4.0,available,0.0
2020-03-31,GDPC1,2020Q1,fixed_horizon_90d,-5.17891096186176,2020-04-29,2020-06-29,2020-06-15,14.0,available,-0.2776418436468475
2020-03-31,PAYEMS,2020-03,fixed_horizon_90d,-1373.0,2020-04-03,2020-06-29,2020-06-15,14.0,available,-672.0
2020-03-31,PCEPI,2020-03,fixed_horizon_90d,-2.9607017309988493,2020-04-30,2020-06-29,2020-06-26,3.0,available,0.26022355217527604
2020-03-31,PCEPILFE,2020-03,fixed_horizon_90d,-0.8292579534774802,2020-04-30,2020-06-29,2020-06-26,3.0,available,0.13808540390698454
2020-03-31,UNRATE,2020-03,fixed_horizon_90d,4.4,2020-04-03,2020-06-29,2020-06-25,4.0,available,0.0
2020-04-30,CES0500000003,2020-04,fixed_horizon_90d,54.777902402358514,2020-05-08,2020-07-29,2020-07-15,14.0,available,-0.037353066038114946
2020-04-30,CPIAUCSL,2020-04,fixed_horizon_90d,-9.579406914913235,2020-05-12,2020-07-29,2020-07-29,0.0,available,0.0
2020-04-30,CPILFESL,2020-04,fixed_horizon_90d,-5.382468696892317,2020-05-12,2020-07-29,2020-07-15,14.0,available,0.0
2020-04-30,GDPC1,2020Q2,fixed_horizon_90d,-38.13335515033103,2020-07-30,2020-09-28,2020-09-15,13.0,available,1.771424325344384
2020-04-30,PAYEMS,2020-04,fixed_horizon_90d,-20787.0,2020-05-08,2020-07-29,2020-07-29,0.0,available,-287.0
2020-04-30,PCEPI,2020-04,fixed_horizon_90d,-5.517901604814313,2020-05-29,2020-07-29,2020-07-15,14.0,available,0.14197283318466702
2020-04-30,PCEPILFE,2020-04,fixed_horizon_90d,-4.699306704908679,2020-05-29,2020-07-29,2020-07-15,14.0,available,0.03198916239526284
2020-04-30,UNRATE,2020-04,fixed_horizon_90d,14.7,2020-05-08,2020-07-29,2020-07-29,0.0,available,0.0
2020-05-31,CES0500000003,2020-05,fixed_horizon_90d,-13.259803423902206,2020-06-05,2020-08-29,2020-08-27,2.0,available,-1.6189695387481606
2020-05-31,CPIAUCSL,2020-05,fixed_horizon_90d,-0.6285301216653494,2020-06-10,2020-08-29,2020-08-27,2.0,available,0.0
2020-05-31,CPILFESL,2020-05,fixed_horizon_90d,-0.7231066688127896,2020-06-10,2020-08-29,2020-08-27,2.0,available,0.0
2020-05-31,GDPC1,2020Q2,fixed_horizon_90d,-38.13335515033103,2020-07-30,2020-09-28,2020-09-15,13.0,available,1.771424325344384
2020-05-31,PAYEMS,2020-05,fixed_horizon_90d,2725.0,2020-06-05,2020-08-29,2020-08-15,14.0,available,216.0
2020-05-31,PCEPI,2020-05,fixed_horizon_90d,1.6009513694246635,2020-06-26,2020-08-29,2020-08-28,1.0,available,0.4452075426367941
2020-05-31,PCEPILFE,2020-05,fixed_horizon_90d,2.0142011203162724,2020-06-26,2020-08-29,2020-08-28,1.0,available,0.8723145202406357
2020-05-31,UNRATE,2020-05,fixed_horizon_90d,13.3,2020-06-05,2020-08-29,2020-08-27,2.0,available,0.0
2020-06-30,CES0500000003,2020-06,fixed_horizon_90d,-15.45260254824381,2020-07-02,2020-09-28,2020-09-15,13.0,available,-1.236832981408753
2020-06-30,CPIAUCSL,2020-06,fixed_horizon_90d,6.765167572416431,2020-07-14,2020-09-28,2020-09-15,13.0,available,0.0
2020-06-30,CPILFESL,2020-06,fixed_horizon_90d,2.817655281524978,2020-07-14,2020-09-28,2020-09-15,13.0,available,0.0
2020-06-30,GDPC1,2020Q2,fixed_horizon_90d,-38.13335515033103,2020-07-30,2020-09-28,2020-09-15,13.0,available,1.771424325344384
2020-06-30,PAYEMS,2020-06,fixed_horizon_90d,4781.0,2020-07-02,2020-09-28,2020-09-15,13.0,available,-19.0
2020-06-30,PCEPI,2020-06,fixed_horizon_90d,5.786963429426706,2020-07-31,2020-09-28,2020-09-15,13.0,available,1.3440628681557598
2020-06-30,PCEPILFE,2020-06,fixed_horizon_90d,3.96522377244537,2020-07-31,2020-09-28,2020-09-15,13.0,available,1.5294737970496186
2020-06-30,UNRATE,2020-06,fixed_horizon_90d,11.1,2020-07-02,2020-09-28,2020-09-15,13.0,available,0.0
2020-07-31,CES0500000003,2020-07,fixed_horizon_90d,1.2272031067857014,2020-08-07,2020-10-29,2020-10-29,0.0,available,-1.634320988064708
2020-07-31,CPIAUCSL,2020-07,fixed_horizon_90d,7.019481694120344,2020-08-12,2020-10-29,2020-10-29,0.0,available,0.0
2020-07-31,CPILFESL,2020-07,fixed_horizon_90d,7.418810395740749,2020-08-12,2020-10-29,2020-10-29,0.0,available,0.0
2020-07-31,GDPC1,2020Q3,fixed_horizon_90d,28.569003429193174,2020-10-29,2020-12-29,2020-12-15,14.0,available,-0.010396183653682556
2020-07-31,PAYEMS,2020-07,fixed_horizon_90d,1761.0,2020-08-07,2020-10-29,2020-10-28,1.0,available,-2.0
2020-07-31,PCEPI,2020-07,fixed_horizon_90d,4.623991748665901,2020-08-28,2020-10-29,2020-10-29,0.0,available,0.7850612114641109
2020-07-31,PCEPILFE,2020-07,fixed_horizon_90d,5.080044628726554,2020-08-28,2020-10-29,2020-10-29,0.0,available,0.8951826858300649
2020-07-31,UNRATE,2020-07,fixed_horizon_90d,10.2,2020-08-07,2020-10-29,2020-10-29,0.0,available,0.0
2020-08-31,CES0500000003,2020-08,fixed_horizon_90d,4.081636588188253,2020-09-04,2020-11-29,2020-11-24,5.0,available,-0.4058750157581059
2020-08-31,CPIAUCSL,2020-08,fixed_horizon_90d,4.435156012073804,2020-09-11,2020-11-29,2020-11-24,5.0,available,0.0
2020-08-31,CPILFESL,2020-08,fixed_horizon_90d,4.616921711672717,2020-09-11,2020-11-29,2020-11-24,5.0,available,0.0
2020-08-31,GDPC1,2020Q3,fixed_horizon_90d,28.569003429193174,2020-10-29,2020-12-29,2020-12-15,14.0,available,-0.010396183653682556
2020-08-31,PAYEMS,2020-08,fixed_horizon_90d,1493.0,2020-09-04,2020-11-29,2020-11-15,14.0,available,122.0
2020-08-31,PCEPI,2020-08,fixed_horizon_90d,3.729355484721708,2020-10-01,2020-11-29,2020-11-25,4.0,available,-0.0602460067913313
2020-08-31,PCEPILFE,2020-08,fixed_horizon_90d,3.9063565522685195,2020-10-01,2020-11-29,2020-11-25,4.0,available,-0.08962304844182256
2020-08-31,UNRATE,2020-08,fixed_horizon_90d,8.4,2020-09-04,2020-11-29,2020-11-24,5.0,available,0.0
2020-09-30,CES0500000003,2020-09,fixed_horizon_90d,0.8146639824090585,2020-10-02,2020-12-29,2020-12-22,7.0,available,0.0
2020-09-30,CPIAUCSL,2020-09,fixed_horizon_90d,2.4374395269802562,2020-10-13,2020-12-29,2020-12-22,7.0,available,0.0
2020-09-30,CPILFESL,2020-09,fixed_horizon_90d,2.306273258216507,2020-10-13,2020-12-29,2020-12-22,7.0,available,0.0
2020-09-30,GDPC1,2020Q3,fixed_horizon_90d,28.569003429193174,2020-10-29,2020-12-29,2020-12-15,14.0,available,-0.010396183653682556
2020-09-30,PAYEMS,2020-09,fixed_horizon_90d,711.0,2020-10-02,2020-12-29,2020-12-15,14.0,available,50.0
2020-09-30,PCEPI,2020-09,fixed_horizon_90d,1.892982376954322,2020-10-30,2020-12-29,2020-12-23,6.0,available,-0.042692706032809724
2020-09-30,PCEPILFE,2020-09,fixed_horizon_90d,2.1173037090100877,2020-10-30,2020-12-29,2020-12-23,6.0,available,-0.02067358979900291
2020-09-30,UNRATE,2020-09,fixed_horizon_90d,7.9,2020-10-02,2020-12-29,2020-12-22,7.0,available,0.0
2020-10-31,CES0500000003,2020-10,fixed_horizon_90d,0.8141112930976746,2020-11-06,2021-01-29,2021-01-28,1.0,available,-0.8141114804502081
2020-10-31,CPIAUCSL,2020-10,fixed_horizon_90d,0.5348353894429891,2020-11-12,2021-01-29,2021-01-28,1.0,available,0.0
2020-10-31,CPILFESL,2020-10,fixed_horizon_90d,0.14260249571158568,2020-11-12,2021-01-29,2021-01-28,1.0,available,0.0
2020-10-31,GDPC1,2020Q4,fixed_horizon_90d,4.234326519544851,2021-01-28,2021-03-31,2021-03-31,0.0,available,0.3002228951444863
2020-10-31,PAYEMS,2020-10,fixed_horizon_90d,654.0,2020-11-06,2021-01-29,2021-01-27,2.0,available,16.0
2020-10-31,PCEPI,2020-10,fixed_horizon_90d,0.3331139459131549,2020-11-25,2021-01-29,2021-01-29,0.0,available,0.3331139459131549
2020-10-31,PCEPILFE,2020-10,fixed_horizon_90d,0.19995001295960435,2020-11-25,2021-01-29,2021-01-29,0.0,available,0.36831051516053037
2020-10-31,UNRATE,2020-10,fixed_horizon_90d,6.9,2020-11-06,2021-01-29,2021-01-28,1.0,available,0.0
2020-11-30,CES0500000003,2020-11,fixed_horizon_90d,3.652970857473825,2020-12-04,2021-02-28,2021-02-28,0.0,available,-0.0037104890887817987
2020-11-30,CPIAUCSL,2020-11,fixed_horizon_90d,2.1404369786981903,2020-12-10,2021-02-28,2021-02-28,0.0,available,-0.12535689477815026
2020-11-30,CPILFESL,2020-11,fixed_horizon_90d,2.0876576433288108,2020-12-10,2021-02-28,2021-02-28,0.0,available,-0.542990147944522
2020-11-30,GDPC1,2020Q4,fixed_horizon_90d,4.234326519544851,2021-01-28,2021-03-31,2021-03-31,0.0,available,0.3002228951444863
2020-11-30,PAYEMS,2020-11,fixed_horizon_90d,264.0,2020-12-04,2021-02-28,2021-02-28,0.0,available,19.0
2020-11-30,PCEPI,2020-11,fixed_horizon_90d,0.19333184199261666,2020-12-23,2021-02-28,2021-02-28,0.0,available,0.021436697736376686
2020-11-30,PCEPILFE,2020-11,fixed_horizon_90d,0.0,2020-12-23,2021-02-28,2021-02-28,0.0,available,-0.14731027244643258
2020-11-30,UNRATE,2020-11,fixed_horizon_90d,6.7,2020-12-04,2021-02-28,2021-02-28,0.0,available,0.0
2020-12-31,CES0500000003,2020-12,fixed_horizon_90d,12.096876634028142,2021-01-08,2021-03-31,2021-03-31,0.0,available,2.802336145236417
2020-12-31,CPIAUCSL,2020-12,fixed_horizon_90d,2.90763357418804,2021-01-13,2021-03-31,2021-03-31,0.0,available,-1.4919794614154824
2020-12-31,CPILFESL,2020-12,fixed_horizon_90d,0.5380179021827303,2021-01-13,2021-03-31,2021-03-31,0.0,available,-0.48419680989262304
2020-12-31,GDPC1,2020Q4,fixed_horizon_90d,4.234326519544851,2021-01-28,2021-03-31,2021-03-31,0.0,available,0.3002228951444863
2020-12-31,PAYEMS,2020-12,fixed_horizon_90d,-306.0,2021-01-08,2021-03-31,2021-03-31,0.0,available,-166.0
2020-12-31,PCEPI,2020-12,fixed_horizon_90d,4.385887487598694,2021-01-29,2021-03-31,2021-03-31,0.0,available,-0.7065204173791528
2020-12-31,PCEPILFE,2020-12,fixed_horizon_90d,3.520959665824819,2021-01-29,2021-03-31,2021-03-31,0.0,available,-0.13530547506412915
2020-12-31,UNRATE,2020-12,fixed_horizon_90d,6.7,2021-01-08,2021-03-31,2021-03-31,0.0,available,0.0
2021-01-31,CES0500000003,2021-01,fixed_horizon_90d,0.401136557303694,2021-02-05,2021-05-01,2021-05-01,0.0,available,-2.004477345550093
2021-01-31,CPIAUCSL,2021-01,fixed_horizon_90d,3.074510407644837,2021-02-10,2021-05-01,2021-05-01,0.0,available,0.0
2021-01-31,CPILFESL,2021-01,fixed_horizon_90d,0.37780226808230566,2021-02-10,2021-05-01,2021-05-01,0.0,available,0.0
2021-01-31,GDPC1,2021Q1,fixed_horizon_90d,6.201152691707534,2021-04-29,2021-06-29,2021-06-15,14.0,available,0.01039406498932749
2021-01-31,PAYEMS,2021-01,fixed_horizon_90d,233.0,2021-02-05,2021-05-01,2021-05-01,0.0,available,184.0
2021-01-31,PCEPI,2021-01,fixed_horizon_90d,3.505742965308656,2021-02-26,2021-05-01,2021-05-01,0.0,available,-0.5640671926386176
2021-01-31,PCEPILFE,2021-01,fixed_horizon_90d,2.379985839717591,2021-02-26,2021-05-01,2021-05-01,0.0,available,-0.6375393902125381
2021-01-31,UNRATE,2021-01,fixed_horizon_90d,6.3,2021-02-05,2021-05-01,2021-05-01,0.0,available,0.0
2021-02-28,CES0500000003,2021-02,fixed_horizon_90d,3.2042742670546076,2021-03-05,2021-05-29,2021-05-27,2.0,available,0.40193771410272916
2021-02-28,CPIAUCSL,2021-02,fixed_horizon_90d,4.24826097687756,2021-03-10,2021-05-29,2021-05-27,2.0,available,0.0
2021-02-28,CPILFESL,2021-02,fixed_horizon_90d,1.217047653570802,2021-03-10,2021-05-29,2021-05-27,2.0,available,0.0
2021-02-28,GDPC1,2021Q1,fixed_horizon_90d,6.201152691707534,2021-04-29,2021-06-29,2021-06-15,14.0,available,0.01039406498932749
2021-02-28,PAYEMS,2021-02,fixed_horizon_90d,536.0,2021-03-05,2021-05-29,2021-05-15,14.0,available,157.0
2021-02-28,PCEPI,2021-02,fixed_horizon_90d,3.293001777857185,2021-03-26,2021-05-29,2021-05-28,1.0,available,0.5330447844443142
2021-02-28,PCEPILFE,2021-02,fixed_horizon_90d,1.6222088055037887,2021-03-26,2021-05-29,2021-05-28,1.0,available,0.5966661037078325
2021-02-28,UNRATE,2021-02,fixed_horizon_90d,6.2,2021-03-05,2021-05-29,2021-05-27,2.0,available,0.0
2021-03-31,CES0500000003,2021-03,fixed_horizon_90d,-1.2006004003005444,2021-04-02,2021-06-29,2021-06-24,5.0,available,0.40046721546360686
2021-03-31,CPIAUCSL,2021-03,fixed_horizon_90d,7.418851785535807,2021-04-13,2021-06-29,2021-06-24,5.0,available,0.0
2021-03-31,CPILFESL,2021-03,fixed_horizon_90d,4.0553081642581645,2021-04-13,2021-06-29,2021-06-24,5.0,available,0.0
2021-03-31,GDPC1,2021Q1,fixed_horizon_90d,6.201152691707534,2021-04-29,2021-06-29,2021-06-15,14.0,available,0.01039406498932749
2021-03-31,PAYEMS,2021-03,fixed_horizon_90d,785.0,2021-04-02,2021-06-29,2021-06-15,14.0,available,-131.0
2021-03-31,PCEPI,2021-03,fixed_horizon_90d,6.749520336561687,2021-04-30,2021-06-29,2021-06-25,4.0,available,0.5792949177493512
2021-03-31,PCEPILFE,2021-03,fixed_horizon_90d,4.999333174243503,2021-04-30,2021-06-29,2021-06-25,4.0,available,0.7060970501967745
2021-03-31,UNRATE,2021-03,fixed_horizon_90d,6.0,2021-04-02,2021-06-29,2021-06-24,5.0,available,0.0
2021-04-30,CES0500000003,2021-04,fixed_horizon_90d,7.981406210877928,2021-05-07,2021-07-29,2021-07-29,0.0,available,-0.40046721546360686
2021-04-30,CPIAUCSL,2021-04,fixed_horizon_90d,9.205029853319502,2021-05-12,2021-07-29,2021-07-29,0.0,available,0.0
2021-04-30,CPILFESL,2021-04,fixed_horizon_90d,10.949326672686155,2021-05-12,2021-07-29,2021-07-29,0.0,available,0.0
2021-04-30,GDPC1,2021Q2,fixed_horizon_90d,6.3504660754730935,2021-07-29,2021-09-28,2021-09-15,13.0,available,0.05008422793437717
2021-04-30,PAYEMS,2021-04,fixed_horizon_90d,269.0,2021-05-07,2021-07-29,2021-07-28,1.0,available,3.0
2021-04-30,PCEPI,2021-04,fixed_horizon_90d,7.658523129203232,2021-05-28,2021-07-29,2021-07-29,0.0,available,0.39926648207355697
2021-04-30,PCEPILFE,2021-04,fixed_horizon_90d,8.386199034740471,2021-05-28,2021-07-29,2021-07-29,0.0,available,0.4442722090811202
2021-04-30,UNRATE,2021-04,fixed_horizon_90d,6.1,2021-05-07,2021-07-29,2021-07-29,0.0,available,0.0
2021-05-31,CES0500000003,2021-05,fixed_horizon_90d,5.555565478490188,2021-06-04,2021-08-29,2021-08-26,3.0,available,-0.39387655445413117
2021-05-31,CPIAUCSL,2021-05,fixed_horizon_90d,7.705911800005083,2021-06-10,2021-08-29,2021-08-26,3.0,available,0.0
2021-05-31,CPILFESL,2021-05,fixed_horizon_90d,8.815185850602703,2021-06-10,2021-08-29,2021-08-26,3.0,available,0.0
2021-05-31,GDPC1,2021Q2,fixed_horizon_90d,6.3504660754730935,2021-07-29,2021-09-28,2021-09-15,13.0,available,0.05008422793437717
2021-05-31,PAYEMS,2021-05,fixed_horizon_90d,614.0,2021-06-04,2021-08-29,2021-08-15,14.0,available,55.0
2021-05-31,PCEPI,2021-05,fixed_horizon_90d,6.373737357010967,2021-06-25,2021-08-29,2021-08-27,2.0,available,1.0019251077981295
2021-05-31,PCEPILFE,2021-05,fixed_horizon_90d,6.884191981051657,2021-06-25,2021-08-29,2021-08-27,2.0,available,1.1267563007784531
2021-05-31,UNRATE,2021-05,fixed_horizon_90d,5.8,2021-06-04,2021-08-29,2021-08-26,3.0,available,0.0
2021-06-30,CES0500000003,2021-06,fixed_horizon_90d,5.135810308527944,2021-07-02,2021-09-28,2021-09-15,13.0,available,1.1819352323048093
2021-06-30,CPIAUCSL,2021-06,fixed_horizon_90d,10.809441209795168,2021-07-13,2021-09-28,2021-09-15,13.0,available,0.0
2021-06-30,CPILFESL,2021-06,fixed_horizon_90d,10.495175753994701,2021-07-13,2021-09-28,2021-09-15,13.0,available,0.0
2021-06-30,GDPC1,2021Q2,fixed_horizon_90d,6.3504660754730935,2021-07-29,2021-09-28,2021-09-15,13.0,available,0.05008422793437717
2021-06-30,PAYEMS,2021-06,fixed_horizon_90d,962.0,2021-07-02,2021-09-28,2021-09-15,13.0,available,112.0
2021-06-30,PCEPI,2021-06,fixed_horizon_90d,6.37126266956507,2021-07-30,2021-09-28,2021-09-15,13.0,available,0.22769984718529201
2021-06-30,PCEPILFE,2021-06,fixed_horizon_90d,5.628398308035187,2021-07-30,2021-09-28,2021-09-15,13.0,available,0.24434910941657506
2021-06-30,UNRATE,2021-06,fixed_horizon_90d,5.9,2021-07-02,2021-09-28,2021-09-15,13.0,available,0.0
2021-07-31,CES0500000003,2021-07,fixed_horizon_90d,4.32858314894311,2021-08-06,2021-10-29,2021-10-28,1.0,available,-0.001419908985056395
2021-07-31,CPIAUCSL,2021-07,fixed_horizon_90d,5.672578791992322,2021-08-11,2021-10-29,2021-10-28,1.0,available,0.0
2021-07-31,CPILFESL,2021-07,fixed_horizon_90d,3.9368729159104277,2021-08-11,2021-10-29,2021-10-28,1.0,available,0.0
2021-07-31,GDPC1,2021Q3,fixed_horizon_90d,2.0822697010288493,2021-10-28,2021-12-29,2021-12-15,14.0,available,0.08636021989687492
2021-07-31,PAYEMS,2021-07,fixed_horizon_90d,1091.0,2021-08-06,2021-10-29,2021-10-27,2.0,available,148.0
2021-07-31,PCEPI,2021-07,fixed_horizon_90d,4.95042928555236,2021-08-27,2021-10-29,2021-10-29,0.0,available,0.02058603122954139
2021-07-31,PCEPILFE,2021-07,fixed_horizon_90d,4.063785515019802,2021-08-27,2021-10-29,2021-10-29,0.0,available,0.020283450534108738
2021-07-31,UNRATE,2021-07,fixed_horizon_90d,5.4,2021-08-06,2021-10-29,2021-10-28,1.0,available,0.0
2021-08-31,CES0500000003,2021-08,fixed_horizon_90d,4.70435101026716,2021-09-03,2021-11-29,2021-11-23,6.0,available,-1.9525432026210154
2021-08-31,CPIAUCSL,2021-08,fixed_horizon_90d,3.2878722585913067,2021-09-14,2021-11-29,2021-11-23,6.0,available,0.0
2021-08-31,CPILFESL,2021-08,fixed_horizon_90d,1.220647965536159,2021-09-14,2021-11-29,2021-11-23,6.0,available,0.0
2021-08-31,GDPC1,2021Q3,fixed_horizon_90d,2.0822697010288493,2021-10-28,2021-12-29,2021-12-15,14.0,available,0.08636021989687492
2021-08-31,PAYEMS,2021-08,fixed_horizon_90d,483.0,2021-09-03,2021-11-29,2021-11-15,14.0,available,248.0
2021-08-31,PCEPI,2021-08,fixed_horizon_90d,4.570528067681678,2021-10-01,2021-11-29,2021-11-24,5.0,available,-0.2364458787557311
2021-08-31,PCEPILFE,2021-08,fixed_horizon_90d,3.736465342410966,2021-10-01,2021-11-29,2021-11-24,5.0,available,-0.27364848088531346
2021-08-31,UNRATE,2021-08,fixed_horizon_90d,5.2,2021-09-03,2021-11-29,2021-11-23,6.0,available,0.0
2021-09-30,CES0500000003,2021-09,fixed_horizon_90d,6.633084682762025,2021-10-08,2021-12-29,2021-12-22,7.0,available,-0.7803676065124776
2021-09-30,CPIAUCSL,2021-09,fixed_horizon_90d,4.939054765586448,2021-10-13,2021-12-29,2021-12-22,7.0,available,0.0
2021-09-30,CPILFESL,2021-09,fixed_horizon_90d,2.9133569923072145,2021-10-13,2021-12-29,2021-12-22,7.0,available,0.0
2021-09-30,GDPC1,2021Q3,fixed_horizon_90d,2.0822697010288493,2021-10-28,2021-12-29,2021-12-15,14.0,available,0.08636021989687492
2021-09-30,PAYEMS,2021-09,fixed_horizon_90d,379.0,2021-10-08,2021-12-29,2021-12-15,14.0,available,185.0
2021-09-30,PCEPI,2021-09,fixed_horizon_90d,4.151379991770199,2021-10-29,2021-12-29,2021-12-23,6.0,available,0.31780723507139896
2021-09-30,PCEPILFE,2021-09,fixed_horizon_90d,2.8828842694395007,2021-10-29,2021-12-29,2021-12-23,6.0,available,0.3541408921783784
2021-09-30,UNRATE,2021-09,fixed_horizon_90d,4.8,2021-10-08,2021-12-29,2021-12-22,7.0,available,0.0
2021-10-31,CES0500000003,2021-10,fixed_horizon_90d,6.596621300674954,2021-11-05,2022-01-29,2022-01-27,2.0,available,2.3254632565194555
2021-10-31,CPIAUCSL,2021-10,fixed_horizon_90d,11.266788402062033,2021-11-10,2022-01-29,2022-01-27,2.0,available,0.0
2021-10-31,CPILFESL,2021-10,fixed_horizon_90d,7.169531680928287,2021-11-10,2022-01-29,2022-01-27,2.0,available,0.0
2021-10-31,GDPC1,2021Q4,fixed_horizon_90d,6.6672379741369525,2022-01-27,2022-03-31,2022-03-31,0.0,available,0.0066242131353533296
2021-10-31,PAYEMS,2021-10,fixed_horizon_90d,648.0,2021-11-05,2022-01-29,2022-01-26,3.0,available,117.0
2021-10-31,PCEPI,2021-10,fixed_horizon_90d,7.759387768193093,2021-11-24,2022-01-29,2022-01-28,1.0,available,0.20345601395952428
2021-10-31,PCEPILFE,2021-10,fixed_horizon_90d,5.30101436156869,2021-11-24,2022-01-29,2022-01-28,1.0,available,0.21135173365038895
2021-10-31,UNRATE,2021-10,fixed_horizon_90d,4.6,2021-11-05,2022-01-29,2022-01-27,2.0,available,0.0
2021-11-30,CES0500000003,2021-11,fixed_horizon_90d,4.619832462529594,2021-12-03,2022-02-28,2022-02-28,0.0,available,1.5220572669086607
2021-11-30,CPIAUCSL,2021-11,fixed_horizon_90d,8.361559571751087,2021-12-10,2022-02-28,2022-02-28,0.0,available,-0.9515950712010834
2021-11-30,CPILFESL,2021-11,fixed_horizon_90d,6.262538909010473,2021-12-10,2022-02-28,2022-02-28,0.0,available,-0.13582213988172498
2021-11-30,GDPC1,2021Q4,fixed_horizon_90d,6.6672379741369525,2022-01-27,2022-03-31,2022-03-31,0.0,available,0.0066242131353533296
2021-11-30,PAYEMS,2021-11,fixed_horizon_90d,647.0,2021-12-03,2022-02-28,2022-02-28,0.0,available,437.0
2021-11-30,PCEPI,2021-11,fixed_horizon_90d,6.837741467820635,2021-12-23,2022-02-28,2022-02-28,0.0,available,-0.4533377072135636
2021-11-30,PCEPILFE,2021-11,fixed_horizon_90d,5.638114559334184,2021-12-23,2022-02-28,2022-02-28,0.0,available,0.11105049518143062
2021-11-30,UNRATE,2021-11,fixed_horizon_90d,4.2,2021-12-03,2022-02-28,2022-02-28,0.0,available,0.0
2021-12-31,CES0500000003,2021-12,fixed_horizon_90d,5.749891211879188,2022-01-07,2022-03-31,2022-03-31,0.0,available,-1.554312021868931
2021-12-31,CPIAUCSL,2021-12,fixed_horizon_90d,6.882324423191832,2022-01-12,2022-03-31,2022-03-31,0.0,available,1.2501235968329638
2021-12-31,CPILFESL,2021-12,fixed_horizon_90d,6.723156459688084,2022-01-12,2022-03-31,2022-03-31,0.0,available,0.1395777234229456
2021-12-31,GDPC1,2021Q4,fixed_horizon_90d,6.6672379741369525,2022-01-27,2022-03-31,2022-03-31,0.0,available,0.0066242131353533296
2021-12-31,PAYEMS,2021-12,fixed_horizon_90d,588.0,2022-01-07,2022-03-31,2022-03-31,0.0,available,389.0
2021-12-31,PCEPI,2021-12,fixed_horizon_90d,6.1111125887329365,2022-01-28,2022-03-31,2022-03-31,0.0,available,0.7519030024322859
2021-12-31,PCEPILFE,2021-12,fixed_horizon_90d,6.100816646926077,2022-01-28,2022-03-31,2022-03-31,0.0,available,0.1383577728311991
2021-12-31,UNRATE,2021-12,fixed_horizon_90d,3.9,2022-01-07,2022-03-31,2022-03-31,0.0,available,0.0
2022-01-31,CES0500000003,2022-01,fixed_horizon_90d,6.8636984073442875,2022-02-04,2022-05-01,2022-05-01,0.0,available,-1.8940748766754112
2022-01-31,CPIAUCSL,2022-01,fixed_horizon_90d,7.715942528833963,2022-02-10,2022-05-01,2022-05-01,0.0,available,0.0
2022-01-31,CPILFESL,2022-01,fixed_horizon_90d,6.978999049889367,2022-02-10,2022-05-01,2022-05-01,0.0,available,0.0
2022-01-31,GDPC1,2022Q1,fixed_horizon_90d,-1.5210119727619542,2022-04-28,2022-06-29,2022-06-15,14.0,available,-0.09680995929031155
2022-01-31,PAYEMS,2022-01,fixed_horizon_90d,504.0,2022-02-04,2022-05-01,2022-05-01,0.0,available,37.0
2022-01-31,PCEPI,2022-01,fixed_horizon_90d,6.371785606996028,2022-02-25,2022-05-01,2022-05-01,0.0,available,-0.4418902524800927
2022-01-31,PCEPILFE,2022-01,fixed_horizon_90d,5.66226876320215,2022-02-25,2022-05-01,2022-05-01,0.0,available,-0.5264712073866917
2022-01-31,UNRATE,2022-01,fixed_horizon_90d,4.0,2022-02-04,2022-05-01,2022-05-01,0.0,available,0.0
2022-02-28,CES0500000003,2022-02,fixed_horizon_90d,1.5199495382317352,2022-03-04,2022-05-29,2022-05-26,3.0,available,1.1399020291168682
2022-02-28,CPIAUCSL,2022-02,fixed_horizon_90d,9.53450870536301,2022-03-10,2022-05-29,2022-05-26,3.0,available,0.0
2022-02-28,CPILFESL,2022-02,fixed_horizon_90d,6.046931788677057,2022-03-10,2022-05-29,2022-05-26,3.0,available,0.0
2022-02-28,GDPC1,2022Q1,fixed_horizon_90d,-1.5210119727619542,2022-04-28,2022-06-29,2022-06-15,14.0,available,-0.09680995929031155
2022-02-28,PAYEMS,2022-02,fixed_horizon_90d,714.0,2022-03-04,2022-05-29,2022-05-15,14.0,available,36.0
2022-02-28,PCEPI,2022-02,fixed_horizon_90d,6.399961669978538,2022-03-31,2022-05-29,2022-05-27,2.0,available,-0.5272890553563059
2022-02-28,PCEPILFE,2022-02,fixed_horizon_90d,3.645592542592624,2022-03-31,2022-05-29,2022-05-27,2.0,available,-0.5928180772961866
2022-02-28,UNRATE,2022-02,fixed_horizon_90d,3.8,2022-03-04,2022-05-29,2022-05-26,3.0,available,0.0
2022-03-31,CES0500000003,2022-03,fixed_horizon_90d,5.682725695001345,2022-04-01,2022-06-29,2022-06-29,0.0,available,0.7561436923158027
2022-03-31,CPIAUCSL,2022-03,fixed_horizon_90d,14.79743872311019,2022-04-12,2022-06-29,2022-06-29,0.0,available,0.0
2022-03-31,CPILFESL,2022-03,fixed_horizon_90d,3.882858791609678,2022-04-12,2022-06-29,2022-06-29,0.0,available,0.0
2022-03-31,GDPC1,2022Q1,fixed_horizon_90d,-1.5210119727619542,2022-04-28,2022-06-29,2022-06-15,14.0,available,-0.09680995929031155
2022-03-31,PAYEMS,2022-03,fixed_horizon_90d,398.0,2022-04-01,2022-06-29,2022-06-15,14.0,available,-33.0
2022-03-31,PCEPI,2022-03,fixed_horizon_90d,10.746682384928619,2022-04-29,2022-06-29,2022-06-29,0.0,available,0.3980556185595674
2022-03-31,PCEPILFE,2022-03,fixed_horizon_90d,3.9509386979961647,2022-04-29,2022-06-29,2022-06-29,0.0,available,0.44546509557576996
2022-03-31,UNRATE,2022-03,fixed_horizon_90d,3.6,2022-04-01,2022-06-29,2022-06-29,0.0,available,0.0
2022-04-30,CES0500000003,2022-04,fixed_horizon_90d,4.150294971841895,2022-05-06,2022-07-29,2022-07-28,1.0,available,0.37670695647609165
2022-04-30,CPIAUCSL,2022-04,fixed_horizon_90d,3.9766089853127795,2022-05-11,2022-07-29,2022-07-28,1.0,available,0.0
2022-04-30,CPILFESL,2022-04,fixed_horizon_90d,6.81139682554921,2022-05-11,2022-07-29,2022-07-28,1.0,available,0.0
2022-04-30,GDPC1,2022Q2,fixed_horizon_90d,-0.5773247479154975,2022-07-28,2022-09-28,2022-09-15,13.0,available,0.3612490252493217
2022-04-30,PAYEMS,2022-04,fixed_horizon_90d,368.0,2022-05-06,2022-07-29,2022-07-27,2.0,available,-60.0
2022-04-30,PCEPI,2022-04,fixed_horizon_90d,2.614164386045914,2022-05-27,2022-07-29,2022-07-29,0.0,available,-0.346880578846509
2022-04-30,PCEPILFE,2022-04,fixed_horizon_90d,3.8288876417798434,2022-05-27,2022-07-29,2022-07-29,0.0,available,-0.29628604107969636
2022-04-30,UNRATE,2022-04,fixed_horizon_90d,3.6,2022-05-06,2022-07-29,2022-07-28,1.0,available,0.0
2022-05-31,CES0500000003,2022-05,fixed_horizon_90d,4.511283508687036,2022-06-03,2022-08-29,2022-08-25,4.0,available,0.7495249422413863
2022-05-31,CPIAUCSL,2022-05,fixed_horizon_90d,11.629068302840295,2022-06-10,2022-08-29,2022-08-25,4.0,available,0.0
2022-05-31,CPILFESL,2022-05,fixed_horizon_90d,7.5532558590385435,2022-06-10,2022-08-29,2022-08-25,4.0,available,0.0
2022-05-31,GDPC1,2022Q2,fixed_horizon_90d,-0.5773247479154975,2022-07-28,2022-09-28,2022-09-15,13.0,available,0.3612490252493217
2022-05-31,PAYEMS,2022-05,fixed_horizon_90d,386.0,2022-06-03,2022-08-29,2022-08-15,14.0,available,-4.0
2022-05-31,PCEPI,2022-05,fixed_horizon_90d,7.04184542763393,2022-06-30,2022-08-29,2022-08-26,3.0,available,0.011162719605195548
2022-05-31,PCEPILFE,2022-05,fixed_horizon_90d,4.248836501747988,2022-06-30,2022-08-29,2022-08-26,3.0,available,0.07919493716386228
2022-05-31,UNRATE,2022-05,fixed_horizon_90d,3.6,2022-06-03,2022-08-29,2022-08-25,4.0,available,0.0
2022-06-30,CES0500000003,2022-06,fixed_horizon_90d,4.868160834736912,2022-07-08,2022-09-28,2022-09-15,13.0,available,1.1216701237303894
2022-06-30,CPIAUCSL,2022-06,fixed_horizon_90d,15.762954114801175,2022-07-13,2022-09-28,2022-09-15,13.0,available,0.0
2022-06-30,CPILFESL,2022-06,fixed_horizon_90d,8.448102967942361,2022-07-13,2022-09-28,2022-09-15,13.0,available,0.0
2022-06-30,GDPC1,2022Q2,fixed_horizon_90d,-0.5773247479154975,2022-07-28,2022-09-28,2022-09-15,13.0,available,0.3612490252493217
2022-06-30,PAYEMS,2022-06,fixed_horizon_90d,293.0,2022-07-08,2022-09-28,2022-09-15,13.0,available,-79.0
2022-06-30,PCEPI,2022-06,fixed_horizon_90d,11.479782370259173,2022-07-29,2022-09-28,2022-09-15,13.0,available,0.11651524662319446
2022-06-30,PCEPILFE,2022-06,fixed_horizon_90d,7.282359745056155,2022-07-29,2022-09-28,2022-09-15,13.0,available,0.16561531960554987
2022-06-30,UNRATE,2022-06,fixed_horizon_90d,3.6,2022-07-08,2022-09-28,2022-09-15,13.0,available,0.0
2022-07-31,CES0500000003,2022-07,fixed_horizon_90d,5.964597554937967,2022-08-05,2022-10-29,2022-10-27,2.0,available,0.3736571725664106
2022-07-31,CPIAUCSL,2022-07,fixed_horizon_90d,-0.23162924492687864,2022-08-10,2022-10-29,2022-10-27,2.0,available,0.0
2022-07-31,CPILFESL,2022-07,fixed_horizon_90d,3.748801021791337,2022-08-10,2022-10-29,2022-10-27,2.0,available,0.0
2022-07-31,GDPC1,2022Q3,fixed_horizon_90d,2.8874279038973327,2022-10-27,2022-12-29,2022-12-15,14.0,available,0.35316033218606435
2022-07-31,PAYEMS,2022-07,fixed_horizon_90d,537.0,2022-08-05,2022-10-29,2022-10-26,3.0,available,9.0
2022-07-31,PCEPI,2022-07,fixed_horizon_90d,-1.419324690127155,2022-08-26,2022-10-29,2022-10-28,1.0,available,-0.6203769332305598
2022-07-31,PCEPILFE,2022-07,fixed_horizon_90d,0.564536417332917,2022-08-26,2022-10-29,2022-10-28,1.0,available,-0.4499163426000763
2022-07-31,UNRATE,2022-07,fixed_horizon_90d,3.5,2022-08-05,2022-10-29,2022-10-27,2.0,available,0.0
2022-08-31,CES0500000003,2022-08,fixed_horizon_90d,3.34210335170404,2022-09-02,2022-11-29,2022-11-15,14.0,available,-0.3719200401695488
2022-08-31,CPIAUCSL,2022-08,fixed_horizon_90d,1.4175204858403845,2022-09-13,2022-11-29,2022-11-15,14.0,available,0.0
2022-08-31,CPILFESL,2022-08,fixed_horizon_90d,6.7879787567498795,2022-09-13,2022-11-29,2022-11-15,14.0,available,0.0
2022-08-31,GDPC1,2022Q3,fixed_horizon_90d,2.8874279038973327,2022-10-27,2022-12-29,2022-12-15,14.0,available,0.35316033218606435
2022-08-31,PAYEMS,2022-08,fixed_horizon_90d,292.0,2022-09-02,2022-11-29,2022-11-15,14.0,available,-23.0
2022-08-31,PCEPI,2022-08,fixed_horizon_90d,3.147466346878147,2022-09-30,2022-11-29,2022-11-15,14.0,available,-0.2715330925546766
2022-08-31,PCEPILFE,2022-08,fixed_horizon_90d,6.473151455217874,2022-09-30,2022-11-29,2022-11-15,14.0,available,-0.2518929336048359
2022-08-31,UNRATE,2022-08,fixed_horizon_90d,3.7,2022-09-02,2022-11-29,2022-11-15,14.0,available,0.0
2022-09-30,CES0500000003,2022-09,fixed_horizon_90d,4.811108988862145,2022-10-07,2022-12-29,2022-12-22,7.0,available,1.108545113476822
2022-09-30,CPIAUCSL,2022-09,fixed_horizon_90d,4.622706309719149,2022-10-13,2022-12-29,2022-12-22,7.0,available,0.0
2022-09-30,CPILFESL,2022-09,fixed_horizon_90d,6.890433800704798,2022-10-13,2022-12-29,2022-12-22,7.0,available,0.0
2022-09-30,GDPC1,2022Q3,fixed_horizon_90d,2.8874279038973327,2022-10-27,2022-12-29,2022-12-15,14.0,available,0.35316033218606435
2022-09-30,PAYEMS,2022-09,fixed_horizon_90d,269.0,2022-10-07,2022-12-29,2022-12-15,14.0,available,6.0
2022-09-30,PCEPI,2022-09,fixed_horizon_90d,4.124547189939065,2022-10-28,2022-12-29,2022-12-23,6.0,available,0.13409991485460182
2022-09-30,PCEPILFE,2022-09,fixed_horizon_90d,5.559900228438508,2022-10-28,2022-12-29,2022-12-23,6.0,available,0.16164145169774713
2022-09-30,UNRATE,2022-09,fixed_horizon_90d,3.5,2022-10-07,2022-12-29,2022-12-22,7.0,available,0.0
2022-10-31,CES0500000003,2022-10,fixed_horizon_90d,4.055926429983181,2022-11-04,2023-01-29,2023-01-26,3.0,available,-0.37212287496171115
2022-10-31,CPIAUCSL,2022-10,fixed_horizon_90d,5.249301017382635,2022-11-10,2023-01-29,2023-01-26,3.0,available,0.0
2022-10-31,CPILFESL,2022-10,fixed_horizon_90d,3.2541386297985753,2022-11-10,2023-01-29,2023-01-26,3.0,available,0.0
2022-10-31,GDPC1,2022Q4,fixed_horizon_90d,2.5415004259201623,2023-01-26,2023-03-31,2023-03-31,0.0,available,-0.3090594538946334
2022-10-31,PAYEMS,2022-10,fixed_horizon_90d,263.0,2022-11-04,2023-01-29,2023-01-25,4.0,available,2.0
2022-10-31,PCEPI,2022-10,fixed_horizon_90d,4.524539380601311,2022-12-01,2023-01-29,2023-01-27,2.0,available,0.5098020783677271
2022-10-31,PCEPILFE,2022-10,fixed_horizon_90d,3.1545810057647117,2022-12-01,2023-01-29,2023-01-27,2.0,available,0.5279067156408246
2022-10-31,UNRATE,2022-10,fixed_horizon_90d,3.7,2022-11-04,2023-01-29,2023-01-26,3.0,available,0.0
2022-11-30,CES0500000003,2022-11,fixed_horizon_90d,5.132913417334883,2022-12-02,2023-02-28,2023-02-28,0.0,available,-1.4665532619112298
2022-11-30,CPIAUCSL,2022-11,fixed_horizon_90d,2.4579909194955007,2022-12-13,2023-02-28,2023-02-28,0.0,available,1.3030825540109703
2022-11-30,CPILFESL,2022-11,fixed_horizon_90d,3.714516453402794,2022-12-13,2023-02-28,2023-02-28,0.0,available,1.332677686449557
2022-11-30,GDPC1,2022Q4,fixed_horizon_90d,2.5415004259201623,2023-01-26,2023-03-31,2023-03-31,0.0,available,-0.3090594538946334
2022-11-30,PAYEMS,2022-11,fixed_horizon_90d,290.0,2022-12-02,2023-02-28,2023-02-28,0.0,available,27.0
2022-11-30,PCEPI,2022-11,fixed_horizon_90d,1.9908716230830237,2022-12-23,2023-02-28,2023-02-28,0.0,available,0.7396885001575981
2022-11-30,PCEPILFE,2022-11,fixed_horizon_90d,2.5990539441497873,2022-12-23,2023-02-28,2023-02-28,0.0,available,0.583666148164852
2022-11-30,UNRATE,2022-11,fixed_horizon_90d,3.6,2022-12-02,2023-02-28,2023-02-28,0.0,available,-0.10000000000000009
2022-12-31,CES0500000003,2022-12,fixed_horizon_90d,4.382232502525696,2023-01-06,2023-03-31,2023-03-31,0.0,available,1.0870359238991156
2022-12-31,CPIAUCSL,2022-12,fixed_horizon_90d,1.5743290275928246,2023-01-12,2023-03-31,2023-03-31,0.0,available,2.527953874706057
2022-12-31,CPILFESL,2022-12,fixed_horizon_90d,4.782289148188212,2023-01-12,2023-03-31,2023-03-31,0.0,available,1.1565709633167387
2022-12-31,GDPC1,2022Q4,fixed_horizon_90d,2.5415004259201623,2023-01-26,2023-03-31,2023-03-31,0.0,available,-0.3090594538946334
2022-12-31,PAYEMS,2022-12,fixed_horizon_90d,239.0,2023-01-06,2023-03-31,2023-03-31,0.0,available,16.0
2022-12-31,PCEPI,2022-12,fixed_horizon_90d,2.4189105498916064,2023-01-27,2023-03-31,2023-03-31,0.0,available,1.7937928252887758
2022-12-31,PCEPILFE,2022-12,fixed_horizon_90d,4.4840564798118265,2023-01-27,2023-03-31,2023-03-31,0.0,available,0.9314774293105899
2022-12-31,UNRATE,2022-12,fixed_horizon_90d,3.5,2023-01-06,2023-03-31,2023-03-31,0.0,available,0.0
2023-01-31,CES0500000003,2023-01,fixed_horizon_90d,3.6396752197353166,2023-02-03,2023-05-01,2023-05-01,0.0,available,0.0011036024249122534
2023-01-31,CPIAUCSL,2023-01,fixed_horizon_90d,6.188902940652952,2023-02-14,2023-05-01,2023-05-01,0.0,available,0.0
2023-01-31,CPILFESL,2023-01,fixed_horizon_90d,4.93378299037488,2023-02-14,2023-05-01,2023-05-01,0.0,available,0.0
2023-01-31,GDPC1,2023Q1,fixed_horizon_90d,1.26539195235722,2023-04-27,2023-06-29,2023-06-15,14.0,available,0.2087034739552962
2023-01-31,PAYEMS,2023-01,fixed_horizon_90d,472.0,2023-02-03,2023-05-01,2023-05-01,0.0,available,-45.0
2023-01-31,PCEPI,2023-01,fixed_horizon_90d,7.237144454760269,2023-02-24,2023-05-01,2023-05-01,0.0,available,-0.17255867909398148
2023-01-31,PCEPILFE,2023-01,fixed_horizon_90d,6.690078590124671,2023-02-24,2023-05-01,2023-05-01,0.0,available,-0.1433710261274257
2023-01-31,UNRATE,2023-01,fixed_horizon_90d,3.4,2023-02-03,2023-05-01,2023-05-01,0.0,available,0.0
2023-02-28,CES0500000003,2023-02,fixed_horizon_90d,3.2662956806072785,2023-03-10,2023-05-29,2023-05-25,4.0,available,0.3616043985038786
2023-02-28,CPIAUCSL,2023-02,fixed_horizon_90d,4.431873038008405,2023-03-14,2023-05-29,2023-05-25,4.0,available,0.0
2023-02-28,CPILFESL,2023-02,fixed_horizon_90d,5.410937819915063,2023-03-14,2023-05-29,2023-05-25,4.0,available,0.0
2023-02-28,GDPC1,2023Q1,fixed_horizon_90d,1.26539195235722,2023-04-27,2023-06-29,2023-06-15,14.0,available,0.2087034739552962
2023-02-28,PAYEMS,2023-02,fixed_horizon_90d,248.0,2023-03-10,2023-05-29,2023-05-15,14.0,available,-63.0
2023-02-28,PCEPI,2023-02,fixed_horizon_90d,3.6738607376371135,2023-03-31,2023-05-29,2023-05-26,3.0,available,0.5220658078055607
2023-02-28,PCEPILFE,2023-02,fixed_horizon_90d,4.225456557210805,2023-03-31,2023-05-29,2023-05-26,3.0,available,0.6326820752740048
2023-02-28,UNRATE,2023-02,fixed_horizon_90d,3.6,2023-03-10,2023-05-29,2023-05-25,4.0,available,0.0
2023-03-31,CES0500000003,2023-03,fixed_horizon_90d,3.257429235946141,2023-04-07,2023-06-29,2023-06-29,0.0,available,-0.0019661585868746556
2023-03-31,CPIAUCSL,2023-03,fixed_horizon_90d,0.6363347269697783,2023-04-12,2023-06-29,2023-06-29,0.0,available,0.0
2023-03-31,CPILFESL,2023-03,fixed_horizon_90d,4.608497236569065,2023-04-12,2023-06-29,2023-06-29,0.0,available,0.0
2023-03-31,GDPC1,2023Q1,fixed_horizon_90d,1.26539195235722,2023-04-27,2023-06-29,2023-06-15,14.0,available,0.2087034739552962
2023-03-31,PAYEMS,2023-03,fixed_horizon_90d,217.0,2023-04-07,2023-06-29,2023-06-15,14.0,available,-19.0
2023-03-31,PCEPI,2023-03,fixed_horizon_90d,1.225289509841332,2023-04-28,2023-06-29,2023-06-29,0.0,available,0.3133559611043779
2023-03-31,PCEPILFE,2023-03,fixed_horizon_90d,3.720464732953843,2023-04-28,2023-06-29,2023-06-29,0.0,available,0.3584302041101495
2023-03-31,UNRATE,2023-03,fixed_horizon_90d,3.5,2023-04-07,2023-06-29,2023-06-29,0.0,available,0.0
2023-04-30,CES0500000003,2023-04,fixed_horizon_90d,5.049601680246063,2023-05-05,2023-07-29,2023-07-27,2.0,available,-0.7196402014772119
2023-04-30,CPIAUCSL,2023-04,fixed_horizon_90d,4.40530586061918,2023-05-10,2023-07-29,2023-07-27,2.0,available,0.0
2023-04-30,CPILFESL,2023-04,fixed_horizon_90d,4.900215888791237,2023-05-10,2023-07-29,2023-07-27,2.0,available,0.0
2023-04-30,GDPC1,2023Q2,fixed_horizon_90d,2.0400136897187338,2023-07-27,2023-09-28,2023-09-15,13.0,available,-0.3455898277650249
2023-04-30,PAYEMS,2023-04,fixed_horizon_90d,217.0,2023-05-05,2023-07-29,2023-07-26,3.0,available,-36.0
2023-04-30,PCEPI,2023-04,fixed_horizon_90d,4.066370661938734,2023-05-26,2023-07-29,2023-07-28,1.0,available,-0.2927218817951882
2023-04-30,PCEPILFE,2023-04,fixed_horizon_90d,4.207706665616939,2023-05-26,2023-07-29,2023-07-28,1.0,available,-0.34687847582794973
2023-04-30,UNRATE,2023-04,fixed_horizon_90d,3.4,2023-05-05,2023-07-29,2023-07-27,2.0,available,0.0
2023-05-31,CES0500000003,2023-05,fixed_horizon_90d,3.952691101907213,2023-06-02,2023-08-29,2023-08-15,14.0,available,-0.0011839743159214322
2023-05-31,CPIAUCSL,2023-05,fixed_horizon_90d,1.4885883415676204,2023-06-13,2023-08-29,2023-08-15,14.0,available,0.0
2023-05-31,CPILFESL,2023-05,fixed_horizon_90d,5.215590495030398,2023-06-13,2023-08-29,2023-08-15,14.0,available,0.0
2023-05-31,GDPC1,2023Q2,fixed_horizon_90d,2.0400136897187338,2023-07-27,2023-09-28,2023-09-15,13.0,available,-0.3455898277650249
2023-05-31,PAYEMS,2023-05,fixed_horizon_90d,281.0,2023-06-02,2023-08-29,2023-08-15,14.0,available,-58.0
2023-05-31,PCEPI,2023-05,fixed_horizon_90d,1.503623313754332,2023-06-30,2023-08-29,2023-08-15,14.0,available,-0.037438386867449935
2023-05-31,PCEPILFE,2023-05,fixed_horizon_90d,3.7059798105499198,2023-06-30,2023-08-29,2023-08-15,14.0,available,-0.06451125079998121
2023-05-31,UNRATE,2023-05,fixed_horizon_90d,3.7,2023-06-02,2023-08-29,2023-08-15,14.0,available,0.0
2023-06-30,CES0500000003,2023-06,fixed_horizon_90d,5.369136473905378,2023-07-07,2023-09-28,2023-09-28,0.0,available,1.0731891650454628
2023-06-30,CPIAUCSL,2023-06,fixed_horizon_90d,2.1622873911194773,2023-07-12,2023-09-28,2023-09-28,0.0,available,0.0
2023-06-30,CPILFESL,2023-06,fixed_horizon_90d,1.8892028838219943,2023-07-12,2023-09-28,2023-09-28,0.0,available,0.0
2023-06-30,GDPC1,2023Q2,fixed_horizon_90d,2.0400136897187338,2023-07-27,2023-09-28,2023-09-15,13.0,available,-0.3455898277650249
2023-06-30,PAYEMS,2023-06,fixed_horizon_90d,105.0,2023-07-07,2023-09-28,2023-09-15,13.0,available,-104.0
2023-06-30,PCEPI,2023-06,fixed_horizon_90d,2.4558429276151372,2023-07-28,2023-09-28,2023-09-28,0.0,available,0.5199854779057489
2023-06-30,PCEPILFE,2023-06,fixed_horizon_90d,2.5560710477023463,2023-07-28,2023-09-28,2023-09-28,0.0,available,0.5717486112192915
2023-06-30,UNRATE,2023-06,fixed_horizon_90d,3.6,2023-07-07,2023-09-28,2023-09-28,0.0,available,0.0
2023-07-31,CES0500000003,2023-07,fixed_horizon_90d,4.633898525279889,2023-08-04,2023-10-29,2023-10-26,3.0,available,-0.35571365311639624
2023-07-31,CPIAUCSL,2023-07,fixed_horizon_90d,2.000694326702046,2023-08-10,2023-10-29,2023-10-26,3.0,available,0.0
2023-07-31,CPILFESL,2023-07,fixed_horizon_90d,1.9134356114534512,2023-08-10,2023-10-29,2023-10-26,3.0,available,0.0
2023-07-31,GDPC1,2023Q3,fixed_horizon_90d,5.025851514512425,2023-10-26,2023-12-29,2023-12-15,14.0,available,0.26308765537876866
2023-07-31,PAYEMS,2023-07,fixed_horizon_90d,236.0,2023-08-04,2023-10-29,2023-10-25,4.0,available,49.0
2023-07-31,PCEPI,2023-07,fixed_horizon_90d,2.4928132873881736,2023-08-31,2023-10-29,2023-10-27,2.0,available,-0.061592493772977264
2023-07-31,PCEPILFE,2023-07,fixed_horizon_90d,2.5545619624168125,2023-08-31,2023-10-29,2023-10-27,2.0,available,-0.03340778883398343
2023-07-31,UNRATE,2023-07,fixed_horizon_90d,3.5,2023-08-04,2023-10-29,2023-10-26,3.0,available,0.0
2023-08-31,CES0500000003,2023-08,fixed_horizon_90d,3.197633276250933,2023-09-01,2023-11-29,2023-11-29,0.0,available,0.35571365311639624
2023-08-31,CPIAUCSL,2023-08,fixed_horizon_90d,7.550420656922796,2023-09-13,2023-11-29,2023-11-29,0.0,available,0.0
2023-08-31,CPILFESL,2023-08,fixed_horizon_90d,3.337313093337002,2023-09-13,2023-11-29,2023-11-29,0.0,available,0.0
2023-08-31,GDPC1,2023Q3,fixed_horizon_90d,5.025851514512425,2023-10-26,2023-12-29,2023-12-15,14.0,available,0.26308765537876866
2023-08-31,PAYEMS,2023-08,fixed_horizon_90d,165.0,2023-09-01,2023-11-29,2023-11-15,14.0,available,-22.0
2023-08-31,PCEPI,2023-08,fixed_horizon_90d,4.4343596949602215,2023-09-29,2023-11-29,2023-11-29,0.0,available,-0.28749239076510946
2023-08-31,PCEPILFE,2023-08,fixed_horizon_90d,1.4057049794676146,2023-09-29,2023-11-29,2023-11-29,0.0,available,-0.3310178872649061
2023-08-31,UNRATE,2023-08,fixed_horizon_90d,3.8,2023-09-01,2023-11-29,2023-11-29,0.0,available,0.0
2023-09-30,CES0500000003,2023-09,fixed_horizon_90d,3.1891352005352758,2023-10-06,2023-12-29,2023-12-21,8.0,available,0.7072315236644755
2023-09-30,CPIAUCSL,2023-09,fixed_horizon_90d,4.7393951626556685,2023-10-12,2023-12-29,2023-12-21,8.0,available,0.0
2023-09-30,CPILFESL,2023-09,fixed_horizon_90d,3.8689617311792546,2023-10-12,2023-12-29,2023-12-21,8.0,available,0.0
2023-09-30,GDPC1,2023Q3,fixed_horizon_90d,5.025851514512425,2023-10-26,2023-12-29,2023-12-15,14.0,available,0.26308765537876866
2023-09-30,PAYEMS,2023-09,fixed_horizon_90d,262.0,2023-10-06,2023-12-29,2023-12-15,14.0,available,-74.0
2023-09-30,PCEPI,2023-09,fixed_horizon_90d,4.600327854912578,2023-10-27,2023-12-29,2023-12-22,7.0,available,0.3306186881207651
2023-09-30,PCEPILFE,2023-09,fixed_horizon_90d,3.9416478180896775,2023-10-27,2023-12-29,2023-12-22,7.0,available,0.36453566412184557
2023-09-30,UNRATE,2023-09,fixed_horizon_90d,3.8,2023-10-06,2023-12-29,2023-12-21,8.0,available,0.0
2023-10-31,CES0500000003,2023-10,fixed_horizon_90d,3.180682174337335,2023-11-03,2024-01-29,2024-01-25,4.0,available,0.7075471903098318
2023-10-31,CPIAUCSL,2023-10,fixed_horizon_90d,0.5384490417121413,2023-11-14,2024-01-29,2024-01-25,4.0,available,0.0
2023-10-31,CPILFESL,2023-10,fixed_horizon_90d,2.7162863311584573,2023-11-14,2024-01-29,2024-01-25,4.0,available,0.0
2023-10-31,GDPC1,2023Q4,fixed_horizon_90d,3.1584800296329263,2024-01-25,2024-03-30,2024-03-15,15.0,available,-0.06833422873597783
2023-10-31,PAYEMS,2023-10,fixed_horizon_90d,105.0,2023-11-03,2024-01-29,2024-01-24,5.0,available,-45.0
2023-10-31,PCEPI,2023-10,fixed_horizon_90d,0.3166148612972819,2023-11-30,2024-01-29,2024-01-26,3.0,available,-0.2766857976514103
2023-10-31,PCEPILFE,2023-10,fixed_horizon_90d,1.681036914169809,2023-11-30,2024-01-29,2024-01-26,3.0,available,-0.27881653249330896
2023-10-31,UNRATE,2023-10,fixed_horizon_90d,3.8,2023-11-03,2024-01-29,2024-01-25,4.0,available,-0.10000000000000009
2023-11-30,CES0500000003,2023-11,fixed_horizon_90d,4.566081903147534,2023-12-08,2024-02-28,2024-02-28,0.0,available,0.3357602483255562
2023-11-30,CPIAUCSL,2023-11,fixed_horizon_90d,1.9221682107797733,2023-12-12,2024-02-28,2024-02-28,0.0,available,0.7602539508887673
2023-11-30,CPILFESL,2023-11,fixed_horizon_90d,3.690007861616351,2023-12-12,2024-02-28,2024-02-28,0.0,available,0.28021492697618555
2023-11-30,GDPC1,2023Q4,fixed_horizon_90d,3.1584800296329263,2024-01-25,2024-03-30,2024-03-15,15.0,available,-0.06833422873597783
2023-11-30,PAYEMS,2023-11,fixed_horizon_90d,182.0,2023-12-08,2024-02-28,2024-02-15,13.0,available,-17.0
2023-11-30,PCEPI,2023-11,fixed_horizon_90d,-0.8015933201743763,2023-12-22,2024-02-28,2024-02-28,0.0,available,0.05932758872333466
2023-11-30,PCEPILFE,2023-11,fixed_horizon_90d,0.7796816574298759,2023-12-22,2024-02-28,2024-02-28,0.0,available,0.08000232396021545
2023-11-30,UNRATE,2023-11,fixed_horizon_90d,3.7,2023-12-08,2024-02-28,2024-02-28,0.0,available,0.0
2023-12-31,CES0500000003,2023-12,fixed_horizon_90d,3.850083512682545,2024-01-05,2024-03-30,2024-03-28,2.0,available,-1.4138524029645438
2023-12-31,CPIAUCSL,2023-12,fixed_horizon_90d,2.793929591507549,2024-01-11,2024-03-30,2024-03-28,2.0,available,-0.8366176135492509
2023-12-31,CPILFESL,2023-12,fixed_horizon_90d,3.2994563259062915,2024-01-11,2024-03-30,2024-03-28,2.0,available,-0.4033798551450474
2023-12-31,GDPC1,2023Q4,fixed_horizon_90d,3.1584800296329263,2024-01-25,2024-03-30,2024-03-15,15.0,available,-0.06833422873597783
2023-12-31,PAYEMS,2023-12,fixed_horizon_90d,290.0,2024-01-05,2024-03-30,2024-03-15,15.0,available,74.0
2023-12-31,PCEPI,2023-12,fixed_horizon_90d,1.5028179797596408,2024-01-26,2024-03-30,2024-03-29,1.0,available,-0.5051037215046961
2023-12-31,PCEPILFE,2023-12,fixed_horizon_90d,1.8267502602288488,2024-01-26,2024-03-30,2024-03-29,1.0,available,-0.22997662043842126
2023-12-31,UNRATE,2023-12,fixed_horizon_90d,3.7,2024-01-05,2024-03-30,2024-03-28,2.0,available,0.0
2024-01-31,CES0500000003,2024-01,fixed_horizon_90d,5.925937968699024,2024-02-02,2024-04-30,2024-04-30,0.0,available,-0.6914057484499025
2024-01-31,CPIAUCSL,2024-01,fixed_horizon_90d,3.6596101950234328,2024-02-13,2024-04-30,2024-04-30,0.0,available,0.0
2024-01-31,CPILFESL,2024-01,fixed_horizon_90d,4.699462866511794,2024-02-13,2024-04-30,2024-04-30,0.0,available,0.0
2024-01-31,GDPC1,2024Q1,fixed_horizon_90d,1.243098459104175,2024-04-25,2024-06-29,2024-06-15,14.0,available,-0.3342801282599339
2024-01-31,PAYEMS,2024-01,fixed_horizon_90d,256.0,2024-02-02,2024-04-30,2024-04-30,0.0,available,-97.0
2024-01-31,PCEPI,2024-01,fixed_horizon_90d,5.0679998093585255,2024-02-29,2024-04-30,2024-04-30,0.0,available,0.9351835133102782
2024-01-31,PCEPILFE,2024-01,fixed_horizon_90d,6.00961399290405,2024-02-29,2024-04-30,2024-04-30,0.0,available,1.0327492469656363
2024-01-31,UNRATE,2024-01,fixed_horizon_90d,3.7,2024-02-02,2024-04-30,2024-04-30,0.0,available,0.0
2024-02-29,CES0500000003,2024-02,fixed_horizon_90d,1.7373681911317718,2024-03-08,2024-05-29,2024-05-15,14.0,available,0.0005029291644476075
2024-02-29,CPIAUCSL,2024-02,fixed_horizon_90d,5.293054451242085,2024-03-12,2024-05-29,2024-05-15,14.0,available,0.0
2024-02-29,CPILFESL,2024-02,fixed_horizon_90d,4.293317468662039,2024-03-12,2024-05-29,2024-05-15,14.0,available,0.0
2024-02-29,GDPC1,2024Q1,fixed_horizon_90d,1.243098459104175,2024-04-25,2024-06-29,2024-06-15,14.0,available,-0.3342801282599339
2024-02-29,PAYEMS,2024-02,fixed_horizon_90d,236.0,2024-03-08,2024-05-29,2024-05-15,14.0,available,-39.0
2024-02-29,PCEPI,2024-02,fixed_horizon_90d,4.046890090475586,2024-03-29,2024-05-29,2024-05-15,14.0,available,0.05700851883361224
2024-02-29,PCEPILFE,2024-02,fixed_horizon_90d,3.191543964394583,2024-03-29,2024-05-29,2024-05-15,14.0,available,0.057839174615637035
2024-02-29,UNRATE,2024-02,fixed_horizon_90d,3.9,2024-03-08,2024-05-29,2024-05-15,14.0,available,0.0
2024-03-31,CES0500000003,2024-03,fixed_horizon_90d,4.505420454963982,2024-04-05,2024-06-29,2024-06-27,2.0,available,0.3471719972138132
2024-03-31,CPIAUCSL,2024-03,fixed_horizon_90d,4.52827819934285,2024-04-10,2024-06-29,2024-06-27,2.0,available,0.0
2024-03-31,CPILFESL,2024-03,fixed_horizon_90d,4.300746541576217,2024-04-10,2024-06-29,2024-06-27,2.0,available,0.0
2024-03-31,GDPC1,2024Q1,fixed_horizon_90d,1.243098459104175,2024-04-25,2024-06-29,2024-06-15,14.0,available,-0.3342801282599339
2024-03-31,PAYEMS,2024-03,fixed_horizon_90d,310.0,2024-04-05,2024-06-29,2024-06-15,14.0,available,7.0
2024-03-31,PCEPI,2024-03,fixed_horizon_90d,4.062839136302543,2024-04-26,2024-06-29,2024-06-28,1.0,available,0.19570517599021287
2024-03-31,PCEPILFE,2024-03,fixed_horizon_90d,4.002424928212989,2024-04-26,2024-06-29,2024-06-28,1.0,available,0.20742411243652725
2024-03-31,UNRATE,2024-03,fixed_horizon_90d,3.8,2024-04-05,2024-06-29,2024-06-27,2.0,available,0.0
2024-04-30,CES0500000003,2024-04,fixed_horizon_90d,2.0737332349712645,2024-05-03,2024-07-29,2024-07-25,4.0,available,-0.34597088318104596
2024-04-30,CPIAUCSL,2024-04,fixed_horizon_90d,3.7490617076503696,2024-05-15,2024-07-29,2024-07-25,4.0,available,0.0
2024-04-30,CPILFESL,2024-04,fixed_horizon_90d,3.496029714526827,2024-05-15,2024-07-29,2024-07-25,4.0,available,0.0
2024-04-30,GDPC1,2024Q2,fixed_horizon_90d,2.9089069606506257,2024-07-25,2024-09-28,2024-09-15,13.0,available,0.10686769397310059
2024-04-30,PAYEMS,2024-04,fixed_horizon_90d,108.0,2024-05-03,2024-07-29,2024-07-24,5.0,available,-67.0
2024-04-30,PCEPI,2024-04,fixed_horizon_90d,3.1916599739144402,2024-05-31,2024-07-29,2024-07-26,3.0,available,0.11644992115549258
2024-04-30,PCEPILFE,2024-04,fixed_horizon_90d,3.1333154071568003,2024-05-31,2024-07-29,2024-07-26,3.0,available,0.14705018616538723
2024-04-30,UNRATE,2024-04,fixed_horizon_90d,3.9,2024-05-03,2024-07-29,2024-07-25,4.0,available,0.0
2024-05-31,CES0500000003,2024-05,fixed_horizon_90d,4.480832435973525,2024-06-07,2024-08-29,2024-08-29,0.0,available,-0.34121768063588576
2024-05-31,CPIAUCSL,2024-05,fixed_horizon_90d,0.06896199429853311,2024-06-12,2024-08-29,2024-08-29,0.0,available,0.0
2024-05-31,CPILFESL,2024-05,fixed_horizon_90d,1.9554491698148269,2024-06-12,2024-08-29,2024-08-29,0.0,available,0.0
2024-05-31,GDPC1,2024Q2,fixed_horizon_90d,2.9089069606506257,2024-07-25,2024-09-28,2024-09-15,13.0,available,0.10686769397310059
2024-05-31,PAYEMS,2024-05,fixed_horizon_90d,216.0,2024-06-07,2024-08-29,2024-08-15,14.0,available,-56.0
2024-05-31,PCEPI,2024-05,fixed_horizon_90d,0.3606018179045378,2024-06-28,2024-08-29,2024-08-29,0.0,available,0.4580827482509875
2024-05-31,PCEPILFE,2024-05,fixed_horizon_90d,1.5242842626623343,2024-06-28,2024-08-29,2024-08-29,0.0,available,0.5307967945967107
2024-05-31,UNRATE,2024-05,fixed_horizon_90d,4.0,2024-06-07,2024-08-29,2024-08-29,0.0,available,0.0
2024-06-30,CES0500000003,2024-06,fixed_horizon_90d,3.7784488065812027,2024-07-05,2024-09-28,2024-09-26,2.0,available,0.3449700693428426
2024-06-30,CPIAUCSL,2024-06,fixed_horizon_90d,-0.6744651879536434,2024-07-11,2024-09-28,2024-09-26,2.0,available,0.0
2024-06-30,CPILFESL,2024-06,fixed_horizon_90d,0.7767649520374675,2024-07-11,2024-09-28,2024-09-26,2.0,available,0.0
2024-06-30,GDPC1,2024Q2,fixed_horizon_90d,2.9089069606506257,2024-07-25,2024-09-28,2024-09-15,13.0,available,0.10686769397310059
2024-06-30,PAYEMS,2024-06,fixed_horizon_90d,118.0,2024-07-05,2024-09-28,2024-09-15,13.0,available,-88.0
2024-06-30,PCEPI,2024-06,fixed_horizon_90d,1.4112324360720407,2024-07-26,2024-09-28,2024-09-27,1.0,available,0.4663850117665902
2024-06-30,PCEPILFE,2024-06,fixed_horizon_90d,2.657417459522904,2024-07-26,2024-09-28,2024-09-27,1.0,available,0.47761602061804354
2024-06-30,UNRATE,2024-06,fixed_horizon_90d,4.1,2024-07-05,2024-09-28,2024-09-26,2.0,available,0.0
2024-07-31,CES0500000003,2024-07,fixed_horizon_90d,2.7405093269878833,2024-08-02,2024-10-29,2024-10-15,14.0,available,0.0
2024-07-31,CPIAUCSL,2024-07,fixed_horizon_90d,1.8576952015390447,2024-08-14,2024-10-29,2024-10-29,0.0,available,0.0
2024-07-31,CPILFESL,2024-07,fixed_horizon_90d,1.9811120946506833,2024-08-14,2024-10-29,2024-10-15,14.0,available,0.0
2024-07-31,GDPC1,2024Q3,fixed_horizon_90d,2.7946866354760402,2024-10-30,2024-12-29,2024-12-15,14.0,available,0.008295387458900905
2024-07-31,PAYEMS,2024-07,fixed_horizon_90d,144.0,2024-08-02,2024-10-29,2024-10-29,0.0,available,30.0
2024-07-31,PCEPI,2024-07,fixed_horizon_90d,1.8369805188594768,2024-08-30,2024-10-29,2024-10-15,14.0,available,-0.022164500470722714
2024-07-31,PCEPILFE,2024-07,fixed_horizon_90d,1.8889703875725417,2024-08-30,2024-10-29,2024-10-15,14.0,available,-0.04302605788346625
2024-07-31,UNRATE,2024-07,fixed_horizon_90d,4.3,2024-08-02,2024-10-29,2024-10-29,0.0,available,0.0
2024-08-31,CES0500000003,2024-08,fixed_horizon_90d,5.1216466991679255,2024-09-06,2024-11-29,2024-11-26,3.0,available,0.3407638813182956
2024-08-31,CPIAUCSL,2024-08,fixed_horizon_90d,2.244545826505373,2024-09-11,2024-11-29,2024-11-26,3.0,available,0.0
2024-08-31,CPILFESL,2024-08,fixed_horizon_90d,3.3671574140669236,2024-09-11,2024-11-29,2024-11-26,3.0,available,0.0
2024-08-31,GDPC1,2024Q3,fixed_horizon_90d,2.7946866354760402,2024-10-30,2024-12-29,2024-12-15,14.0,available,0.008295387458900905
2024-08-31,PAYEMS,2024-08,fixed_horizon_90d,78.0,2024-09-06,2024-11-29,2024-11-15,14.0,available,-64.0
2024-08-31,PCEPI,2024-08,fixed_horizon_90d,1.397651327561178,2024-09-27,2024-11-29,2024-11-27,2.0,available,0.3103957643212141
2024-08-31,PCEPILFE,2024-08,fixed_horizon_90d,1.8956578078828556,2024-09-27,2024-11-29,2024-11-27,2.0,available,0.3319231934032274
2024-08-31,UNRATE,2024-08,fixed_horizon_90d,4.2,2024-09-06,2024-11-29,2024-11-26,3.0,available,0.0
2024-09-30,CES0500000003,2024-09,fixed_horizon_90d,3.742029963592408,2024-10-04,2024-12-29,2024-12-19,10.0,available,-0.677864535963657
2024-09-30,CPIAUCSL,2024-09,fixed_horizon_90d,2.1564651235159715,2024-10-10,2024-12-29,2024-12-19,10.0,available,0.0
2024-09-30,CPILFESL,2024-09,fixed_horizon_90d,3.7431240197996374,2024-10-10,2024-12-29,2024-12-19,10.0,available,0.0
2024-09-30,GDPC1,2024Q3,fixed_horizon_90d,2.7946866354760402,2024-10-30,2024-12-29,2024-12-15,14.0,available,0.008295387458900905
2024-09-30,PAYEMS,2024-09,fixed_horizon_90d,255.0,2024-10-04,2024-12-29,2024-12-15,14.0,available,1.0
2024-09-30,PCEPI,2024-09,fixed_horizon_90d,2.054380190537586,2024-10-31,2024-12-29,2024-12-20,9.0,available,-0.04864768949914833
2024-09-30,PCEPILFE,2024-09,fixed_horizon_90d,3.0029264939532396,2024-10-31,2024-12-29,2024-12-20,9.0,available,-0.03934513699270781
2024-09-30,UNRATE,2024-09,fixed_horizon_90d,4.1,2024-10-04,2024-12-29,2024-12-19,10.0,available,0.0
2024-10-31,CES0500000003,2024-10,fixed_horizon_90d,4.407407130009666,2024-11-01,2025-01-29,2025-01-15,14.0,available,0.0
2024-10-31,CPIAUCSL,2024-10,fixed_horizon_90d,2.9250657197465557,2024-11-13,2025-01-29,2025-01-29,0.0,available,0.0
2024-10-31,CPILFESL,2024-10,fixed_horizon_90d,3.3584847110301297,2024-11-13,2025-01-29,2025-01-15,14.0,available,0.0
2024-10-31,GDPC1,2024Q4,fixed_horizon_90d,2.4209192247873546,2025-01-30,2025-03-31,2025-03-31,0.0,available,0.19442036878274394
2024-10-31,PAYEMS,2024-10,fixed_horizon_90d,43.0,2024-11-01,2025-01-29,2025-01-29,0.0,available,31.0
2024-10-31,PCEPI,2024-10,fixed_horizon_90d,2.746594150434589,2024-11-27,2025-01-29,2025-01-15,14.0,available,-0.10643974949964274
2024-10-31,PCEPILFE,2024-10,fixed_horizon_90d,3.141121202265751,2024-11-27,2025-01-29,2025-01-15,14.0,available,-0.1264891900298437
2024-10-31,UNRATE,2024-10,fixed_horizon_90d,4.1,2024-11-01,2025-01-29,2025-01-29,0.0,available,0.0
2024-11-30,CES0500000003,2024-11,fixed_horizon_90d,4.388807817969287,2024-12-06,2025-02-28,2025-02-28,0.0,available,0.0
2024-11-30,CPIAUCSL,2024-11,fixed_horizon_90d,3.36069256210223,2024-12-11,2025-02-28,2025-02-28,0.0,available,-0.3880345625393744
2024-11-30,CPILFESL,2024-11,fixed_horizon_90d,3.4679144492983482,2024-12-11,2025-02-28,2025-02-28,0.0,available,-0.22340477327276176
2024-11-30,GDPC1,2024Q4,fixed_horizon_90d,2.4209192247873546,2025-01-30,2025-03-31,2025-03-31,0.0,available,0.19442036878274394
2024-11-30,PAYEMS,2024-11,fixed_horizon_90d,261.0,2024-12-06,2025-02-28,2025-02-28,0.0,available,34.0
2024-11-30,PCEPI,2024-11,fixed_horizon_90d,1.3028950479085921,2024-12-20,2025-02-28,2025-02-28,0.0,available,-0.232070266670803
2024-11-30,PCEPILFE,2024-11,fixed_horizon_90d,1.1935713103696344,2024-12-20,2025-02-28,2025-02-28,0.0,available,-0.18475737515473156
2024-11-30,UNRATE,2024-11,fixed_horizon_90d,4.2,2024-12-06,2025-02-28,2025-02-28,0.0,available,0.0
2024-12-31,CES0500000003,2024-12,fixed_horizon_90d,2.3565725065466836,2025-01-10,2025-03-31,2025-03-31,0.0,available,-1.0104330694144181
2024-12-31,CPIAUCSL,2024-12,fixed_horizon_90d,4.368100815309006,2025-01-15,2025-03-31,2025-03-31,0.0,available,-0.3401177879656103
2024-12-31,CPILFESL,2024-12,fixed_horizon_90d,2.5155021867959704,2025-01-15,2025-03-31,2025-03-31,0.0,available,-0.18154557103393643
2024-12-31,GDPC1,2024Q4,fixed_horizon_90d,2.4209192247873546,2025-01-30,2025-03-31,2025-03-31,0.0,available,0.19442036878274394
2024-12-31,PAYEMS,2024-12,fixed_horizon_90d,323.0,2025-01-10,2025-03-31,2025-03-31,0.0,available,67.0
2024-12-31,PCEPI,2024-12,fixed_horizon_90d,3.5638631473400295,2025-01-31,2025-03-31,2025-03-31,0.0,available,0.49993329563058353
2024-12-31,PCEPILFE,2024-12,fixed_horizon_90d,2.557975259668055,2025-01-31,2025-03-31,2025-03-31,0.0,available,0.6872080359997312
2024-12-31,UNRATE,2024-12,fixed_horizon_90d,4.1,2025-01-10,2025-03-31,2025-03-31,0.0,available,0.0
2025-01-31,CES0500000003,2025-01,fixed_horizon_90d,5.034268326064506,2025-02-07,2025-05-01,2025-05-01,0.0,available,-0.6664549842527734
2025-01-31,CPIAUCSL,2025-01,fixed_horizon_90d,5.590180506737141,2025-02-12,2025-05-01,2025-05-01,0.0,available,0.0
2025-01-31,CPILFESL,2025-01,fixed_horizon_90d,5.344164626782444,2025-02-12,2025-05-01,2025-05-01,0.0,available,0.0
2025-01-31,GDPC1,2025Q1,fixed_horizon_90d,-0.2430742318821899,2025-04-30,2025-06-29,2025-06-15,14.0,available,0.03335732557800952
2025-01-31,PAYEMS,2025-01,fixed_horizon_90d,111.0,2025-02-07,2025-05-01,2025-05-01,0.0,available,-32.0
2025-01-31,PCEPI,2025-01,fixed_horizon_90d,4.435205048899604,2025-02-28,2025-05-01,2025-05-01,0.0,available,0.5367283621016128
2025-01-31,PCEPILFE,2025-01,fixed_horizon_90d,4.039008877978034,2025-02-28,2025-05-01,2025-05-01,0.0,available,0.6272110780006557
2025-01-31,UNRATE,2025-01,fixed_horizon_90d,4.0,2025-02-07,2025-05-01,2025-05-01,0.0,available,0.0
2025-02-28,CES0500000003,2025-02,fixed_horizon_90d,2.342117012844902,2025-03-07,2025-05-29,2025-05-29,0.0,available,-1.0023667574328599
2025-02-28,CPIAUCSL,2025-02,fixed_horizon_90d,2.58835746917363,2025-03-12,2025-05-29,2025-05-29,0.0,available,0.0
2025-02-28,CPILFESL,2025-02,fixed_horizon_90d,2.7166452189845813,2025-03-12,2025-05-29,2025-05-29,0.0,available,0.0
2025-02-28,GDPC1,2025Q1,fixed_horizon_90d,-0.2430742318821899,2025-04-30,2025-06-29,2025-06-15,14.0,available,0.03335732557800952
2025-02-28,PAYEMS,2025-02,fixed_horizon_90d,102.0,2025-03-07,2025-05-29,2025-05-15,14.0,available,-49.0
2025-02-28,PCEPI,2025-02,fixed_horizon_90d,5.325502029869256,2025-03-28,2025-05-29,2025-05-29,0.0,available,1.3923116464063412
2025-02-28,PCEPILFE,2025-02,fixed_horizon_90d,5.956350059661375,2025-03-28,2025-05-29,2025-05-29,0.0,available,1.5831463144614588
2025-02-28,UNRATE,2025-02,fixed_horizon_90d,4.1,2025-03-07,2025-05-29,2025-05-29,0.0,available,0.0
2025-03-31,CES0500000003,2025-03,fixed_horizon_90d,4.004453104292338,2025-04-04,2025-06-29,2025-06-26,3.0,available,1.0006968425502194
2025-03-31,CPIAUCSL,2025-03,fixed_horizon_90d,-0.600572433123503,2025-04-10,2025-06-29,2025-06-26,3.0,available,0.0
2025-03-31,CPILFESL,2025-03,fixed_horizon_90d,0.6782014328148733,2025-04-10,2025-06-29,2025-06-26,3.0,available,0.0
2025-03-31,GDPC1,2025Q1,fixed_horizon_90d,-0.2430742318821899,2025-04-30,2025-06-29,2025-06-15,14.0,available,0.03335732557800952
2025-03-31,PAYEMS,2025-03,fixed_horizon_90d,120.0,2025-04-04,2025-06-29,2025-06-15,14.0,available,-108.0
2025-03-31,PCEPI,2025-03,fixed_horizon_90d,0.1812667208088925,2025-04-30,2025-06-29,2025-06-27,2.0,available,0.7156178746765107
2025-03-31,PCEPILFE,2025-03,fixed_horizon_90d,1.1418656930544557,2025-04-30,2025-06-29,2025-06-27,2.0,available,0.805958401273088
2025-03-31,UNRATE,2025-03,fixed_horizon_90d,4.2,2025-04-04,2025-06-29,2025-06-26,3.0,available,0.0
2025-04-30,CES0500000003,2025-04,fixed_horizon_90d,1.9972265359355035,2025-05-02,2025-07-29,2025-07-15,14.0,available,-0.0011086469379861796
2025-04-30,CPIAUCSL,2025-04,fixed_horizon_90d,2.6477658507008783,2025-05-13,2025-07-29,2025-07-29,0.0,available,0.0
2025-04-30,CPILFESL,2025-04,fixed_horizon_90d,2.837650784268675,2025-05-13,2025-07-29,2025-07-15,14.0,available,0.0
2025-04-30,GDPC1,2025Q2,fixed_horizon_90d,3.2372759003727936,2025-07-30,2025-09-28,2025-09-15,13.0,available,0.3122239171069907
2025-04-30,PAYEMS,2025-04,fixed_horizon_90d,158.0,2025-05-02,2025-07-29,2025-07-29,0.0,available,-19.0
2025-04-30,PCEPI,2025-04,fixed_horizon_90d,1.411035795997151,2025-05-30,2025-07-29,2025-07-15,14.0,available,0.20929030344305488
2025-04-30,PCEPILFE,2025-04,fixed_horizon_90d,1.6293541795434408,2025-05-30,2025-07-29,2025-07-15,14.0,available,0.239005757749311
2025-04-30,UNRATE,2025-04,fixed_horizon_90d,4.2,2025-05-02,2025-07-29,2025-07-29,0.0,available,0.0
2025-05-31,CES0500000003,2025-05,fixed_horizon_90d,4.978571655075115,2025-06-06,2025-08-29,2025-08-28,1.0,available,0.0013766309772123009
2025-05-31,CPIAUCSL,2025-05,fixed_horizon_90d,0.9698846371566816,2025-06-11,2025-08-29,2025-08-28,1.0,available,0.0
2025-05-31,CPILFESL,2025-05,fixed_horizon_90d,1.5576688590009269,2025-06-11,2025-08-29,2025-08-28,1.0,available,0.0
2025-05-31,GDPC1,2025Q2,fixed_horizon_90d,3.2372759003727936,2025-07-30,2025-09-28,2025-09-15,13.0,available,0.3122239171069907
2025-05-31,PAYEMS,2025-05,fixed_horizon_90d,19.0,2025-06-06,2025-08-29,2025-08-15,14.0,available,-120.0
2025-05-31,PCEPI,2025-05,fixed_horizon_90d,1.8560458034713179,2025-06-27,2025-08-29,2025-08-29,0.0,available,0.22779073018561746
2025-05-31,PCEPILFE,2025-05,fixed_horizon_90d,2.391315536192451,2025-06-27,2025-08-29,2025-08-29,0.0,available,0.24777429636664294
2025-05-31,UNRATE,2025-05,fixed_horizon_90d,4.2,2025-06-06,2025-08-29,2025-08-28,1.0,available,0.0
2025-06-30,CES0500000003,2025-06,fixed_horizon_90d,2.6468166231104817,2025-07-03,2025-09-28,2025-09-25,3.0,available,-0.0007299555349504772
2025-06-30,CPIAUCSL,2025-06,fixed_horizon_90d,3.4388261759264793,2025-07-15,2025-09-28,2025-09-25,3.0,available,0.0
2025-06-30,CPILFESL,2025-06,fixed_horizon_90d,2.7357167584597164,2025-07-15,2025-09-28,2025-09-25,3.0,available,0.0
2025-06-30,GDPC1,2025Q2,fixed_horizon_90d,3.2372759003727936,2025-07-30,2025-09-28,2025-09-15,13.0,available,0.3122239171069907
2025-06-30,PAYEMS,2025-06,fixed_horizon_90d,-13.0,2025-07-03,2025-09-28,2025-09-15,13.0,available,-160.0
2025-06-30,PCEPI,2025-06,fixed_horizon_90d,3.441807331761737,2025-07-31,2025-09-28,2025-09-26,2.0,available,0.0804605961079119
2025-06-30,PCEPILFE,2025-06,fixed_horizon_90d,3.1534965014330396,2025-07-31,2025-09-28,2025-09-26,2.0,available,0.08124446351835957
2025-06-30,UNRATE,2025-06,fixed_horizon_90d,4.1,2025-07-03,2025-09-28,2025-09-25,3.0,available,0.0
2025-07-31,CES0500000003,2025-07,fixed_horizon_90d,3.959310713073627,2025-08-01,2025-10-29,2025-10-23,6.0,available,0.001088322675713016
2025-07-31,CPIAUCSL,2025-07,fixed_horizon_90d,2.3566269040241394,2025-08-12,2025-10-29,2025-10-24,5.0,available,0.0
2025-07-31,CPILFESL,2025-07,fixed_horizon_90d,3.861910881482089,2025-08-12,2025-10-29,2025-10-24,5.0,available,0.0
2025-07-31,GDPC1,2025Q3,fixed_horizon_90d,4.2511297453771135,2025-12-23,2025-12-29,2025-12-23,6.0,available,0.0
2025-07-31,PAYEMS,2025-07,fixed_horizon_90d,79.0,2025-08-01,2025-10-29,2025-10-15,14.0,available,6.0
2025-07-31,PCEPI,2025-07,fixed_horizon_90d,1.9488202570915547,2025-08-29,2025-10-29,2025-10-23,6.0,available,-0.419763625483327
2025-07-31,PCEPILFE,2025-07,fixed_horizon_90d,2.8225356425213732,2025-08-29,2025-10-29,2025-10-23,6.0,available,-0.45155209536531515
2025-07-31,UNRATE,2025-07,fixed_horizon_90d,4.2,2025-08-01,2025-10-29,2025-10-23,6.0,available,0.0
2025-08-31,CES0500000003,2025-08,fixed_horizon_90d,4.930838330696652,2025-09-05,2025-11-29,2025-11-20,9.0,available,1.6413625866340098
2025-08-31,CPIAUCSL,2025-08,fixed_horizon_90d,4.580669113895652,2025-09-11,2025-11-29,2025-11-15,14.0,available,0.0
2025-08-31,CPILFESL,2025-08,fixed_horizon_90d,4.144288642307359,2025-09-11,2025-11-29,2025-11-15,14.0,available,0.0
2025-08-31,GDPC1,2025Q3,fixed_horizon_90d,4.2511297453771135,2025-12-23,2025-12-29,2025-12-23,6.0,available,0.0
2025-08-31,PAYEMS,2025-08,fixed_horizon_90d,-4.0,2025-09-05,2025-11-29,2025-11-20,9.0,available,-26.0
2025-08-31,PCEPI,2025-08,fixed_horizon_90d,3.171882869741438,2025-09-26,2025-11-29,2025-11-15,14.0,available,0.0
2025-08-31,PCEPILFE,2025-08,fixed_horizon_90d,2.7212078521923644,2025-09-26,2025-11-29,2025-11-15,14.0,available,0.0
2025-08-31,UNRATE,2025-08,fixed_horizon_90d,4.3,2025-09-05,2025-11-29,2025-11-20,9.0,available,0.0
2025-09-30,CES0500000003,2025-09,fixed_horizon_90d,2.294142443929026,2025-11-20,2025-12-29,2025-12-17,12.0,available,-0.6546645006888951
2025-09-30,CPIAUCSL,2025-09,fixed_horizon_90d,3.720060039876927,2025-10-24,2025-12-29,2025-12-22,7.0,available,0.0
2025-09-30,CPILFESL,2025-09,fixed_horizon_90d,2.7222557806510395,2025-10-24,2025-12-29,2025-12-18,11.0,available,0.0
2025-09-30,GDPC1,2025Q3,fixed_horizon_90d,4.2511297453771135,2025-12-23,2025-12-29,2025-12-23,6.0,available,0.0
2025-09-30,PAYEMS,2025-09,fixed_horizon_90d,108.0,2025-11-20,2025-12-29,2025-12-22,7.0,available,-11.0
2025-09-30,PCEPI,2025-09,fixed_horizon_90d,3.219987181631012,2025-12-05,2025-12-29,2025-12-17,12.0,available,0.0
2025-09-30,PCEPILFE,2025-09,fixed_horizon_90d,2.374861315144372,2025-12-05,2025-12-29,2025-12-17,12.0,available,0.0
2025-09-30,UNRATE,2025-09,fixed_horizon_90d,4.4,2025-11-20,2025-12-29,2025-12-22,7.0,available,0.0
2025-11-30,CES0500000003,2025-11,fixed_horizon_90d,4.87475281065457,2025-12-16,2026-02-28,2026-02-28,0.0,available,3.2458669897579284
2025-11-30,CPIAUCSL,2025-11,fixed_horizon_90d,3.0235281847769357,2025-12-18,2026-02-28,2026-02-28,0.0,available,0.5732617802237883
2025-11-30,CPILFESL,2025-11,fixed_horizon_90d,2.267708068045593,2025-12-18,2026-02-28,2026-02-28,0.0,available,0.3596349343617078
2025-11-30,GDPC1,2025Q4,fixed_horizon_90d,0.6507754468714211,2026-02-20,2026-03-31,2026-03-31,0.0,available,-0.7617454876637453
2025-11-30,PAYEMS,2025-11,fixed_horizon_90d,41.0,2025-12-16,2026-02-28,2026-02-28,0.0,available,-23.0
2025-11-30,PCEPI,2025-11,fixed_horizon_90d,2.5309741130598695,2026-01-22,2026-02-28,2026-02-28,0.0,available,0.045831325603984396
2025-11-30,PCEPILFE,2025-11,fixed_horizon_90d,2.0069336524663584,2026-01-22,2026-02-28,2026-02-28,0.0,available,0.08421882076845577
2025-11-30,UNRATE,2025-11,fixed_horizon_90d,4.5,2025-12-16,2026-02-28,2026-02-28,0.0,available,-0.09999999999999964
2025-12-31,CES0500000003,2025-12,fixed_horizon_90d,0.6484734013527671,2026-01-09,2026-03-31,2026-03-31,0.0,available,-3.2476339172912816
2025-12-31,CPIAUCSL,2025-12,fixed_horizon_90d,3.568151006929554,2026-01-13,2026-03-31,2026-03-31,0.0,available,-0.1144561246164244
2025-12-31,CPILFESL,2025-12,fixed_horizon_90d,2.7915535846730677,2026-01-13,2026-03-31,2026-03-31,0.0,available,-0.07572748407547181
2025-12-31,GDPC1,2025Q4,fixed_horizon_90d,0.6507754468714211,2026-02-20,2026-03-31,2026-03-31,0.0,available,-0.7617454876637453
2025-12-31,PAYEMS,2025-12,fixed_horizon_90d,-17.0,2026-01-09,2026-03-31,2026-03-31,0.0,available,-67.0
2025-12-31,PCEPI,2025-12,fixed_horizon_90d,4.2995723062283275,2026-02-20,2026-03-31,2026-03-31,0.0,available,0.03712205941468483
2025-12-31,PCEPILFE,2025-12,fixed_horizon_90d,4.285014067567872,2026-02-20,2026-03-31,2026-03-31,0.0,available,0.027874241292735746
2025-12-31,UNRATE,2025-12,fixed_horizon_90d,4.4,2026-01-09,2026-03-31,2026-03-31,0.0,available,0.0
2026-01-31,CES0500000003,2026-01,fixed_horizon_90d,4.206556822100005,2026-02-11,2026-05-01,2026-05-01,0.0,available,-0.6458557744711158
2026-01-31,CPIAUCSL,2026-01,fixed_horizon_90d,2.0483625585395515,2026-02-13,2026-05-01,2026-05-01,0.0,available,0.0
2026-01-31,CPILFESL,2026-01,fixed_horizon_90d,3.535324935565498,2026-02-13,2026-05-01,2026-05-01,0.0,available,0.0
2026-01-31,GDPC1,2026Q1,fixed_horizon_90d,,2026-04-30,2026-06-29,2026-04-30,60.0,snapshot_too_stale,
2026-01-31,PAYEMS,2026-01,fixed_horizon_90d,160.0,2026-02-11,2026-05-01,2026-05-01,0.0,available,30.0
2026-01-31,PCEPI,2026-01,fixed_horizon_90d,3.950682203042888,2026-03-13,2026-05-01,2026-05-01,0.0,available,0.6523386145918408
2026-01-31,PCEPILFE,2026-01,fixed_horizon_90d,5.084376449239514,2026-03-13,2026-05-01,2026-05-01,0.0,available,0.7304900470725073
2026-01-31,UNRATE,2026-01,fixed_horizon_90d,4.3,2026-02-11,2026-05-01,2026-05-01,0.0,available,0.0
2026-02-28,CES0500000003,2026-02,fixed_horizon_90d,3.8699307928784066,2026-03-06,2026-05-29,2026-05-27,2.0,available,-0.9629392111000001
2026-02-28,CPIAUCSL,2026-02,fixed_horizon_90d,3.1997670507312392,2026-03-11,2026-05-29,2026-05-27,2.0,available,0.0
2026-02-28,CPILFESL,2026-02,fixed_horizon_90d,2.5898059744083213,2026-03-11,2026-05-29,2026-05-27,2.0,available,0.0
2026-02-28,GDPC1,2026Q1,fixed_horizon_90d,,2026-04-30,2026-06-29,2026-04-30,60.0,snapshot_too_stale,
2026-02-28,PAYEMS,2026-02,fixed_horizon_90d,-156.0,2026-03-06,2026-05-29,2026-05-14,15.0,available,-64.0
2026-02-28,PCEPI,2026-02,fixed_horizon_90d,4.808881502307472,2026-04-09,2026-05-29,2026-05-28,1.0,available,0.3137637521181347
2026-02-28,PCEPILFE,2026-02,fixed_horizon_90d,4.737118191903988,2026-04-09,2026-05-29,2026-05-28,1.0,available,0.342892940902928
2026-02-28,UNRATE,2026-02,fixed_horizon_90d,4.4,2026-03-06,2026-05-29,2026-05-27,2.0,available,0.0
2026-03-31,CES0500000003,2026-03,fixed_horizon_90d,2.573037705191439,2026-04-03,2026-06-29,2026-06-24,5.0,available,-0.3196916988335019
2026-03-31,CPIAUCSL,2026-03,fixed_horizon_90d,10.337074927015166,2026-04-10,2026-06-29,2026-06-24,5.0,available,0.0
2026-03-31,CPILFESL,2026-03,fixed_horizon_90d,2.3472435020018168,2026-04-10,2026-06-29,2026-06-24,5.0,available,0.0
2026-03-31,GDPC1,2026Q1,fixed_horizon_90d,,2026-04-30,2026-06-29,2026-04-30,60.0,snapshot_too_stale,
2026-03-31,PAYEMS,2026-03,fixed_horizon_90d,214.0,2026-04-03,2026-06-29,2026-06-14,15.0,available,36.0
2026-03-31,PCEPI,2026-03,fixed_horizon_90d,7.977193513431047,2026-04-30,2026-06-29,2026-06-25,4.0,available,0.033447892064586426
2026-03-31,PCEPILFE,2026-03,fixed_horizon_90d,3.549308831346565,2026-04-30,2026-06-29,2026-06-25,4.0,available,0.03547875846230397
2026-03-31,UNRATE,2026-03,fixed_horizon_90d,4.3,2026-04-03,2026-06-29,2026-06-24,5.0,available,0.0
2020-02-29,CES0500000003,2020-02,initial_release,3.7928038598243674,2020-03-06,2020-03-06,2020-03-06,0.0,available,0.0
2020-02-29,CPIAUCSL,2020-02,initial_release,1.065904640727311,2020-03-11,2020-03-11,2020-03-11,0.0,available,0.0
2020-02-29,CPILFESL,2020-02,initial_release,2.671935670002057,2020-03-11,2020-03-11,2020-03-11,0.0,available,0.0
2020-02-29,GDPC1,2020Q1,initial_release,-4.901269118214913,2020-04-29,2020-04-29,2020-04-29,0.0,available,0.0
2020-02-29,PAYEMS,2020-02,initial_release,273.0,2020-03-06,2020-03-06,2020-03-06,0.0,available,0.0
2020-02-29,PCEPI,2020-02,initial_release,1.0728364503655996,2020-03-27,2020-03-27,2020-03-27,0.0,available,0.0
2020-02-29,PCEPILFE,2020-02,initial_release,1.8931474838009166,2020-03-27,2020-03-27,2020-03-27,0.0,available,0.0
2020-02-29,UNRATE,2020-02,initial_release,3.5,2020-03-06,2020-03-06,2020-03-06,0.0,available,0.0
2020-03-31,CES0500000003,2020-03,initial_release,4.6210454444690185,2020-04-03,2020-04-03,2020-04-03,0.0,available,0.0
2020-03-31,CPIAUCSL,2020-03,initial_release,-5.092434572260629,2020-04-10,2020-04-10,2020-04-10,0.0,available,0.0
2020-03-31,CPILFESL,2020-03,initial_release,-1.2362677050838045,2020-04-10,2020-04-10,2020-04-10,0.0,available,0.0
2020-03-31,GDPC1,2020Q1,initial_release,-4.901269118214913,2020-04-29,2020-04-29,2020-04-29,0.0,available,0.0
2020-03-31,PAYEMS,2020-03,initial_release,-701.0,2020-04-03,2020-04-03,2020-04-03,0.0,available,0.0
2020-03-31,PCEPI,2020-03,initial_release,-3.2209252831741253,2020-04-30,2020-04-30,2020-04-30,0.0,available,0.0
2020-03-31,PCEPILFE,2020-03,initial_release,-0.9673433573844648,2020-04-30,2020-04-30,2020-04-30,0.0,available,0.0
2020-03-31,UNRATE,2020-03,initial_release,4.4,2020-04-03,2020-04-03,2020-04-03,0.0,available,0.0
2020-04-30,CES0500000003,2020-04,initial_release,54.81525546839663,2020-05-08,2020-05-08,2020-05-08,0.0,available,0.0
2020-04-30,CPIAUCSL,2020-04,initial_release,-9.579406914913235,2020-05-12,2020-05-12,2020-05-12,0.0,available,0.0
2020-04-30,CPILFESL,2020-04,initial_release,-5.382468696892317,2020-05-12,2020-05-12,2020-05-12,0.0,available,0.0
2020-04-30,GDPC1,2020Q2,initial_release,-39.90477947567541,2020-07-30,2020-07-30,2020-07-30,0.0,available,0.0
2020-04-30,PAYEMS,2020-04,initial_release,-20500.0,2020-05-08,2020-05-08,2020-05-08,0.0,available,0.0
2020-04-30,PCEPI,2020-04,initial_release,-5.65987443799898,2020-05-29,2020-05-29,2020-05-29,0.0,available,0.0
2020-04-30,PCEPILFE,2020-04,initial_release,-4.731295867303942,2020-05-29,2020-05-29,2020-05-29,0.0,available,0.0
2020-04-30,UNRATE,2020-04,initial_release,14.7,2020-05-08,2020-05-08,2020-05-08,0.0,available,0.0
2020-05-31,CES0500000003,2020-05,initial_release,-11.640833885154045,2020-06-05,2020-06-05,2020-06-05,0.0,available,0.0
2020-05-31,CPIAUCSL,2020-05,initial_release,-0.6285301216653494,2020-06-10,2020-06-10,2020-06-10,0.0,available,0.0
2020-05-31,CPILFESL,2020-05,initial_release,-0.7231066688127896,2020-06-10,2020-06-10,2020-06-10,0.0,available,0.0
2020-05-31,GDPC1,2020Q2,initial_release,-39.90477947567541,2020-07-30,2020-07-30,2020-07-30,0.0,available,0.0
2020-05-31,PAYEMS,2020-05,initial_release,2509.0,2020-06-05,2020-06-05,2020-06-05,0.0,available,0.0
2020-05-31,PCEPI,2020-05,initial_release,1.1557438267878695,2020-06-26,2020-06-26,2020-06-26,0.0,available,0.0
2020-05-31,PCEPILFE,2020-05,initial_release,1.1418866000756367,2020-06-26,2020-06-26,2020-06-26,0.0,available,0.0
2020-05-31,UNRATE,2020-05,initial_release,13.3,2020-06-05,2020-06-05,2020-06-05,0.0,available,0.0
2020-06-30,CES0500000003,2020-06,initial_release,-14.215769566835057,2020-07-02,2020-07-02,2020-07-02,0.0,available,0.0
2020-06-30,CPIAUCSL,2020-06,initial_release,6.765167572416431,2020-07-14,2020-07-14,2020-07-14,0.0,available,0.0
2020-06-30,CPILFESL,2020-06,initial_release,2.817655281524978,2020-07-14,2020-07-14,2020-07-14,0.0,available,0.0
2020-06-30,GDPC1,2020Q2,initial_release,-39.90477947567541,2020-07-30,2020-07-30,2020-07-30,0.0,available,0.0
2020-06-30,PAYEMS,2020-06,initial_release,4800.0,2020-07-02,2020-07-02,2020-07-02,0.0,available,0.0
2020-06-30,PCEPI,2020-06,initial_release,4.442900561270946,2020-07-31,2020-07-31,2020-07-31,0.0,available,0.0
2020-06-30,PCEPILFE,2020-06,initial_release,2.435749975395751,2020-07-31,2020-07-31,2020-07-31,0.0,available,0.0
2020-06-30,UNRATE,2020-06,initial_release,11.1,2020-07-02,2020-07-02,2020-07-02,0.0,available,0.0
2020-07-31,CES0500000003,2020-07,initial_release,2.8615240948504095,2020-08-07,2020-08-07,2020-08-07,0.0,available,0.0
2020-07-31,CPIAUCSL,2020-07,initial_release,7.019481694120344,2020-08-12,2020-08-12,2020-08-12,0.0,available,0.0
2020-07-31,CPILFESL,2020-07,initial_release,7.418810395740749,2020-08-12,2020-08-12,2020-08-12,0.0,available,0.0
2020-07-31,GDPC1,2020Q3,initial_release,28.579399612846856,2020-10-29,2020-10-29,2020-10-29,0.0,available,0.0
2020-07-31,PAYEMS,2020-07,initial_release,1763.0,2020-08-07,2020-08-07,2020-08-07,0.0,available,0.0
2020-07-31,PCEPI,2020-07,initial_release,3.83893053720179,2020-08-28,2020-08-28,2020-08-28,0.0,available,0.0
2020-07-31,PCEPILFE,2020-07,initial_release,4.1848619428964895,2020-08-28,2020-08-28,2020-08-28,0.0,available,0.0
2020-07-31,UNRATE,2020-07,initial_release,10.2,2020-08-07,2020-08-07,2020-08-07,0.0,available,0.0
2020-08-31,CES0500000003,2020-08,initial_release,4.487511603946359,2020-09-04,2020-09-04,2020-09-04,0.0,available,0.0
2020-08-31,CPIAUCSL,2020-08,initial_release,4.435156012073804,2020-09-11,2020-09-11,2020-09-11,0.0,available,0.0
2020-08-31,CPILFESL,2020-08,initial_release,4.616921711672717,2020-09-11,2020-09-11,2020-09-11,0.0,available,0.0
2020-08-31,GDPC1,2020Q3,initial_release,28.579399612846856,2020-10-29,2020-10-29,2020-10-29,0.0,available,0.0
2020-08-31,PAYEMS,2020-08,initial_release,1371.0,2020-09-04,2020-09-04,2020-09-04,0.0,available,0.0
2020-08-31,PCEPI,2020-08,initial_release,3.7896014915130394,2020-10-01,2020-10-01,2020-10-01,0.0,available,0.0
2020-08-31,PCEPILFE,2020-08,initial_release,3.995979600710342,2020-10-01,2020-10-01,2020-10-01,0.0,available,0.0
2020-08-31,UNRATE,2020-08,initial_release,8.4,2020-09-04,2020-09-04,2020-09-04,0.0,available,0.0
2020-09-30,CES0500000003,2020-09,initial_release,0.8146639824090585,2020-10-02,2020-10-02,2020-10-02,0.0,available,0.0
2020-09-30,CPIAUCSL,2020-09,initial_release,2.4374395269802562,2020-10-13,2020-10-13,2020-10-13,0.0,available,0.0
2020-09-30,CPILFESL,2020-09,initial_release,2.306273258216507,2020-10-13,2020-10-13,2020-10-13,0.0,available,0.0
2020-09-30,GDPC1,2020Q3,initial_release,28.579399612846856,2020-10-29,2020-10-29,2020-10-29,0.0,available,0.0
2020-09-30,PAYEMS,2020-09,initial_release,661.0,2020-10-02,2020-10-02,2020-10-02,0.0,available,0.0
2020-09-30,PCEPI,2020-09,initial_release,1.9356750829871316,2020-10-30,2020-10-30,2020-10-30,0.0,available,0.0
2020-09-30,PCEPILFE,2020-09,initial_release,2.1379772988090906,2020-10-30,2020-10-30,2020-10-30,0.0,available,0.0
2020-09-30,UNRATE,2020-09,initial_release,7.9,2020-10-02,2020-10-02,2020-10-02,0.0,available,0.0
2020-10-31,CES0500000003,2020-10,initial_release,1.6282227735478827,2020-11-06,2020-11-06,2020-11-06,0.0,available,0.0
2020-10-31,CPIAUCSL,2020-10,initial_release,0.5348353894429891,2020-11-12,2020-11-12,2020-11-12,0.0,available,0.0
2020-10-31,CPILFESL,2020-10,initial_release,0.14260249571158568,2020-11-12,2020-11-12,2020-11-12,0.0,available,0.0
2020-10-31,GDPC1,2020Q4,initial_release,3.9341036244003647,2021-01-28,2021-01-28,2021-01-28,0.0,available,0.0
2020-10-31,PAYEMS,2020-10,initial_release,638.0,2020-11-06,2020-11-06,2020-11-06,0.0,available,0.0
2020-10-31,PCEPI,2020-10,initial_release,0.0,2020-11-25,2020-11-25,2020-11-25,0.0,available,0.0
2020-10-31,PCEPILFE,2020-10,initial_release,-0.16836050220092602,2020-11-25,2020-11-25,2020-11-25,0.0,available,0.0
2020-10-31,UNRATE,2020-10,initial_release,6.9,2020-11-06,2020-11-06,2020-11-06,0.0,available,0.0
2020-11-30,CES0500000003,2020-11,initial_release,3.656681346562607,2020-12-04,2020-12-04,2020-12-04,0.0,available,0.0
2020-11-30,CPIAUCSL,2020-11,initial_release,2.2657938734763405,2020-12-10,2020-12-10,2020-12-10,0.0,available,0.0
2020-11-30,CPILFESL,2020-11,initial_release,2.630647791273333,2020-12-10,2020-12-10,2020-12-10,0.0,available,0.0
2020-11-30,GDPC1,2020Q4,initial_release,3.9341036244003647,2021-01-28,2021-01-28,2021-01-28,0.0,available,0.0
2020-11-30,PAYEMS,2020-11,initial_release,245.0,2020-12-04,2020-12-04,2020-12-04,0.0,available,0.0
2020-11-30,PCEPI,2020-11,initial_release,0.17189514425623997,2020-12-23,2020-12-23,2020-12-23,0.0,available,0.0
2020-11-30,PCEPILFE,2020-11,initial_release,0.14731027244643258,2020-12-23,2020-12-23,2020-12-23,0.0,available,0.0
2020-11-30,UNRATE,2020-11,initial_release,6.7,2020-12-04,2020-12-04,2020-12-04,0.0,available,0.0
2020-12-31,CES0500000003,2020-12,initial_release,9.294540488791725,2021-01-08,2021-01-08,2021-01-08,0.0,available,0.0
2020-12-31,CPIAUCSL,2020-12,initial_release,4.399613035603522,2021-01-13,2021-01-13,2021-01-13,0.0,available,0.0
2020-12-31,CPILFESL,2020-12,initial_release,1.0222147120753533,2021-01-13,2021-01-13,2021-01-13,0.0,available,0.0
2020-12-31,GDPC1,2020Q4,initial_release,3.9341036244003647,2021-01-28,2021-01-28,2021-01-28,0.0,available,0.0
2020-12-31,PAYEMS,2020-12,initial_release,-140.0,2021-01-08,2021-01-08,2021-01-08,0.0,available,0.0
2020-12-31,PCEPI,2020-12,initial_release,5.092407904977847,2021-01-29,2021-01-29,2021-01-29,0.0,available,0.0
2020-12-31,PCEPILFE,2020-12,initial_release,3.656265140888948,2021-01-29,2021-01-29,2021-01-29,0.0,available,0.0
2020-12-31,UNRATE,2020-12,initial_release,6.7,2021-01-08,2021-01-08,2021-01-08,0.0,available,0.0
2021-01-31,CES0500000003,2021-01,initial_release,2.405613902853787,2021-02-05,2021-02-05,2021-02-05,0.0,available,0.0
2021-01-31,CPIAUCSL,2021-01,initial_release,3.074510407644837,2021-02-10,2021-02-10,2021-02-10,0.0,available,0.0
2021-01-31,CPILFESL,2021-01,initial_release,0.37780226808230566,2021-02-10,2021-02-10,2021-02-10,0.0,available,0.0
2021-01-31,GDPC1,2021Q1,initial_release,6.190758626718207,2021-04-29,2021-04-29,2021-04-29,0.0,available,0.0
2021-01-31,PAYEMS,2021-01,initial_release,49.0,2021-02-05,2021-02-05,2021-02-05,0.0,available,0.0
2021-01-31,PCEPI,2021-01,initial_release,4.069810157947273,2021-02-26,2021-02-26,2021-02-26,0.0,available,0.0
2021-01-31,PCEPILFE,2021-01,initial_release,3.017525229930129,2021-02-26,2021-02-26,2021-02-26,0.0,available,0.0
2021-01-31,UNRATE,2021-01,initial_release,6.3,2021-02-05,2021-02-05,2021-02-05,0.0,available,0.0
2021-02-28,CES0500000003,2021-02,initial_release,2.8023365529518784,2021-03-05,2021-03-05,2021-03-05,0.0,available,0.0
2021-02-28,CPIAUCSL,2021-02,initial_release,4.24826097687756,2021-03-10,2021-03-10,2021-03-10,0.0,available,0.0
2021-02-28,CPILFESL,2021-02,initial_release,1.217047653570802,2021-03-10,2021-03-10,2021-03-10,0.0,available,0.0
2021-02-28,GDPC1,2021Q1,initial_release,6.190758626718207,2021-04-29,2021-04-29,2021-04-29,0.0,available,0.0
2021-02-28,PAYEMS,2021-02,initial_release,379.0,2021-03-05,2021-03-05,2021-03-05,0.0,available,0.0
2021-02-28,PCEPI,2021-02,initial_release,2.759956993412871,2021-03-26,2021-03-26,2021-03-26,0.0,available,0.0
2021-02-28,PCEPILFE,2021-02,initial_release,1.0255427017959562,2021-03-26,2021-03-26,2021-03-26,0.0,available,0.0
2021-02-28,UNRATE,2021-02,initial_release,6.2,2021-03-05,2021-03-05,2021-03-05,0.0,available,0.0
2021-03-31,CES0500000003,2021-03,initial_release,-1.6010676157641512,2021-04-02,2021-04-02,2021-04-02,0.0,available,0.0
2021-03-31,CPIAUCSL,2021-03,initial_release,7.418851785535807,2021-04-13,2021-04-13,2021-04-13,0.0,available,0.0
2021-03-31,CPILFESL,2021-03,initial_release,4.0553081642581645,2021-04-13,2021-04-13,2021-04-13,0.0,available,0.0
2021-03-31,GDPC1,2021Q1,initial_release,6.190758626718207,2021-04-29,2021-04-29,2021-04-29,0.0,available,0.0
2021-03-31,PAYEMS,2021-03,initial_release,916.0,2021-04-02,2021-04-02,2021-04-02,0.0,available,0.0
2021-03-31,PCEPI,2021-03,initial_release,6.170225418812336,2021-04-30,2021-04-30,2021-04-30,0.0,available,0.0
2021-03-31,PCEPILFE,2021-03,initial_release,4.293236124046729,2021-04-30,2021-04-30,2021-04-30,0.0,available,0.0
2021-03-31,UNRATE,2021-03,initial_release,6.0,2021-04-02,2021-04-02,2021-04-02,0.0,available,0.0
2021-04-30,CES0500000003,2021-04,initial_release,8.381873426341535,2021-05-07,2021-05-07,2021-05-07,0.0,available,0.0
2021-04-30,CPIAUCSL,2021-04,initial_release,9.205029853319502,2021-05-12,2021-05-12,2021-05-12,0.0,available,0.0
2021-04-30,CPILFESL,2021-04,initial_release,10.949326672686155,2021-05-12,2021-05-12,2021-05-12,0.0,available,0.0
2021-04-30,GDPC1,2021Q2,initial_release,6.300381847538716,2021-07-29,2021-07-29,2021-07-29,0.0,available,0.0
2021-04-30,PAYEMS,2021-04,initial_release,266.0,2021-05-07,2021-05-07,2021-05-07,0.0,available,0.0
2021-04-30,PCEPI,2021-04,initial_release,7.259256647129675,2021-05-28,2021-05-28,2021-05-28,0.0,available,0.0
2021-04-30,PCEPILFE,2021-04,initial_release,7.941926825659351,2021-05-28,2021-05-28,2021-05-28,0.0,available,0.0
2021-04-30,UNRATE,2021-04,initial_release,6.1,2021-05-07,2021-05-07,2021-05-07,0.0,available,0.0
2021-05-31,CES0500000003,2021-05,initial_release,5.949442032944319,2021-06-04,2021-06-04,2021-06-04,0.0,available,0.0
2021-05-31,CPIAUCSL,2021-05,initial_release,7.705911800005083,2021-06-10,2021-06-10,2021-06-10,0.0,available,0.0
2021-05-31,CPILFESL,2021-05,initial_release,8.815185850602703,2021-06-10,2021-06-10,2021-06-10,0.0,available,0.0
2021-05-31,GDPC1,2021Q2,initial_release,6.300381847538716,2021-07-29,2021-07-29,2021-07-29,0.0,available,0.0
2021-05-31,PAYEMS,2021-05,initial_release,559.0,2021-06-04,2021-06-04,2021-06-04,0.0,available,0.0
2021-05-31,PCEPI,2021-05,initial_release,5.371812249212837,2021-06-25,2021-06-25,2021-06-25,0.0,available,0.0
2021-05-31,PCEPILFE,2021-05,initial_release,5.757435680273204,2021-06-25,2021-06-25,2021-06-25,0.0,available,0.0
2021-05-31,UNRATE,2021-05,initial_release,5.8,2021-06-04,2021-06-04,2021-06-04,0.0,available,0.0
2021-06-30,CES0500000003,2021-06,initial_release,3.9538750762231345,2021-07-02,2021-07-02,2021-07-02,0.0,available,0.0
2021-06-30,CPIAUCSL,2021-06,initial_release,10.809441209795168,2021-07-13,2021-07-13,2021-07-13,0.0,available,0.0
2021-06-30,CPILFESL,2021-06,initial_release,10.495175753994701,2021-07-13,2021-07-13,2021-07-13,0.0,available,0.0
2021-06-30,GDPC1,2021Q2,initial_release,6.300381847538716,2021-07-29,2021-07-29,2021-07-29,0.0,available,0.0
2021-06-30,PAYEMS,2021-06,initial_release,850.0,2021-07-02,2021-07-02,2021-07-02,0.0,available,0.0
2021-06-30,PCEPI,2021-06,initial_release,6.143562822379778,2021-07-30,2021-07-30,2021-07-30,0.0,available,0.0
2021-06-30,PCEPILFE,2021-06,initial_release,5.384049198618612,2021-07-30,2021-07-30,2021-07-30,0.0,available,0.0
2021-06-30,UNRATE,2021-06,initial_release,5.9,2021-07-02,2021-07-02,2021-07-02,0.0,available,0.0
2021-07-31,CES0500000003,2021-07,initial_release,4.330003057928167,2021-08-06,2021-08-06,2021-08-06,0.0,available,0.0
2021-07-31,CPIAUCSL,2021-07,initial_release,5.672578791992322,2021-08-11,2021-08-11,2021-08-11,0.0,available,0.0
2021-07-31,CPILFESL,2021-07,initial_release,3.9368729159104277,2021-08-11,2021-08-11,2021-08-11,0.0,available,0.0
2021-07-31,GDPC1,2021Q3,initial_release,1.9959094811319744,2021-10-28,2021-10-28,2021-10-28,0.0,available,0.0
2021-07-31,PAYEMS,2021-07,initial_release,943.0,2021-08-06,2021-08-06,2021-08-06,0.0,available,0.0
2021-07-31,PCEPI,2021-07,initial_release,4.929843254322819,2021-08-27,2021-08-27,2021-08-27,0.0,available,0.0
2021-07-31,PCEPILFE,2021-07,initial_release,4.043502064485693,2021-08-27,2021-08-27,2021-08-27,0.0,available,0.0
2021-07-31,UNRATE,2021-07,initial_release,5.4,2021-08-06,2021-08-06,2021-08-06,0.0,available,0.0
2021-08-31,CES0500000003,2021-08,initial_release,6.656894212888176,2021-09-03,2021-09-03,2021-09-03,0.0,available,0.0
2021-08-31,CPIAUCSL,2021-08,initial_release,3.2878722585913067,2021-09-14,2021-09-14,2021-09-14,0.0,available,0.0
2021-08-31,CPILFESL,2021-08,initial_release,1.220647965536159,2021-09-14,2021-09-14,2021-09-14,0.0,available,0.0
2021-08-31,GDPC1,2021Q3,initial_release,1.9959094811319744,2021-10-28,2021-10-28,2021-10-28,0.0,available,0.0
2021-08-31,PAYEMS,2021-08,initial_release,235.0,2021-09-03,2021-09-03,2021-09-03,0.0,available,0.0
2021-08-31,PCEPI,2021-08,initial_release,4.8069739464374095,2021-10-01,2021-10-01,2021-10-01,0.0,available,0.0
2021-08-31,PCEPILFE,2021-08,initial_release,4.01011382329628,2021-10-01,2021-10-01,2021-10-01,0.0,available,0.0
2021-08-31,UNRATE,2021-08,initial_release,5.2,2021-09-03,2021-09-03,2021-09-03,0.0,available,0.0
2021-09-30,CES0500000003,2021-09,initial_release,7.4134522892745025,2021-10-08,2021-10-08,2021-10-08,0.0,available,0.0
2021-09-30,CPIAUCSL,2021-09,initial_release,4.939054765586448,2021-10-13,2021-10-13,2021-10-13,0.0,available,0.0
2021-09-30,CPILFESL,2021-09,initial_release,2.9133569923072145,2021-10-13,2021-10-13,2021-10-13,0.0,available,0.0
2021-09-30,GDPC1,2021Q3,initial_release,1.9959094811319744,2021-10-28,2021-10-28,2021-10-28,0.0,available,0.0
2021-09-30,PAYEMS,2021-09,initial_release,194.0,2021-10-08,2021-10-08,2021-10-08,0.0,available,0.0
2021-09-30,PCEPI,2021-09,initial_release,3.8335727566988,2021-10-29,2021-10-29,2021-10-29,0.0,available,0.0
2021-09-30,PCEPILFE,2021-09,initial_release,2.5287433772611223,2021-10-29,2021-10-29,2021-10-29,0.0,available,0.0
2021-09-30,UNRATE,2021-09,initial_release,4.8,2021-10-08,2021-10-08,2021-10-08,0.0,available,0.0
2021-10-31,CES0500000003,2021-10,initial_release,4.271158044155499,2021-11-05,2021-11-05,2021-11-05,0.0,available,0.0
2021-10-31,CPIAUCSL,2021-10,initial_release,11.266788402062033,2021-11-10,2021-11-10,2021-11-10,0.0,available,0.0
2021-10-31,CPILFESL,2021-10,initial_release,7.169531680928287,2021-11-10,2021-11-10,2021-11-10,0.0,available,0.0
2021-10-31,GDPC1,2021Q4,initial_release,6.660613761001599,2022-01-27,2022-01-27,2022-01-27,0.0,available,0.0
2021-10-31,PAYEMS,2021-10,initial_release,531.0,2021-11-05,2021-11-05,2021-11-05,0.0,available,0.0
2021-10-31,PCEPI,2021-10,initial_release,7.555931754233569,2021-11-24,2021-11-24,2021-11-24,0.0,available,0.0
2021-10-31,PCEPILFE,2021-10,initial_release,5.089662627918301,2021-11-24,2021-11-24,2021-11-24,0.0,available,0.0
2021-10-31,UNRATE,2021-10,initial_release,4.6,2021-11-05,2021-11-05,2021-11-05,0.0,available,0.0
2021-11-30,CES0500000003,2021-11,initial_release,3.097775195620933,2021-12-03,2021-12-03,2021-12-03,0.0,available,0.0
2021-11-30,CPIAUCSL,2021-11,initial_release,9.31315464295217,2021-12-10,2021-12-10,2021-12-10,0.0,available,0.0
2021-11-30,CPILFESL,2021-11,initial_release,6.398361048892198,2021-12-10,2021-12-10,2021-12-10,0.0,available,0.0
2021-11-30,GDPC1,2021Q4,initial_release,6.660613761001599,2022-01-27,2022-01-27,2022-01-27,0.0,available,0.0
2021-11-30,PAYEMS,2021-11,initial_release,210.0,2021-12-03,2021-12-03,2021-12-03,0.0,available,0.0
2021-11-30,PCEPI,2021-11,initial_release,7.291079175034199,2021-12-23,2021-12-23,2021-12-23,0.0,available,0.0
2021-11-30,PCEPILFE,2021-11,initial_release,5.5270640641527535,2021-12-23,2021-12-23,2021-12-23,0.0,available,0.0
2021-11-30,UNRATE,2021-11,initial_release,4.2,2021-12-03,2021-12-03,2021-12-03,0.0,available,0.0
2021-12-31,CES0500000003,2021-12,initial_release,7.304203233748119,2022-01-07,2022-01-07,2022-01-07,0.0,available,0.0
2021-12-31,CPIAUCSL,2021-12,initial_release,5.6322008263588685,2022-01-12,2022-01-12,2022-01-12,0.0,available,0.0
2021-12-31,CPILFESL,2021-12,initial_release,6.583578736265139,2022-01-12,2022-01-12,2022-01-12,0.0,available,0.0
2021-12-31,GDPC1,2021Q4,initial_release,6.660613761001599,2022-01-27,2022-01-27,2022-01-27,0.0,available,0.0
2021-12-31,PAYEMS,2021-12,initial_release,199.0,2022-01-07,2022-01-07,2022-01-07,0.0,available,0.0
2021-12-31,PCEPI,2021-12,initial_release,5.359209586300651,2022-01-28,2022-01-28,2022-01-28,0.0,available,0.0
2021-12-31,PCEPILFE,2021-12,initial_release,5.962458874094878,2022-01-28,2022-01-28,2022-01-28,0.0,available,0.0
2021-12-31,UNRATE,2021-12,initial_release,3.9,2022-01-07,2022-01-07,2022-01-07,0.0,available,0.0
2022-01-31,CES0500000003,2022-01,initial_release,8.757773284019699,2022-02-04,2022-02-04,2022-02-04,0.0,available,0.0
2022-01-31,CPIAUCSL,2022-01,initial_release,7.715942528833963,2022-02-10,2022-02-10,2022-02-10,0.0,available,0.0
2022-01-31,CPILFESL,2022-01,initial_release,6.978999049889367,2022-02-10,2022-02-10,2022-02-10,0.0,available,0.0
2022-01-31,GDPC1,2022Q1,initial_release,-1.4242020134716427,2022-04-28,2022-04-28,2022-04-28,0.0,available,0.0
2022-01-31,PAYEMS,2022-01,initial_release,467.0,2022-02-04,2022-02-04,2022-02-04,0.0,available,0.0
2022-01-31,PCEPI,2022-01,initial_release,6.81367585947612,2022-02-25,2022-02-25,2022-02-25,0.0,available,0.0
2022-01-31,PCEPILFE,2022-01,initial_release,6.188739970588841,2022-02-25,2022-02-25,2022-02-25,0.0,available,0.0
2022-01-31,UNRATE,2022-01,initial_release,4.0,2022-02-04,2022-02-04,2022-02-04,0.0,available,0.0
2022-02-28,CES0500000003,2022-02,initial_release,0.38004750911486695,2022-03-04,2022-03-04,2022-03-04,0.0,available,0.0
2022-02-28,CPIAUCSL,2022-02,initial_release,9.53450870536301,2022-03-10,2022-03-10,2022-03-10,0.0,available,0.0
2022-02-28,CPILFESL,2022-02,initial_release,6.046931788677057,2022-03-10,2022-03-10,2022-03-10,0.0,available,0.0
2022-02-28,GDPC1,2022Q1,initial_release,-1.4242020134716427,2022-04-28,2022-04-28,2022-04-28,0.0,available,0.0
2022-02-28,PAYEMS,2022-02,initial_release,678.0,2022-03-04,2022-03-04,2022-03-04,0.0,available,0.0
2022-02-28,PCEPI,2022-02,initial_release,6.927250725334844,2022-03-31,2022-03-31,2022-03-31,0.0,available,0.0
2022-02-28,PCEPILFE,2022-02,initial_release,4.2384106198888105,2022-03-31,2022-03-31,2022-03-31,0.0,available,0.0
2022-02-28,UNRATE,2022-02,initial_release,3.8,2022-03-04,2022-03-04,2022-03-04,0.0,available,0.0
2022-03-31,CES0500000003,2022-03,initial_release,4.926582002685542,2022-04-01,2022-04-01,2022-04-01,0.0,available,0.0
2022-03-31,CPIAUCSL,2022-03,initial_release,14.79743872311019,2022-04-12,2022-04-12,2022-04-12,0.0,available,0.0
2022-03-31,CPILFESL,2022-03,initial_release,3.882858791609678,2022-04-12,2022-04-12,2022-04-12,0.0,available,0.0
2022-03-31,GDPC1,2022Q1,initial_release,-1.4242020134716427,2022-04-28,2022-04-28,2022-04-28,0.0,available,0.0
2022-03-31,PAYEMS,2022-03,initial_release,431.0,2022-04-01,2022-04-01,2022-04-01,0.0,available,0.0
2022-03-31,PCEPI,2022-03,initial_release,10.348626766369051,2022-04-29,2022-04-29,2022-04-29,0.0,available,0.0
2022-03-31,PCEPILFE,2022-03,initial_release,3.5054736024203947,2022-04-29,2022-04-29,2022-04-29,0.0,available,0.0
2022-03-31,UNRATE,2022-03,initial_release,3.6,2022-04-01,2022-04-01,2022-04-01,0.0,available,0.0
2022-04-30,CES0500000003,2022-04,initial_release,3.773588015365803,2022-05-06,2022-05-06,2022-05-06,0.0,available,0.0
2022-04-30,CPIAUCSL,2022-04,initial_release,3.9766089853127795,2022-05-11,2022-05-11,2022-05-11,0.0,available,0.0
2022-04-30,CPILFESL,2022-04,initial_release,6.81139682554921,2022-05-11,2022-05-11,2022-05-11,0.0,available,0.0
2022-04-30,GDPC1,2022Q2,initial_release,-0.9385737731648192,2022-07-28,2022-07-28,2022-07-28,0.0,available,0.0
2022-04-30,PAYEMS,2022-04,initial_release,428.0,2022-05-06,2022-05-06,2022-05-06,0.0,available,0.0
2022-04-30,PCEPI,2022-04,initial_release,2.961044964892423,2022-05-27,2022-05-27,2022-05-27,0.0,available,0.0
2022-04-30,PCEPILFE,2022-04,initial_release,4.12517368285954,2022-05-27,2022-05-27,2022-05-27,0.0,available,0.0
2022-04-30,UNRATE,2022-04,initial_release,3.6,2022-05-06,2022-05-06,2022-05-06,0.0,available,0.0
2022-05-31,CES0500000003,2022-05,initial_release,3.76175856644565,2022-06-03,2022-06-03,2022-06-03,0.0,available,0.0
2022-05-31,CPIAUCSL,2022-05,initial_release,11.629068302840295,2022-06-10,2022-06-10,2022-06-10,0.0,available,0.0
2022-05-31,CPILFESL,2022-05,initial_release,7.5532558590385435,2022-06-10,2022-06-10,2022-06-10,0.0,available,0.0
2022-05-31,GDPC1,2022Q2,initial_release,-0.9385737731648192,2022-07-28,2022-07-28,2022-07-28,0.0,available,0.0
2022-05-31,PAYEMS,2022-05,initial_release,390.0,2022-06-03,2022-06-03,2022-06-03,0.0,available,0.0
2022-05-31,PCEPI,2022-05,initial_release,7.030682708028735,2022-06-30,2022-06-30,2022-06-30,0.0,available,0.0
2022-05-31,PCEPILFE,2022-05,initial_release,4.169641564584126,2022-06-30,2022-06-30,2022-06-30,0.0,available,0.0
2022-05-31,UNRATE,2022-05,initial_release,3.6,2022-06-03,2022-06-03,2022-06-03,0.0,available,0.0
2022-06-30,CES0500000003,2022-06,initial_release,3.7464907110065226,2022-07-08,2022-07-08,2022-07-08,0.0,available,0.0
2022-06-30,CPIAUCSL,2022-06,initial_release,15.762954114801175,2022-07-13,2022-07-13,2022-07-13,0.0,available,0.0
2022-06-30,CPILFESL,2022-06,initial_release,8.448102967942361,2022-07-13,2022-07-13,2022-07-13,0.0,available,0.0
2022-06-30,GDPC1,2022Q2,initial_release,-0.9385737731648192,2022-07-28,2022-07-28,2022-07-28,0.0,available,0.0
2022-06-30,PAYEMS,2022-06,initial_release,372.0,2022-07-08,2022-07-08,2022-07-08,0.0,available,0.0
2022-06-30,PCEPI,2022-06,initial_release,11.363267123635978,2022-07-29,2022-07-29,2022-07-29,0.0,available,0.0
2022-06-30,PCEPILFE,2022-06,initial_release,7.116744425450605,2022-07-29,2022-07-29,2022-07-29,0.0,available,0.0
2022-06-30,UNRATE,2022-06,initial_release,3.6,2022-07-08,2022-07-08,2022-07-08,0.0,available,0.0
2022-07-31,CES0500000003,2022-07,initial_release,5.590940382371556,2022-08-05,2022-08-05,2022-08-05,0.0,available,0.0
2022-07-31,CPIAUCSL,2022-07,initial_release,-0.23162924492687864,2022-08-10,2022-08-10,2022-08-10,0.0,available,0.0
2022-07-31,CPILFESL,2022-07,initial_release,3.748801021791337,2022-08-10,2022-08-10,2022-08-10,0.0,available,0.0
2022-07-31,GDPC1,2022Q3,initial_release,2.5342675717112684,2022-10-27,2022-10-27,2022-10-27,0.0,available,0.0
2022-07-31,PAYEMS,2022-07,initial_release,528.0,2022-08-05,2022-08-05,2022-08-05,0.0,available,0.0
2022-07-31,PCEPI,2022-07,initial_release,-0.7989477568965953,2022-08-26,2022-08-26,2022-08-26,0.0,available,0.0
2022-07-31,PCEPILFE,2022-07,initial_release,1.0144527599329933,2022-08-26,2022-08-26,2022-08-26,0.0,available,0.0
2022-07-31,UNRATE,2022-07,initial_release,3.5,2022-08-05,2022-08-05,2022-08-05,0.0,available,0.0
2022-08-31,CES0500000003,2022-08,initial_release,3.7140233918735888,2022-09-02,2022-09-02,2022-09-02,0.0,available,0.0
2022-08-31,CPIAUCSL,2022-08,initial_release,1.4175204858403845,2022-09-13,2022-09-13,2022-09-13,0.0,available,0.0
2022-08-31,CPILFESL,2022-08,initial_release,6.7879787567498795,2022-09-13,2022-09-13,2022-09-13,0.0,available,0.0
2022-08-31,GDPC1,2022Q3,initial_release,2.5342675717112684,2022-10-27,2022-10-27,2022-10-27,0.0,available,0.0
2022-08-31,PAYEMS,2022-08,initial_release,315.0,2022-09-02,2022-09-02,2022-09-02,0.0,available,0.0
2022-08-31,PCEPI,2022-08,initial_release,3.418999439432824,2022-09-30,2022-09-30,2022-09-30,0.0,available,0.0
2022-08-31,PCEPILFE,2022-08,initial_release,6.72504438882271,2022-09-30,2022-09-30,2022-09-30,0.0,available,0.0
2022-08-31,UNRATE,2022-08,initial_release,3.7,2022-09-02,2022-09-02,2022-09-02,0.0,available,0.0
2022-09-30,CES0500000003,2022-09,initial_release,3.702563875385323,2022-10-07,2022-10-07,2022-10-07,0.0,available,0.0
2022-09-30,CPIAUCSL,2022-09,initial_release,4.622706309719149,2022-10-13,2022-10-13,2022-10-13,0.0,available,0.0
2022-09-30,CPILFESL,2022-09,initial_release,6.890433800704798,2022-10-13,2022-10-13,2022-10-13,0.0,available,0.0
2022-09-30,GDPC1,2022Q3,initial_release,2.5342675717112684,2022-10-27,2022-10-27,2022-10-27,0.0,available,0.0
2022-09-30,PAYEMS,2022-09,initial_release,263.0,2022-10-07,2022-10-07,2022-10-07,0.0,available,0.0
2022-09-30,PCEPI,2022-09,initial_release,3.9904472750844633,2022-10-28,2022-10-28,2022-10-28,0.0,available,0.0
2022-09-30,PCEPILFE,2022-09,initial_release,5.398258776740761,2022-10-28,2022-10-28,2022-10-28,0.0,available,0.0
2022-09-30,UNRATE,2022-09,initial_release,3.5,2022-10-07,2022-10-07,2022-10-07,0.0,available,0.0
2022-10-31,CES0500000003,2022-10,initial_release,4.428049304944892,2022-11-04,2022-11-04,2022-11-04,0.0,available,0.0
2022-10-31,CPIAUCSL,2022-10,initial_release,5.249301017382635,2022-11-10,2022-11-10,2022-11-10,0.0,available,0.0
2022-10-31,CPILFESL,2022-10,initial_release,3.2541386297985753,2022-11-10,2022-11-10,2022-11-10,0.0,available,0.0
2022-10-31,GDPC1,2022Q4,initial_release,2.8505598798147957,2023-01-26,2023-01-26,2023-01-26,0.0,available,0.0
2022-10-31,PAYEMS,2022-10,initial_release,261.0,2022-11-04,2022-11-04,2022-11-04,0.0,available,0.0
2022-10-31,PCEPI,2022-10,initial_release,4.014737302233584,2022-12-01,2022-12-01,2022-12-01,0.0,available,0.0
2022-10-31,PCEPILFE,2022-10,initial_release,2.626674290123887,2022-12-01,2022-12-01,2022-12-01,0.0,available,0.0
2022-10-31,UNRATE,2022-10,initial_release,3.7,2022-11-04,2022-11-04,2022-11-04,0.0,available,0.0
2022-11-30,CES0500000003,2022-11,initial_release,6.599466679246113,2022-12-02,2022-12-02,2022-12-02,0.0,available,0.0
2022-11-30,CPIAUCSL,2022-11,initial_release,1.1549083654845305,2022-12-13,2022-12-13,2022-12-13,0.0,available,0.0
2022-11-30,CPILFESL,2022-11,initial_release,2.381838766953237,2022-12-13,2022-12-13,2022-12-13,0.0,available,0.0
2022-11-30,GDPC1,2022Q4,initial_release,2.8505598798147957,2023-01-26,2023-01-26,2023-01-26,0.0,available,0.0
2022-11-30,PAYEMS,2022-11,initial_release,263.0,2022-12-02,2022-12-02,2022-12-02,0.0,available,0.0
2022-11-30,PCEPI,2022-11,initial_release,1.2511831229254256,2022-12-23,2022-12-23,2022-12-23,0.0,available,0.0
2022-11-30,PCEPILFE,2022-11,initial_release,2.0153877959849353,2022-12-23,2022-12-23,2022-12-23,0.0,available,0.0
2022-11-30,UNRATE,2022-11,initial_release,3.7,2022-12-02,2022-12-02,2022-12-02,0.0,available,0.0
2022-12-31,CES0500000003,2022-12,initial_release,3.29519657862658,2023-01-06,2023-01-06,2023-01-06,0.0,available,0.0
2022-12-31,CPIAUCSL,2022-12,initial_release,-0.9536248471132325,2023-01-12,2023-01-12,2023-01-12,0.0,available,0.0
2022-12-31,CPILFESL,2022-12,initial_release,3.6257181848714737,2023-01-12,2023-01-12,2023-01-12,0.0,available,0.0
2022-12-31,GDPC1,2022Q4,initial_release,2.8505598798147957,2023-01-26,2023-01-26,2023-01-26,0.0,available,0.0
2022-12-31,PAYEMS,2022-12,initial_release,223.0,2023-01-06,2023-01-06,2023-01-06,0.0,available,0.0
2022-12-31,PCEPI,2022-12,initial_release,0.6251177246028305,2023-01-27,2023-01-27,2023-01-27,0.0,available,0.0
2022-12-31,PCEPILFE,2022-12,initial_release,3.5525790505012367,2023-01-27,2023-01-27,2023-01-27,0.0,available,0.0
2022-12-31,UNRATE,2022-12,initial_release,3.5,2023-01-06,2023-01-06,2023-01-06,0.0,available,0.0
2023-01-31,CES0500000003,2023-01,initial_release,3.6385716173104043,2023-02-03,2023-02-03,2023-02-03,0.0,available,0.0
2023-01-31,CPIAUCSL,2023-01,initial_release,6.188902940652952,2023-02-14,2023-02-14,2023-02-14,0.0,available,0.0
2023-01-31,CPILFESL,2023-01,initial_release,4.93378299037488,2023-02-14,2023-02-14,2023-02-14,0.0,available,0.0
2023-01-31,GDPC1,2023Q1,initial_release,1.0566884784019237,2023-04-27,2023-04-27,2023-04-27,0.0,available,0.0
2023-01-31,PAYEMS,2023-01,initial_release,517.0,2023-02-03,2023-02-03,2023-02-03,0.0,available,0.0
2023-01-31,PCEPI,2023-01,initial_release,7.409703133854251,2023-02-24,2023-02-24,2023-02-24,0.0,available,0.0
2023-01-31,PCEPILFE,2023-01,initial_release,6.833449616252096,2023-02-24,2023-02-24,2023-02-24,0.0,available,0.0
2023-01-31,UNRATE,2023-01,initial_release,3.4,2023-02-03,2023-02-03,2023-02-03,0.0,available,0.0
2023-02-28,CES0500000003,2023-02,initial_release,2.9046912821034,2023-03-10,2023-03-10,2023-03-10,0.0,available,0.0
2023-02-28,CPIAUCSL,2023-02,initial_release,4.431873038008405,2023-03-14,2023-03-14,2023-03-14,0.0,available,0.0
2023-02-28,CPILFESL,2023-02,initial_release,5.410937819915063,2023-03-14,2023-03-14,2023-03-14,0.0,available,0.0
2023-02-28,GDPC1,2023Q1,initial_release,1.0566884784019237,2023-04-27,2023-04-27,2023-04-27,0.0,available,0.0
2023-02-28,PAYEMS,2023-02,initial_release,311.0,2023-03-10,2023-03-10,2023-03-10,0.0,available,0.0
2023-02-28,PCEPI,2023-02,initial_release,3.151794929831553,2023-03-31,2023-03-31,2023-03-31,0.0,available,0.0
2023-02-28,PCEPILFE,2023-02,initial_release,3.5927744819368,2023-03-31,2023-03-31,2023-03-31,0.0,available,0.0
2023-02-28,UNRATE,2023-02,initial_release,3.6,2023-03-10,2023-03-10,2023-03-10,0.0,available,0.0
2023-03-31,CES0500000003,2023-03,initial_release,3.2593953945330156,2023-04-07,2023-04-07,2023-04-07,0.0,available,0.0
2023-03-31,CPIAUCSL,2023-03,initial_release,0.6363347269697783,2023-04-12,2023-04-12,2023-04-12,0.0,available,0.0
2023-03-31,CPILFESL,2023-03,initial_release,4.608497236569065,2023-04-12,2023-04-12,2023-04-12,0.0,available,0.0
2023-03-31,GDPC1,2023Q1,initial_release,1.0566884784019237,2023-04-27,2023-04-27,2023-04-27,0.0,available,0.0
2023-03-31,PAYEMS,2023-03,initial_release,236.0,2023-04-07,2023-04-07,2023-04-07,0.0,available,0.0
2023-03-31,PCEPI,2023-03,initial_release,0.911933548736954,2023-04-28,2023-04-28,2023-04-28,0.0,available,0.0
2023-03-31,PCEPILFE,2023-03,initial_release,3.3620345288436937,2023-04-28,2023-04-28,2023-04-28,0.0,available,0.0
2023-03-31,UNRATE,2023-03,initial_release,3.5,2023-04-07,2023-04-07,2023-04-07,0.0,available,0.0
2023-04-30,CES0500000003,2023-04,initial_release,5.769241881723275,2023-05-05,2023-05-05,2023-05-05,0.0,available,0.0
2023-04-30,CPIAUCSL,2023-04,initial_release,4.40530586061918,2023-05-10,2023-05-10,2023-05-10,0.0,available,0.0
2023-04-30,CPILFESL,2023-04,initial_release,4.900215888791237,2023-05-10,2023-05-10,2023-05-10,0.0,available,0.0
2023-04-30,GDPC1,2023Q2,initial_release,2.3856035174837587,2023-07-27,2023-07-27,2023-07-27,0.0,available,0.0
2023-04-30,PAYEMS,2023-04,initial_release,253.0,2023-05-05,2023-05-05,2023-05-05,0.0,available,0.0
2023-04-30,PCEPI,2023-04,initial_release,4.359092543733922,2023-05-26,2023-05-26,2023-05-26,0.0,available,0.0
2023-04-30,PCEPILFE,2023-04,initial_release,4.554585141444889,2023-05-26,2023-05-26,2023-05-26,0.0,available,0.0
2023-04-30,UNRATE,2023-04,initial_release,3.4,2023-05-05,2023-05-05,2023-05-05,0.0,available,0.0
2023-05-31,CES0500000003,2023-05,initial_release,3.9538750762231345,2023-06-02,2023-06-02,2023-06-02,0.0,available,0.0
2023-05-31,CPIAUCSL,2023-05,initial_release,1.4885883415676204,2023-06-13,2023-06-13,2023-06-13,0.0,available,0.0
2023-05-31,CPILFESL,2023-05,initial_release,5.215590495030398,2023-06-13,2023-06-13,2023-06-13,0.0,available,0.0
2023-05-31,GDPC1,2023Q2,initial_release,2.3856035174837587,2023-07-27,2023-07-27,2023-07-27,0.0,available,0.0
2023-05-31,PAYEMS,2023-05,initial_release,339.0,2023-06-02,2023-06-02,2023-06-02,0.0,available,0.0
2023-05-31,PCEPI,2023-05,initial_release,1.541061700621782,2023-06-30,2023-06-30,2023-06-30,0.0,available,0.0
2023-05-31,PCEPILFE,2023-05,initial_release,3.770491061349901,2023-06-30,2023-06-30,2023-06-30,0.0,available,0.0
2023-05-31,UNRATE,2023-05,initial_release,3.7,2023-06-02,2023-06-02,2023-06-02,0.0,available,0.0
2023-06-30,CES0500000003,2023-06,initial_release,4.295947308859915,2023-07-07,2023-07-07,2023-07-07,0.0,available,0.0
2023-06-30,CPIAUCSL,2023-06,initial_release,2.1622873911194773,2023-07-12,2023-07-12,2023-07-12,0.0,available,0.0
2023-06-30,CPILFESL,2023-06,initial_release,1.8892028838219943,2023-07-12,2023-07-12,2023-07-12,0.0,available,0.0
2023-06-30,GDPC1,2023Q2,initial_release,2.3856035174837587,2023-07-27,2023-07-27,2023-07-27,0.0,available,0.0
2023-06-30,PAYEMS,2023-06,initial_release,209.0,2023-07-07,2023-07-07,2023-07-07,0.0,available,0.0
2023-06-30,PCEPI,2023-06,initial_release,1.9358574497093883,2023-07-28,2023-07-28,2023-07-28,0.0,available,0.0
2023-06-30,PCEPILFE,2023-06,initial_release,1.9843224364830547,2023-07-28,2023-07-28,2023-07-28,0.0,available,0.0
2023-06-30,UNRATE,2023-06,initial_release,3.6,2023-07-07,2023-07-07,2023-07-07,0.0,available,0.0
2023-07-31,CES0500000003,2023-07,initial_release,4.9896121783962855,2023-08-04,2023-08-04,2023-08-04,0.0,available,0.0
2023-07-31,CPIAUCSL,2023-07,initial_release,2.000694326702046,2023-08-10,2023-08-10,2023-08-10,0.0,available,0.0
2023-07-31,CPILFESL,2023-07,initial_release,1.9134356114534512,2023-08-10,2023-08-10,2023-08-10,0.0,available,0.0
2023-07-31,GDPC1,2023Q3,initial_release,4.762763859133656,2023-10-26,2023-10-26,2023-10-26,0.0,available,0.0
2023-07-31,PAYEMS,2023-07,initial_release,187.0,2023-08-04,2023-08-04,2023-08-04,0.0,available,0.0
2023-07-31,PCEPI,2023-07,initial_release,2.554405781161151,2023-08-31,2023-08-31,2023-08-31,0.0,available,0.0
2023-07-31,PCEPILFE,2023-07,initial_release,2.587969751250796,2023-08-31,2023-08-31,2023-08-31,0.0,available,0.0
2023-07-31,UNRATE,2023-07,initial_release,3.5,2023-08-04,2023-08-04,2023-08-04,0.0,available,0.0
2023-08-31,CES0500000003,2023-08,initial_release,2.8419196231345367,2023-09-01,2023-09-01,2023-09-01,0.0,available,0.0
2023-08-31,CPIAUCSL,2023-08,initial_release,7.550420656922796,2023-09-13,2023-09-13,2023-09-13,0.0,available,0.0
2023-08-31,CPILFESL,2023-08,initial_release,3.337313093337002,2023-09-13,2023-09-13,2023-09-13,0.0,available,0.0
2023-08-31,GDPC1,2023Q3,initial_release,4.762763859133656,2023-10-26,2023-10-26,2023-10-26,0.0,available,0.0
2023-08-31,PAYEMS,2023-08,initial_release,187.0,2023-09-01,2023-09-01,2023-09-01,0.0,available,0.0
2023-08-31,PCEPI,2023-08,initial_release,4.721852085725331,2023-09-29,2023-09-29,2023-09-29,0.0,available,0.0
2023-08-31,PCEPILFE,2023-08,initial_release,1.7367228667325207,2023-09-29,2023-09-29,2023-09-29,0.0,available,0.0
2023-08-31,UNRATE,2023-08,initial_release,3.8,2023-09-01,2023-09-01,2023-09-01,0.0,available,0.0
2023-09-30,CES0500000003,2023-09,initial_release,2.4819036768708003,2023-10-06,2023-10-06,2023-10-06,0.0,available,0.0
2023-09-30,CPIAUCSL,2023-09,initial_release,4.7393951626556685,2023-10-12,2023-10-12,2023-10-12,0.0,available,0.0
2023-09-30,CPILFESL,2023-09,initial_release,3.8689617311792546,2023-10-12,2023-10-12,2023-10-12,0.0,available,0.0
2023-09-30,GDPC1,2023Q3,initial_release,4.762763859133656,2023-10-26,2023-10-26,2023-10-26,0.0,available,0.0
2023-09-30,PAYEMS,2023-09,initial_release,336.0,2023-10-06,2023-10-06,2023-10-06,0.0,available,0.0
2023-09-30,PCEPI,2023-09,initial_release,4.269709166791813,2023-10-27,2023-10-27,2023-10-27,0.0,available,0.0
2023-09-30,PCEPILFE,2023-09,initial_release,3.577112153967832,2023-10-27,2023-10-27,2023-10-27,0.0,available,0.0
2023-09-30,UNRATE,2023-09,initial_release,3.8,2023-10-06,2023-10-06,2023-10-06,0.0,available,0.0
2023-10-31,CES0500000003,2023-10,initial_release,2.473134984027503,2023-11-03,2023-11-03,2023-11-03,0.0,available,0.0
2023-10-31,CPIAUCSL,2023-10,initial_release,0.5384490417121413,2023-11-14,2023-11-14,2023-11-14,0.0,available,0.0
2023-10-31,CPILFESL,2023-10,initial_release,2.7162863311584573,2023-11-14,2023-11-14,2023-11-14,0.0,available,0.0
2023-10-31,GDPC1,2023Q4,initial_release,3.226814258368904,2024-01-25,2024-01-25,2024-01-25,0.0,available,0.0
2023-10-31,PAYEMS,2023-10,initial_release,150.0,2023-11-03,2023-11-03,2023-11-03,0.0,available,0.0
2023-10-31,PCEPI,2023-10,initial_release,0.5933006589486922,2023-11-30,2023-11-30,2023-11-30,0.0,available,0.0
2023-10-31,PCEPILFE,2023-10,initial_release,1.959853446663118,2023-11-30,2023-11-30,2023-11-30,0.0,available,0.0
2023-10-31,UNRATE,2023-10,initial_release,3.9,2023-11-03,2023-11-03,2023-11-03,0.0,available,0.0
2023-11-30,CES0500000003,2023-11,initial_release,4.230321654821978,2023-12-08,2023-12-08,2023-12-08,0.0,available,0.0
2023-11-30,CPIAUCSL,2023-11,initial_release,1.161914259891006,2023-12-12,2023-12-12,2023-12-12,0.0,available,0.0
2023-11-30,CPILFESL,2023-11,initial_release,3.4097929346401656,2023-12-12,2023-12-12,2023-12-12,0.0,available,0.0
2023-11-30,GDPC1,2023Q4,initial_release,3.226814258368904,2024-01-25,2024-01-25,2024-01-25,0.0,available,0.0
2023-11-30,PAYEMS,2023-11,initial_release,199.0,2023-12-08,2023-12-08,2023-12-08,0.0,available,0.0
2023-11-30,PCEPI,2023-11,initial_release,-0.860920908897711,2023-12-22,2023-12-22,2023-12-22,0.0,available,0.0
2023-11-30,PCEPILFE,2023-11,initial_release,0.6996793334696605,2023-12-22,2023-12-22,2023-12-22,0.0,available,0.0
2023-11-30,UNRATE,2023-11,initial_release,3.7,2023-12-08,2023-12-08,2023-12-08,0.0,available,0.0
2023-12-31,CES0500000003,2023-12,initial_release,5.263935915647089,2024-01-05,2024-01-05,2024-01-05,0.0,available,0.0
2023-12-31,CPIAUCSL,2023-12,initial_release,3.6305472050568,2024-01-11,2024-01-11,2024-01-11,0.0,available,0.0
2023-12-31,CPILFESL,2023-12,initial_release,3.702836181051339,2024-01-11,2024-01-11,2024-01-11,0.0,available,0.0
2023-12-31,GDPC1,2023Q4,initial_release,3.226814258368904,2024-01-25,2024-01-25,2024-01-25,0.0,available,0.0
2023-12-31,PAYEMS,2023-12,initial_release,216.0,2024-01-05,2024-01-05,2024-01-05,0.0,available,0.0
2023-12-31,PCEPI,2023-12,initial_release,2.007921701264337,2024-01-26,2024-01-26,2024-01-26,0.0,available,0.0
2023-12-31,PCEPILFE,2023-12,initial_release,2.05672688066727,2024-01-26,2024-01-26,2024-01-26,0.0,available,0.0
2023-12-31,UNRATE,2023-12,initial_release,3.7,2024-01-05,2024-01-05,2024-01-05,0.0,available,0.0
2024-01-31,CES0500000003,2024-01,initial_release,6.617343717148927,2024-02-02,2024-02-02,2024-02-02,0.0,available,0.0
2024-01-31,CPIAUCSL,2024-01,initial_release,3.6596101950234328,2024-02-13,2024-02-13,2024-02-13,0.0,available,0.0
2024-01-31,CPILFESL,2024-01,initial_release,4.699462866511794,2024-02-13,2024-02-13,2024-02-13,0.0,available,0.0
2024-01-31,GDPC1,2024Q1,initial_release,1.5773785873641089,2024-04-25,2024-04-25,2024-04-25,0.0,available,0.0
2024-01-31,PAYEMS,2024-01,initial_release,353.0,2024-02-02,2024-02-02,2024-02-02,0.0,available,0.0
2024-01-31,PCEPI,2024-01,initial_release,4.132816296048247,2024-02-29,2024-02-29,2024-02-29,0.0,available,0.0
2024-01-31,PCEPILFE,2024-01,initial_release,4.976864745938414,2024-02-29,2024-02-29,2024-02-29,0.0,available,0.0
2024-01-31,UNRATE,2024-01,initial_release,3.7,2024-02-02,2024-02-02,2024-02-02,0.0,available,0.0
2024-02-29,CES0500000003,2024-02,initial_release,1.7368652619673242,2024-03-08,2024-03-08,2024-03-08,0.0,available,0.0
2024-02-29,CPIAUCSL,2024-02,initial_release,5.293054451242085,2024-03-12,2024-03-12,2024-03-12,0.0,available,0.0
2024-02-29,CPILFESL,2024-02,initial_release,4.293317468662039,2024-03-12,2024-03-12,2024-03-12,0.0,available,0.0
2024-02-29,GDPC1,2024Q1,initial_release,1.5773785873641089,2024-04-25,2024-04-25,2024-04-25,0.0,available,0.0
2024-02-29,PAYEMS,2024-02,initial_release,275.0,2024-03-08,2024-03-08,2024-03-08,0.0,available,0.0
2024-02-29,PCEPI,2024-02,initial_release,3.9898815716419733,2024-03-29,2024-03-29,2024-03-29,0.0,available,0.0
2024-02-29,PCEPILFE,2024-02,initial_release,3.133704789778946,2024-03-29,2024-03-29,2024-03-29,0.0,available,0.0
2024-02-29,UNRATE,2024-02,initial_release,3.9,2024-03-08,2024-03-08,2024-03-08,0.0,available,0.0
2024-03-31,CES0500000003,2024-03,initial_release,4.158248457750169,2024-04-05,2024-04-05,2024-04-05,0.0,available,0.0
2024-03-31,CPIAUCSL,2024-03,initial_release,4.52827819934285,2024-04-10,2024-04-10,2024-04-10,0.0,available,0.0
2024-03-31,CPILFESL,2024-03,initial_release,4.300746541576217,2024-04-10,2024-04-10,2024-04-10,0.0,available,0.0
2024-03-31,GDPC1,2024Q1,initial_release,1.5773785873641089,2024-04-25,2024-04-25,2024-04-25,0.0,available,0.0
2024-03-31,PAYEMS,2024-03,initial_release,303.0,2024-04-05,2024-04-05,2024-04-05,0.0,available,0.0
2024-03-31,PCEPI,2024-03,initial_release,3.86713396031233,2024-04-26,2024-04-26,2024-04-26,0.0,available,0.0
2024-03-31,PCEPILFE,2024-03,initial_release,3.7950008157764614,2024-04-26,2024-04-26,2024-04-26,0.0,available,0.0
2024-03-31,UNRATE,2024-03,initial_release,3.8,2024-04-05,2024-04-05,2024-04-05,0.0,available,0.0
2024-04-30,CES0500000003,2024-04,initial_release,2.4197041181523105,2024-05-03,2024-05-03,2024-05-03,0.0,available,0.0
2024-04-30,CPIAUCSL,2024-04,initial_release,3.7490617076503696,2024-05-15,2024-05-15,2024-05-15,0.0,available,0.0
2024-04-30,CPILFESL,2024-04,initial_release,3.496029714526827,2024-05-15,2024-05-15,2024-05-15,0.0,available,0.0
2024-04-30,GDPC1,2024Q2,initial_release,2.802039266677525,2024-07-25,2024-07-25,2024-07-25,0.0,available,0.0
2024-04-30,PAYEMS,2024-04,initial_release,175.0,2024-05-03,2024-05-03,2024-05-03,0.0,available,0.0
2024-04-30,PCEPI,2024-04,initial_release,3.0752100527589477,2024-05-31,2024-05-31,2024-05-31,0.0,available,0.0
2024-04-30,PCEPILFE,2024-04,initial_release,2.986265220991413,2024-05-31,2024-05-31,2024-05-31,0.0,available,0.0
2024-04-30,UNRATE,2024-04,initial_release,3.9,2024-05-03,2024-05-03,2024-05-03,0.0,available,0.0
2024-05-31,CES0500000003,2024-05,initial_release,4.822050116609411,2024-06-07,2024-06-07,2024-06-07,0.0,available,0.0
2024-05-31,CPIAUCSL,2024-05,initial_release,0.06896199429853311,2024-06-12,2024-06-12,2024-06-12,0.0,available,0.0
2024-05-31,CPILFESL,2024-05,initial_release,1.9554491698148269,2024-06-12,2024-06-12,2024-06-12,0.0,available,0.0
2024-05-31,GDPC1,2024Q2,initial_release,2.802039266677525,2024-07-25,2024-07-25,2024-07-25,0.0,available,0.0
2024-05-31,PAYEMS,2024-05,initial_release,272.0,2024-06-07,2024-06-07,2024-06-07,0.0,available,0.0
2024-05-31,PCEPI,2024-05,initial_release,-0.09748093034644967,2024-06-28,2024-06-28,2024-06-28,0.0,available,0.0
2024-05-31,PCEPILFE,2024-05,initial_release,0.9934874680656236,2024-06-28,2024-06-28,2024-06-28,0.0,available,0.0
2024-05-31,UNRATE,2024-05,initial_release,4.0,2024-06-07,2024-06-07,2024-06-07,0.0,available,0.0
2024-06-30,CES0500000003,2024-06,initial_release,3.43347873723836,2024-07-05,2024-07-05,2024-07-05,0.0,available,0.0
2024-06-30,CPIAUCSL,2024-06,initial_release,-0.6744651879536434,2024-07-11,2024-07-11,2024-07-11,0.0,available,0.0
2024-06-30,CPILFESL,2024-06,initial_release,0.7767649520374675,2024-07-11,2024-07-11,2024-07-11,0.0,available,0.0
2024-06-30,GDPC1,2024Q2,initial_release,2.802039266677525,2024-07-25,2024-07-25,2024-07-25,0.0,available,0.0
2024-06-30,PAYEMS,2024-06,initial_release,206.0,2024-07-05,2024-07-05,2024-07-05,0.0,available,0.0
2024-06-30,PCEPI,2024-06,initial_release,0.9448474243054505,2024-07-26,2024-07-26,2024-07-26,0.0,available,0.0
2024-06-30,PCEPILFE,2024-06,initial_release,2.1798014389048603,2024-07-26,2024-07-26,2024-07-26,0.0,available,0.0
2024-06-30,UNRATE,2024-06,initial_release,4.1,2024-07-05,2024-07-05,2024-07-05,0.0,available,0.0
2024-07-31,CES0500000003,2024-07,initial_release,2.7405093269878833,2024-08-02,2024-08-02,2024-08-02,0.0,available,0.0
2024-07-31,CPIAUCSL,2024-07,initial_release,1.8576952015390447,2024-08-14,2024-08-14,2024-08-14,0.0,available,0.0
2024-07-31,CPILFESL,2024-07,initial_release,1.9811120946506833,2024-08-14,2024-08-14,2024-08-14,0.0,available,0.0
2024-07-31,GDPC1,2024Q3,initial_release,2.7863912480171393,2024-10-30,2024-10-30,2024-10-30,0.0,available,0.0
2024-07-31,PAYEMS,2024-07,initial_release,114.0,2024-08-02,2024-08-02,2024-08-02,0.0,available,0.0
2024-07-31,PCEPI,2024-07,initial_release,1.8591450193301995,2024-08-30,2024-08-30,2024-08-30,0.0,available,0.0
2024-07-31,PCEPILFE,2024-07,initial_release,1.931996445456008,2024-08-30,2024-08-30,2024-08-30,0.0,available,0.0
2024-07-31,UNRATE,2024-07,initial_release,4.3,2024-08-02,2024-08-02,2024-08-02,0.0,available,0.0
2024-08-31,CES0500000003,2024-08,initial_release,4.78088281784963,2024-09-06,2024-09-06,2024-09-06,0.0,available,0.0
2024-08-31,CPIAUCSL,2024-08,initial_release,2.244545826505373,2024-09-11,2024-09-11,2024-09-11,0.0,available,0.0
2024-08-31,CPILFESL,2024-08,initial_release,3.3671574140669236,2024-09-11,2024-09-11,2024-09-11,0.0,available,0.0
2024-08-31,GDPC1,2024Q3,initial_release,2.7863912480171393,2024-10-30,2024-10-30,2024-10-30,0.0,available,0.0
2024-08-31,PAYEMS,2024-08,initial_release,142.0,2024-09-06,2024-09-06,2024-09-06,0.0,available,0.0
2024-08-31,PCEPI,2024-08,initial_release,1.0872555632399639,2024-09-27,2024-09-27,2024-09-27,0.0,available,0.0
2024-08-31,PCEPILFE,2024-08,initial_release,1.5637346144796282,2024-09-27,2024-09-27,2024-09-27,0.0,available,0.0
2024-08-31,UNRATE,2024-08,initial_release,4.2,2024-09-06,2024-09-06,2024-09-06,0.0,available,0.0
2024-09-30,CES0500000003,2024-09,initial_release,4.419894499556065,2024-10-04,2024-10-04,2024-10-04,0.0,available,0.0
2024-09-30,CPIAUCSL,2024-09,initial_release,2.1564651235159715,2024-10-10,2024-10-10,2024-10-10,0.0,available,0.0
2024-09-30,CPILFESL,2024-09,initial_release,3.7431240197996374,2024-10-10,2024-10-10,2024-10-10,0.0,available,0.0
2024-09-30,GDPC1,2024Q3,initial_release,2.7863912480171393,2024-10-30,2024-10-30,2024-10-30,0.0,available,0.0
2024-09-30,PAYEMS,2024-09,initial_release,254.0,2024-10-04,2024-10-04,2024-10-04,0.0,available,0.0
2024-09-30,PCEPI,2024-09,initial_release,2.103027880036734,2024-10-31,2024-10-31,2024-10-31,0.0,available,0.0
2024-09-30,PCEPILFE,2024-09,initial_release,3.0422716309459474,2024-10-31,2024-10-31,2024-10-31,0.0,available,0.0
2024-09-30,UNRATE,2024-09,initial_release,4.1,2024-10-04,2024-10-04,2024-10-04,0.0,available,0.0
2024-10-31,CES0500000003,2024-10,initial_release,4.407407130009666,2024-11-01,2024-11-01,2024-11-01,0.0,available,0.0
2024-10-31,CPIAUCSL,2024-10,initial_release,2.9250657197465557,2024-11-13,2024-11-13,2024-11-13,0.0,available,0.0
2024-10-31,CPILFESL,2024-10,initial_release,3.3584847110301297,2024-11-13,2024-11-13,2024-11-13,0.0,available,0.0
2024-10-31,GDPC1,2024Q4,initial_release,2.2264988560046106,2025-01-30,2025-01-30,2025-01-30,0.0,available,0.0
2024-10-31,PAYEMS,2024-10,initial_release,12.0,2024-11-01,2024-11-01,2024-11-01,0.0,available,0.0
2024-10-31,PCEPI,2024-10,initial_release,2.853033899934232,2024-11-27,2024-11-27,2024-11-27,0.0,available,0.0
2024-10-31,PCEPILFE,2024-10,initial_release,3.2676103922955946,2024-11-27,2024-11-27,2024-11-27,0.0,available,0.0
2024-10-31,UNRATE,2024-10,initial_release,4.1,2024-11-01,2024-11-01,2024-11-01,0.0,available,0.0
2024-11-30,CES0500000003,2024-11,initial_release,4.388807817969287,2024-12-06,2024-12-06,2024-12-06,0.0,available,0.0
2024-11-30,CPIAUCSL,2024-11,initial_release,3.7487271246416043,2024-12-11,2024-12-11,2024-12-11,0.0,available,0.0
2024-11-30,CPILFESL,2024-11,initial_release,3.69131922257111,2024-12-11,2024-12-11,2024-12-11,0.0,available,0.0
2024-11-30,GDPC1,2024Q4,initial_release,2.2264988560046106,2025-01-30,2025-01-30,2025-01-30,0.0,available,0.0
2024-11-30,PAYEMS,2024-11,initial_release,227.0,2024-12-06,2024-12-06,2024-12-06,0.0,available,0.0
2024-11-30,PCEPI,2024-11,initial_release,1.5349653145793951,2024-12-20,2024-12-20,2024-12-20,0.0,available,0.0
2024-11-30,PCEPILFE,2024-11,initial_release,1.378328685524366,2024-12-20,2024-12-20,2024-12-20,0.0,available,0.0
2024-11-30,UNRATE,2024-11,initial_release,4.2,2024-12-06,2024-12-06,2024-12-06,0.0,available,0.0
2024-12-31,CES0500000003,2024-12,initial_release,3.3670055759611017,2025-01-10,2025-01-10,2025-01-10,0.0,available,0.0
2024-12-31,CPIAUCSL,2024-12,initial_release,4.7082186032746165,2025-01-15,2025-01-15,2025-01-15,0.0,available,0.0
2024-12-31,CPILFESL,2024-12,initial_release,2.697047757829907,2025-01-15,2025-01-15,2025-01-15,0.0,available,0.0
2024-12-31,GDPC1,2024Q4,initial_release,2.2264988560046106,2025-01-30,2025-01-30,2025-01-30,0.0,available,0.0
2024-12-31,PAYEMS,2024-12,initial_release,256.0,2025-01-10,2025-01-10,2025-01-10,0.0,available,0.0
2024-12-31,PCEPI,2024-12,initial_release,3.063929851709446,2025-01-31,2025-01-31,2025-01-31,0.0,available,0.0
2024-12-31,PCEPILFE,2024-12,initial_release,1.8707672236683237,2025-01-31,2025-01-31,2025-01-31,0.0,available,0.0
2024-12-31,UNRATE,2024-12,initial_release,4.1,2025-01-10,2025-01-10,2025-01-10,0.0,available,0.0
2025-01-31,CES0500000003,2025-01,initial_release,5.700723310317279,2025-02-07,2025-02-07,2025-02-07,0.0,available,0.0
2025-01-31,CPIAUCSL,2025-01,initial_release,5.590180506737141,2025-02-12,2025-02-12,2025-02-12,0.0,available,0.0
2025-01-31,CPILFESL,2025-01,initial_release,5.344164626782444,2025-02-12,2025-02-12,2025-02-12,0.0,available,0.0
2025-01-31,GDPC1,2025Q1,initial_release,-0.27643155746019943,2025-04-30,2025-04-30,2025-04-30,0.0,available,0.0
2025-01-31,PAYEMS,2025-01,initial_release,143.0,2025-02-07,2025-02-07,2025-02-07,0.0,available,0.0
2025-01-31,PCEPI,2025-01,initial_release,3.8984766867979914,2025-02-28,2025-02-28,2025-02-28,0.0,available,0.0
2025-01-31,PCEPILFE,2025-01,initial_release,3.4117977999773785,2025-02-28,2025-02-28,2025-02-28,0.0,available,0.0
2025-01-31,UNRATE,2025-01,initial_release,4.0,2025-02-07,2025-02-07,2025-02-07,0.0,available,0.0
2025-02-28,CES0500000003,2025-02,initial_release,3.344483770277762,2025-03-07,2025-03-07,2025-03-07,0.0,available,0.0
2025-02-28,CPIAUCSL,2025-02,initial_release,2.58835746917363,2025-03-12,2025-03-12,2025-03-12,0.0,available,0.0
2025-02-28,CPILFESL,2025-02,initial_release,2.7166452189845813,2025-03-12,2025-03-12,2025-03-12,0.0,available,0.0
2025-02-28,GDPC1,2025Q1,initial_release,-0.27643155746019943,2025-04-30,2025-04-30,2025-04-30,0.0,available,0.0
2025-02-28,PAYEMS,2025-02,initial_release,151.0,2025-03-07,2025-03-07,2025-03-07,0.0,available,0.0
2025-02-28,PCEPI,2025-02,initial_release,3.9331903834629145,2025-03-28,2025-03-28,2025-03-28,0.0,available,0.0
2025-02-28,PCEPILFE,2025-02,initial_release,4.373203745199916,2025-03-28,2025-03-28,2025-03-28,0.0,available,0.0
2025-02-28,UNRATE,2025-02,initial_release,4.1,2025-03-07,2025-03-07,2025-03-07,0.0,available,0.0
2025-03-31,CES0500000003,2025-03,initial_release,3.0037562617421187,2025-04-04,2025-04-04,2025-04-04,0.0,available,0.0
2025-03-31,CPIAUCSL,2025-03,initial_release,-0.600572433123503,2025-04-10,2025-04-10,2025-04-10,0.0,available,0.0
2025-03-31,CPILFESL,2025-03,initial_release,0.6782014328148733,2025-04-10,2025-04-10,2025-04-10,0.0,available,0.0
2025-03-31,GDPC1,2025Q1,initial_release,-0.27643155746019943,2025-04-30,2025-04-30,2025-04-30,0.0,available,0.0
2025-03-31,PAYEMS,2025-03,initial_release,228.0,2025-04-04,2025-04-04,2025-04-04,0.0,available,0.0
2025-03-31,PCEPI,2025-03,initial_release,-0.5343511538676182,2025-04-30,2025-04-30,2025-04-30,0.0,available,0.0
2025-03-31,PCEPILFE,2025-03,initial_release,0.3359072917813677,2025-04-30,2025-04-30,2025-04-30,0.0,available,0.0
2025-03-31,UNRATE,2025-03,initial_release,4.2,2025-04-04,2025-04-04,2025-04-04,0.0,available,0.0
2025-04-30,CES0500000003,2025-04,initial_release,1.9983351828734897,2025-05-02,2025-05-02,2025-05-02,0.0,available,0.0
2025-04-30,CPIAUCSL,2025-04,initial_release,2.6477658507008783,2025-05-13,2025-05-13,2025-05-13,0.0,available,0.0
2025-04-30,CPILFESL,2025-04,initial_release,2.837650784268675,2025-05-13,2025-05-13,2025-05-13,0.0,available,0.0
2025-04-30,GDPC1,2025Q2,initial_release,2.925051983265803,2025-07-30,2025-07-30,2025-07-30,0.0,available,0.0
2025-04-30,PAYEMS,2025-04,initial_release,177.0,2025-05-02,2025-05-02,2025-05-02,0.0,available,0.0
2025-04-30,PCEPI,2025-04,initial_release,1.201745492554096,2025-05-30,2025-05-30,2025-05-30,0.0,available,0.0
2025-04-30,PCEPILFE,2025-04,initial_release,1.3903484217941298,2025-05-30,2025-05-30,2025-05-30,0.0,available,0.0
2025-04-30,UNRATE,2025-04,initial_release,4.2,2025-05-02,2025-05-02,2025-05-02,0.0,available,0.0
2025-05-31,CES0500000003,2025-05,initial_release,4.977195024097902,2025-06-06,2025-06-06,2025-06-06,0.0,available,0.0
2025-05-31,CPIAUCSL,2025-05,initial_release,0.9698846371566816,2025-06-11,2025-06-11,2025-06-11,0.0,available,0.0
2025-05-31,CPILFESL,2025-05,initial_release,1.5576688590009269,2025-06-11,2025-06-11,2025-06-11,0.0,available,0.0
2025-05-31,GDPC1,2025Q2,initial_release,2.925051983265803,2025-07-30,2025-07-30,2025-07-30,0.0,available,0.0
2025-05-31,PAYEMS,2025-05,initial_release,139.0,2025-06-06,2025-06-06,2025-06-06,0.0,available,0.0
2025-05-31,PCEPI,2025-05,initial_release,1.6282550732857004,2025-06-27,2025-06-27,2025-06-27,0.0,available,0.0
2025-05-31,PCEPILFE,2025-05,initial_release,2.143541239825808,2025-06-27,2025-06-27,2025-06-27,0.0,available,0.0
2025-05-31,UNRATE,2025-05,initial_release,4.2,2025-06-06,2025-06-06,2025-06-06,0.0,available,0.0
2025-06-30,CES0500000003,2025-06,initial_release,2.647546578645432,2025-07-03,2025-07-03,2025-07-03,0.0,available,0.0
2025-06-30,CPIAUCSL,2025-06,initial_release,3.4388261759264793,2025-07-15,2025-07-15,2025-07-15,0.0,available,0.0
2025-06-30,CPILFESL,2025-06,initial_release,2.7357167584597164,2025-07-15,2025-07-15,2025-07-15,0.0,available,0.0
2025-06-30,GDPC1,2025Q2,initial_release,2.925051983265803,2025-07-30,2025-07-30,2025-07-30,0.0,available,0.0
2025-06-30,PAYEMS,2025-06,initial_release,147.0,2025-07-03,2025-07-03,2025-07-03,0.0,available,0.0
2025-06-30,PCEPI,2025-06,initial_release,3.361346735653825,2025-07-31,2025-07-31,2025-07-31,0.0,available,0.0
2025-06-30,PCEPILFE,2025-06,initial_release,3.07225203791468,2025-07-31,2025-07-31,2025-07-31,0.0,available,0.0
2025-06-30,UNRATE,2025-06,initial_release,4.1,2025-07-03,2025-07-03,2025-07-03,0.0,available,0.0
2025-07-31,CES0500000003,2025-07,initial_release,3.958222390397914,2025-08-01,2025-08-01,2025-08-01,0.0,available,0.0
2025-07-31,CPIAUCSL,2025-07,initial_release,2.3566269040241394,2025-08-12,2025-08-12,2025-08-12,0.0,available,0.0
2025-07-31,CPILFESL,2025-07,initial_release,3.861910881482089,2025-08-12,2025-08-12,2025-08-12,0.0,available,0.0
2025-07-31,GDPC1,2025Q3,initial_release,4.2511297453771135,2025-12-23,2025-12-23,2025-12-23,0.0,available,0.0
2025-07-31,PAYEMS,2025-07,initial_release,73.0,2025-08-01,2025-08-01,2025-08-01,0.0,available,0.0
2025-07-31,PCEPI,2025-07,initial_release,2.3685838825748817,2025-08-29,2025-08-29,2025-08-29,0.0,available,0.0
2025-07-31,PCEPILFE,2025-07,initial_release,3.2740877378866884,2025-08-29,2025-08-29,2025-08-29,0.0,available,0.0
2025-07-31,UNRATE,2025-07,initial_release,4.2,2025-08-01,2025-08-01,2025-08-01,0.0,available,0.0
2025-08-31,CES0500000003,2025-08,initial_release,3.289475744062642,2025-09-05,2025-09-05,2025-09-05,0.0,available,0.0
2025-08-31,CPIAUCSL,2025-08,initial_release,4.580669113895652,2025-09-11,2025-09-11,2025-09-11,0.0,available,0.0
2025-08-31,CPILFESL,2025-08,initial_release,4.144288642307359,2025-09-11,2025-09-11,2025-09-11,0.0,available,0.0
2025-08-31,GDPC1,2025Q3,initial_release,4.2511297453771135,2025-12-23,2025-12-23,2025-12-23,0.0,available,0.0
2025-08-31,PAYEMS,2025-08,initial_release,22.0,2025-09-05,2025-09-05,2025-09-05,0.0,available,0.0
2025-08-31,PCEPI,2025-08,initial_release,3.171882869741438,2025-09-26,2025-09-26,2025-09-26,0.0,available,0.0
2025-08-31,PCEPILFE,2025-08,initial_release,2.7212078521923644,2025-09-26,2025-09-26,2025-09-26,0.0,available,0.0
2025-08-31,UNRATE,2025-08,initial_release,4.3,2025-09-05,2025-09-05,2025-09-05,0.0,available,0.0
2025-09-30,CES0500000003,2025-09,initial_release,2.948806944617921,2025-11-20,2025-11-20,2025-11-20,0.0,available,0.0
2025-09-30,CPIAUCSL,2025-09,initial_release,3.720060039876927,2025-10-24,2025-10-24,2025-10-24,0.0,available,0.0
2025-09-30,CPILFESL,2025-09,initial_release,2.7222557806510395,2025-10-24,2025-10-24,2025-10-24,0.0,available,0.0
2025-09-30,GDPC1,2025Q3,initial_release,4.2511297453771135,2025-12-23,2025-12-23,2025-12-23,0.0,available,0.0
2025-09-30,PAYEMS,2025-09,initial_release,119.0,2025-11-20,2025-11-20,2025-11-20,0.0,available,0.0
2025-09-30,PCEPI,2025-09,initial_release,3.219987181631012,2025-12-05,2025-12-05,2025-12-05,0.0,available,0.0
2025-09-30,PCEPILFE,2025-09,initial_release,2.374861315144372,2025-12-05,2025-12-05,2025-12-05,0.0,available,0.0
2025-09-30,UNRATE,2025-09,initial_release,4.4,2025-11-20,2025-11-20,2025-11-20,0.0,available,0.0
2025-11-30,CES0500000003,2025-11,initial_release,1.6288858208966417,2025-12-16,2025-12-16,2025-12-16,0.0,available,0.0
2025-11-30,CPIAUCSL,2025-11,initial_release,2.4502664045531475,2025-12-18,2025-12-18,2025-12-18,0.0,available,0.0
2025-11-30,CPILFESL,2025-11,initial_release,1.9080731336838852,2025-12-18,2025-12-18,2025-12-18,0.0,available,0.0
2025-11-30,GDPC1,2025Q4,initial_release,1.4125209345351664,2026-02-20,2026-02-20,2026-02-20,0.0,available,0.0
2025-11-30,PAYEMS,2025-11,initial_release,64.0,2025-12-16,2025-12-16,2025-12-16,0.0,available,0.0
2025-11-30,PCEPI,2025-11,initial_release,2.485142787455885,2026-01-22,2026-01-22,2026-01-22,0.0,available,0.0
2025-11-30,PCEPILFE,2025-11,initial_release,1.9227148316979026,2026-01-22,2026-01-22,2026-01-22,0.0,available,0.0
2025-11-30,UNRATE,2025-11,initial_release,4.6,2025-12-16,2025-12-16,2025-12-16,0.0,available,0.0
2025-12-31,CES0500000003,2025-12,initial_release,3.8961073186440487,2026-01-09,2026-01-09,2026-01-09,0.0,available,0.0
2025-12-31,CPIAUCSL,2025-12,initial_release,3.6826071315459785,2026-01-13,2026-01-13,2026-01-13,0.0,available,0.0
2025-12-31,CPILFESL,2025-12,initial_release,2.8672810687485395,2026-01-13,2026-01-13,2026-01-13,0.0,available,0.0
2025-12-31,GDPC1,2025Q4,initial_release,1.4125209345351664,2026-02-20,2026-02-20,2026-02-20,0.0,available,0.0
2025-12-31,PAYEMS,2025-12,initial_release,50.0,2026-01-09,2026-01-09,2026-01-09,0.0,available,0.0
2025-12-31,PCEPI,2025-12,initial_release,4.262450246813643,2026-02-20,2026-02-20,2026-02-20,0.0,available,0.0
2025-12-31,PCEPILFE,2025-12,initial_release,4.257139826275136,2026-02-20,2026-02-20,2026-02-20,0.0,available,0.0
2025-12-31,UNRATE,2025-12,initial_release,4.4,2026-01-09,2026-01-09,2026-01-09,0.0,available,0.0
2026-01-31,CES0500000003,2026-01,initial_release,4.852412596571121,2026-02-11,2026-02-11,2026-02-11,0.0,available,0.0
2026-01-31,CPIAUCSL,2026-01,initial_release,2.0483625585395515,2026-02-13,2026-02-13,2026-02-13,0.0,available,0.0
2026-01-31,CPILFESL,2026-01,initial_release,3.535324935565498,2026-02-13,2026-02-13,2026-02-13,0.0,available,0.0
2026-01-31,GDPC1,2026Q1,initial_release,1.970185534602109,2026-04-30,2026-04-30,2026-04-30,0.0,available,0.0
2026-01-31,PAYEMS,2026-01,initial_release,130.0,2026-02-11,2026-02-11,2026-02-11,0.0,available,0.0
2026-01-31,PCEPI,2026-01,initial_release,3.298343588451047,2026-03-13,2026-03-13,2026-03-13,0.0,available,0.0
2026-01-31,PCEPILFE,2026-01,initial_release,4.3538864021670065,2026-03-13,2026-03-13,2026-03-13,0.0,available,0.0
2026-01-31,UNRATE,2026-01,initial_release,4.3,2026-02-11,2026-02-11,2026-02-11,0.0,available,0.0
2026-02-28,CES0500000003,2026-02,initial_release,4.832870003978407,2026-03-06,2026-03-06,2026-03-06,0.0,available,0.0
2026-02-28,CPIAUCSL,2026-02,initial_release,3.1997670507312392,2026-03-11,2026-03-11,2026-03-11,0.0,available,0.0
2026-02-28,CPILFESL,2026-02,initial_release,2.5898059744083213,2026-03-11,2026-03-11,2026-03-11,0.0,available,0.0
2026-02-28,GDPC1,2026Q1,initial_release,1.970185534602109,2026-04-30,2026-04-30,2026-04-30,0.0,available,0.0
2026-02-28,PAYEMS,2026-02,initial_release,-92.0,2026-03-06,2026-03-06,2026-03-06,0.0,available,0.0
2026-02-28,PCEPI,2026-02,initial_release,4.495117750189337,2026-04-09,2026-04-09,2026-04-09,0.0,available,0.0
2026-02-28,PCEPILFE,2026-02,initial_release,4.39422525100106,2026-04-09,2026-04-09,2026-04-09,0.0,available,0.0
2026-02-28,UNRATE,2026-02,initial_release,4.4,2026-03-06,2026-03-06,2026-03-06,0.0,available,0.0
2026-03-31,CES0500000003,2026-03,initial_release,2.8927294040249407,2026-04-03,2026-04-03,2026-04-03,0.0,available,0.0
2026-03-31,CPIAUCSL,2026-03,initial_release,10.337074927015166,2026-04-10,2026-04-10,2026-04-10,0.0,available,0.0
2026-03-31,CPILFESL,2026-03,initial_release,2.3472435020018168,2026-04-10,2026-04-10,2026-04-10,0.0,available,0.0
2026-03-31,GDPC1,2026Q1,initial_release,1.970185534602109,2026-04-30,2026-04-30,2026-04-30,0.0,available,0.0
2026-03-31,PAYEMS,2026-03,initial_release,178.0,2026-04-03,2026-04-03,2026-04-03,0.0,available,0.0
2026-03-31,PCEPI,2026-03,initial_release,7.94374562136646,2026-04-30,2026-04-30,2026-04-30,0.0,available,0.0
2026-03-31,PCEPILFE,2026-03,initial_release,3.513830072884261,2026-04-30,2026-04-30,2026-04-30,0.0,available,0.0
2026-03-31,UNRATE,2026-03,initial_release,4.3,2026-04-03,2026-04-03,2026-04-03,0.0,available,0.0
2020-02-29,CES0500000003,2020-02,latest_revised,4.6340236629385245,2020-03-06,,2026-08-01,,available,0.8412198031141571
2020-02-29,CPIAUCSL,2020-02,latest_revised,0.5694697209555954,2020-03-11,,2026-08-01,,available,-0.4964349197717155
2020-02-29,CPILFESL,2020-02,latest_revised,2.9388540132391228,2020-03-11,,2026-08-01,,available,0.26691834323706587
2020-02-29,GDPC1,2020Q1,latest_revised,-5.300247883186415,2020-04-29,,2026-07-29,,available,-0.39897876497150264
2020-02-29,PAYEMS,2020-02,latest_revised,262.0,2020-03-06,,2026-08-01,,available,-11.0
2020-02-29,PCEPI,2020-02,latest_revised,0.9528228833687535,2020-03-27,,2026-08-01,,available,-0.12001356699684607
2020-02-29,PCEPILFE,2020-02,latest_revised,2.3401435591633657,2020-03-27,,2026-08-01,,available,0.4469960753624491
2020-02-29,UNRATE,2020-02,latest_revised,3.5,2020-03-06,,2026-08-01,,available,0.0
2020-03-31,CES0500000003,2020-03,latest_revised,7.962313131009324,2020-04-03,,2026-08-01,,available,3.3412676865403057
2020-03-31,CPIAUCSL,2020-03,latest_revised,-5.446478307486657,2020-04-10,,2026-08-01,,available,-0.3540437352260284
2020-03-31,CPILFESL,2020-03,latest_revised,-1.4190981100870914,2020-04-10,,2026-08-01,,available,-0.18283040500328696
2020-03-31,GDPC1,2020Q1,latest_revised,-5.300247883186415,2020-04-29,,2026-07-29,,available,-0.39897876497150264
2020-03-31,PAYEMS,2020-03,latest_revised,-1398.0,2020-04-03,,2026-08-01,,available,-697.0
2020-03-31,PCEPI,2020-03,latest_revised,-3.4705354484909634,2020-04-30,,2026-08-01,,available,-0.2496101653168381
2020-03-31,PCEPILFE,2020-03,latest_revised,-0.9056907037738426,2020-04-30,,2026-08-01,,available,0.06165265361062211
2020-03-31,UNRATE,2020-03,latest_revised,4.4,2020-04-03,,2026-08-01,,available,0.0
2020-04-30,CES0500000003,2020-04,latest_revised,53.50554468568269,2020-05-08,,2026-08-01,,available,-1.3097107827139354
2020-04-30,CPIAUCSL,2020-04,latest_revised,-9.542014222821749,2020-05-12,,2026-08-01,,available,0.03739269209148688
2020-04-30,CPILFESL,2020-04,latest_revised,-5.891903728359438,2020-05-12,,2026-08-01,,available,-0.5094350314671203
2020-04-30,GDPC1,2020Q2,latest_revised,-32.81728241610793,2020-07-30,,2026-07-29,,available,7.087497059567482
2020-04-30,PAYEMS,2020-04,latest_revised,-20469.0,2020-05-08,,2026-08-01,,available,31.0
2020-04-30,PCEPI,2020-04,latest_revised,-4.9935442464850155,2020-05-29,,2026-08-01,,available,0.6663301915139641
2020-04-30,PCEPILFE,2020-04,latest_revised,-3.8942238316035827,2020-05-29,,2026-08-01,,available,0.8370720357003592
2020-04-30,UNRATE,2020-04,latest_revised,14.8,2020-05-08,,2026-08-01,,available,0.10000000000000142
2020-05-31,CES0500000003,2020-05,latest_revised,-12.85152845565083,2020-06-05,,2026-08-01,,available,-1.2106945704967842
2020-05-31,CPIAUCSL,2020-05,latest_revised,-1.0784747342981404,2020-06-10,,2026-08-01,,available,-0.44994461263279106
2020-05-31,CPILFESL,2020-05,latest_revised,-1.5091556667758965,2020-06-10,,2026-08-01,,available,-0.7860489979631069
2020-05-31,GDPC1,2020Q2,latest_revised,-32.81728241610793,2020-07-30,,2026-07-29,,available,7.087497059567482
2020-05-31,PAYEMS,2020-05,latest_revised,2614.0,2020-06-05,,2026-08-01,,available,105.0
2020-05-31,PCEPI,2020-05,latest_revised,1.20127067496405,2020-06-26,,2026-08-01,,available,0.04552684817618058
2020-05-31,PCEPILFE,2020-05,latest_revised,1.2535040311814072,2020-06-26,,2026-08-01,,available,0.11161743110577049
2020-05-31,UNRATE,2020-05,latest_revised,13.2,2020-06-05,,2026-08-01,,available,-0.10000000000000142
2020-06-30,CES0500000003,2020-06,latest_revised,-13.807258924592425,2020-07-02,,2026-08-01,,available,0.4085106422426321
2020-06-30,CPIAUCSL,2020-06,latest_revised,5.802945534001935,2020-07-14,,2026-08-01,,available,-0.9622220384144953
2020-06-30,CPILFESL,2020-06,latest_revised,1.9741713330127197,2020-07-14,,2026-08-01,,available,-0.843483948512258
2020-06-30,GDPC1,2020Q2,latest_revised,-32.81728241610793,2020-07-30,,2026-07-29,,available,7.087497059567482
2020-06-30,PAYEMS,2020-06,latest_revised,4631.0,2020-07-02,,2026-08-01,,available,-169.0
2020-06-30,PCEPI,2020-06,latest_revised,3.7807650432220896,2020-07-31,,2026-08-01,,available,-0.6621355180488564
2020-06-30,PCEPILFE,2020-06,latest_revised,1.8720663039665908,2020-07-31,,2026-08-01,,available,-0.5636836714291604
2020-06-30,UNRATE,2020-06,latest_revised,11.0,2020-07-02,,2026-08-01,,available,-0.09999999999999964
2020-07-31,CES0500000003,2020-07,latest_revised,0.40837162211389,2020-08-07,,2026-08-01,,available,-2.4531524727365195
2020-07-31,CPIAUCSL,2020-07,latest_revised,6.100200566158875,2020-08-12,,2026-08-01,,available,-0.9192811279614688
2020-07-31,CPILFESL,2020-07,latest_revised,6.931258229378656,2020-08-12,,2026-08-01,,available,-0.487552166362093
2020-07-31,GDPC1,2020Q3,latest_revised,29.902998544979198,2020-10-29,,2026-07-29,,available,1.3235989321323416
2020-07-31,PAYEMS,2020-07,latest_revised,1584.0,2020-08-07,,2026-08-01,,available,-179.0
2020-07-31,PCEPI,2020-07,latest_revised,3.5394187921259146,2020-08-28,,2026-08-01,,available,-0.2995117450758755
2020-07-31,PCEPILFE,2020-07,latest_revised,4.261538974822443,2020-08-28,,2026-08-01,,available,0.07667703192595354
2020-07-31,UNRATE,2020-07,latest_revised,10.2,2020-08-07,,2026-08-01,,available,0.0
2020-08-31,CES0500000003,2020-08,latest_revised,4.076090875630278,2020-09-04,,2026-08-01,,available,-0.4114207283160809
2020-08-31,CPIAUCSL,2020-08,latest_revised,4.469278909179053,2020-09-11,,2026-08-01,,available,0.03412289710524874
2020-08-31,CPILFESL,2020-08,latest_revised,4.627010404094989,2020-09-11,,2026-08-01,,available,0.01008869242227206
2020-08-31,GDPC1,2020Q3,latest_revised,29.902998544979198,2020-10-29,,2026-07-29,,available,1.3235989321323416
2020-08-31,PAYEMS,2020-08,latest_revised,1566.0,2020-09-04,,2026-08-01,,available,195.0
2020-08-31,PCEPI,2020-08,latest_revised,3.3459400616489887,2020-10-01,,2026-08-01,,available,-0.44366142986405066
2020-08-31,PCEPILFE,2020-08,latest_revised,3.49415034202174,2020-10-01,,2026-08-01,,available,-0.501829258688602
2020-08-31,UNRATE,2020-08,latest_revised,8.4,2020-09-04,,2026-08-01,,available,0.0
2020-09-30,CES0500000003,2020-09,latest_revised,0.8135593531964247,2020-10-02,,2026-08-01,,available,-0.0011046292126337676
2020-09-30,CPIAUCSL,2020-09,latest_revised,3.147236708607082,2020-10-13,,2026-08-01,,available,0.7097971816268256
2020-09-30,CPILFESL,2020-09,latest_revised,2.2822907941367987,2020-10-13,,2026-08-01,,available,-0.023982464079708166
2020-09-30,GDPC1,2020Q3,latest_revised,29.902998544979198,2020-10-29,,2026-07-29,,available,1.3235989321323416
2020-09-30,PAYEMS,2020-09,latest_revised,949.0,2020-10-02,,2026-08-01,,available,288.0
2020-09-30,PCEPI,2020-09,latest_revised,2.137886592517546,2020-10-30,,2026-08-01,,available,0.20221150953041445
2020-09-30,PCEPILFE,2020-09,latest_revised,1.9026554759065561,2020-10-30,,2026-08-01,,available,-0.23532182290253445
2020-09-30,UNRATE,2020-09,latest_revised,7.8,2020-10-02,,2026-08-01,,available,-0.10000000000000053
2020-10-31,CES0500000003,2020-10,latest_revised,1.2193057780624628,2020-11-06,,2026-08-01,,available,-0.40891699548541993
2020-10-31,CPIAUCSL,2020-10,latest_revised,1.4852514599901667,2020-11-12,,2026-08-01,,available,0.9504160705471776
2020-10-31,CPILFESL,2020-10,latest_revised,1.6632019294529954,2020-11-12,,2026-08-01,,available,1.5205994337414097
2020-10-31,GDPC1,2020Q4,latest_revised,4.508555862817332,2021-01-28,,2026-07-29,,available,0.574452238416967
2020-10-31,PAYEMS,2020-10,latest_revised,690.0,2020-11-06,,2026-08-01,,available,52.0
2020-10-31,PCEPI,2020-10,latest_revised,1.073222784277661,2020-11-25,,2026-08-01,,available,1.073222784277661
2020-10-31,PCEPILFE,2020-10,latest_revised,1.1037517905755578,2020-11-25,,2026-08-01,,available,1.2721122927764839
2020-10-31,UNRATE,2020-10,latest_revised,6.9,2020-11-06,,2026-08-01,,available,0.0
2020-11-30,CES0500000003,2020-11,latest_revised,4.0554279895827605,2020-12-04,,2026-08-01,,available,0.3987466430201536
2020-11-30,CPIAUCSL,2020-11,latest_revised,2.725861157142262,2020-12-10,,2026-08-01,,available,0.4600672836659214
2020-11-30,CPILFESL,2020-11,latest_revised,3.003967916865946,2020-12-10,,2026-08-01,,available,0.3733201255926133
2020-11-30,GDPC1,2020Q4,latest_revised,4.508555862817332,2021-01-28,,2026-07-29,,available,0.574452238416967
2020-11-30,PAYEMS,2020-11,latest_revised,273.0,2020-12-04,,2026-08-01,,available,28.0
2020-11-30,PCEPI,2020-11,latest_revised,1.2204802177514296,2020-12-23,,2026-08-01,,available,1.0485850734951896
2020-11-30,PCEPILFE,2020-11,latest_revised,1.1141006522333186,2020-12-23,,2026-08-01,,available,0.966790379786886
2020-11-30,UNRATE,2020-11,latest_revised,6.7,2020-12-04,,2026-08-01,,available,0.0
2020-12-31,CES0500000003,2020-12,latest_revised,10.881686656765055,2021-01-08,,2026-08-01,,available,1.58714616797333
2020-12-31,CPIAUCSL,2020-12,latest_revised,5.20427008351767,2021-01-13,,2026-08-01,,available,0.8046570479141479
2020-12-31,CPILFESL,2020-12,latest_revised,1.5990467311119971,2021-01-13,,2026-08-01,,available,0.5768320190366438
2020-12-31,GDPC1,2020Q4,latest_revised,4.508555862817332,2021-01-28,,2026-07-29,,available,0.574452238416967
2020-12-31,PAYEMS,2020-12,latest_revised,-185.0,2021-01-08,,2026-08-01,,available,-45.0
2020-12-31,PCEPI,2020-12,latest_revised,5.017143502077914,2021-01-29,,2026-08-01,,available,-0.07526440289993275
2020-12-31,PCEPILFE,2020-12,latest_revised,3.302114130437417,2021-01-29,,2026-08-01,,available,-0.3541510104515311
2020-12-31,UNRATE,2020-12,latest_revised,6.7,2021-01-08,,2026-08-01,,available,0.0
2021-01-31,CES0500000003,2021-01,latest_revised,0.8021390673008,2021-02-05,,2026-08-01,,available,-1.603474835552987
2021-01-31,CPIAUCSL,2021-01,latest_revised,2.936357547876156,2021-02-10,,2026-08-01,,available,-0.13815285976868097
2021-01-31,CPILFESL,2021-01,latest_revised,0.20416919461538896,2021-02-10,,2026-08-01,,available,-0.1736330734669167
2021-01-31,GDPC1,2021Q1,latest_revised,5.544658613895592,2021-04-29,,2026-07-29,,available,-0.6461000128226146
2021-01-31,PAYEMS,2021-01,latest_revised,315.0,2021-02-05,,2026-08-01,,available,266.0
2021-01-31,PCEPI,2021-01,latest_revised,5.075392515410115,2021-02-26,,2026-08-01,,available,1.005582357462842
2021-01-31,PCEPILFE,2021-01,latest_revised,4.35485945267331,2021-02-26,,2026-08-01,,available,1.3373342227431806
2021-01-31,UNRATE,2021-01,latest_revised,6.4,2021-02-05,,2026-08-01,,available,0.10000000000000053
2021-02-28,CES0500000003,2021-02,latest_revised,4.801606939930991,2021-03-05,,2026-08-01,,available,1.9992703869791129
2021-02-28,CPIAUCSL,2021-02,latest_revised,4.067908719351365,2021-03-10,,2026-08-01,,available,-0.1803522575261951
2021-02-28,CPILFESL,2021-02,latest_revised,1.8005103344616913,2021-03-10,,2026-08-01,,available,0.5834626808908894
2021-02-28,GDPC1,2021Q1,latest_revised,5.544658613895592,2021-04-29,,2026-07-29,,available,-0.6461000128226146
2021-02-28,PAYEMS,2021-02,latest_revised,517.0,2021-03-05,,2026-08-01,,available,138.0
2021-02-28,PCEPI,2021-02,latest_revised,3.984071151764468,2021-03-26,,2026-08-01,,available,1.2241141583515969
2021-02-28,PCEPILFE,2021-02,latest_revised,2.4814137856733254,2021-03-26,,2026-08-01,,available,1.4558710838773692
2021-02-28,UNRATE,2021-02,latest_revised,6.2,2021-03-05,,2026-08-01,,available,0.0
2021-03-31,CES0500000003,2021-03,latest_revised,-0.7989347831731664,2021-04-02,,2026-08-01,,available,0.8021328325909849
2021-03-31,CPIAUCSL,2021-03,latest_revised,6.275414460452566,2021-04-13,,2026-08-01,,available,-1.1434373250832408
2021-03-31,CPILFESL,2021-03,latest_revised,2.9477084523996666,2021-04-13,,2026-08-01,,available,-1.107599711858498
2021-03-31,GDPC1,2021Q1,latest_revised,5.544658613895592,2021-04-29,,2026-07-29,,available,-0.6461000128226146
2021-03-31,PAYEMS,2021-03,latest_revised,852.0,2021-04-02,,2026-08-01,,available,-64.0
2021-03-31,PCEPI,2021-03,latest_revised,6.226073886102057,2021-04-30,,2026-08-01,,available,0.055848467289720816
2021-03-31,PCEPILFE,2021-03,latest_revised,4.857714402780644,2021-04-30,,2026-08-01,,available,0.5644782787339153
2021-03-31,UNRATE,2021-03,latest_revised,6.1,2021-04-02,,2026-08-01,,available,0.09999999999999964
2021-04-30,CES0500000003,2021-04,latest_revised,7.568489819225199,2021-05-07,,2026-08-01,,available,-0.8133836071163358
2021-04-30,CPIAUCSL,2021-04,latest_revised,7.463128979714639,2021-05-12,,2026-08-01,,available,-1.7419008736048625
2021-04-30,CPILFESL,2021-04,latest_revised,9.690413847136625,2021-05-12,,2026-08-01,,available,-1.2589128255495297
2021-04-30,GDPC1,2021Q2,latest_revised,6.750285416705282,2021-07-29,,2026-07-29,,available,0.4499035691665654
2021-04-30,PAYEMS,2021-04,latest_revised,355.0,2021-05-07,,2026-08-01,,available,89.0
2021-04-30,PCEPI,2021-04,latest_revised,6.305447913225848,2021-05-28,,2026-08-01,,available,-0.953808733903827
2021-04-30,PCEPILFE,2021-04,latest_revised,6.993320210898446,2021-05-28,,2026-08-01,,available,-0.9486066147609051
2021-04-30,UNRATE,2021-04,latest_revised,6.1,2021-05-07,,2026-08-01,,available,0.0
2021-05-31,CES0500000003,2021-05,latest_revised,7.521053813615808,2021-06-04,,2026-08-01,,available,1.571611780671489
2021-05-31,CPIAUCSL,2021-05,latest_revised,7.935774355684799,2021-06-10,,2026-08-01,,available,0.22986255567971625
2021-05-31,CPILFESL,2021-05,latest_revised,7.888942594238912,2021-06-10,,2026-08-01,,available,-0.9262432563637901
2021-05-31,GDPC1,2021Q2,latest_revised,6.750285416705282,2021-07-29,,2026-07-29,,available,0.4499035691665654
2021-05-31,PAYEMS,2021-05,latest_revised,478.0,2021-06-04,,2026-08-01,,available,-81.0
2021-05-31,PCEPI,2021-05,latest_revised,6.194839354433768,2021-06-25,,2026-08-01,,available,0.8230271052209304
2021-05-31,PCEPILFE,2021-05,latest_revised,6.020684344498406,2021-06-25,,2026-08-01,,available,0.2632486642252019
2021-05-31,UNRATE,2021-05,latest_revised,5.8,2021-06-04,,2026-08-01,,available,0.0
2021-06-30,CES0500000003,2021-06,latest_revised,5.118957721455963,2021-07-02,,2026-08-01,,available,1.165082645232829
2021-06-30,CPIAUCSL,2021-06,latest_revised,10.111425094105542,2021-07-13,,2026-08-01,,available,-0.6980161156896258
2021-06-30,CPILFESL,2021-06,latest_revised,9.485220669234806,2021-07-13,,2026-08-01,,available,-1.0099550847598948
2021-06-30,GDPC1,2021Q2,latest_revised,6.750285416705282,2021-07-29,,2026-07-29,,available,0.4499035691665654
2021-06-30,PAYEMS,2021-06,latest_revised,755.0,2021-07-02,,2026-08-01,,available,-95.0
2021-06-30,PCEPI,2021-06,latest_revised,6.472000383985943,2021-07-30,,2026-08-01,,available,0.3284375616061652
2021-06-30,PCEPILFE,2021-06,latest_revised,5.58186902293194,2021-07-30,,2026-08-01,,available,0.19781982431332779
2021-06-30,UNRATE,2021-06,latest_revised,5.9,2021-07-02,,2026-08-01,,available,0.0
2021-07-31,CES0500000003,2021-07,latest_revised,4.705888383817758,2021-08-06,,2026-08-01,,available,0.3758853258895911
2021-07-31,CPIAUCSL,2021-07,latest_revised,5.524959212152325,2021-08-11,,2026-08-01,,available,-0.14761957983999707
2021-07-31,CPILFESL,2021-07,latest_revised,4.301288626953337,2021-08-11,,2026-08-01,,available,0.36441571104290915
2021-07-31,GDPC1,2021Q3,latest_revised,3.2866716567674814,2021-10-28,,2026-07-29,,available,1.290762175635507
2021-07-31,PAYEMS,2021-07,latest_revised,942.0,2021-08-06,,2026-08-01,,available,-1.0
2021-07-31,PCEPI,2021-07,latest_revised,5.460159134224796,2021-08-27,,2026-08-01,,available,0.5303158799019769
2021-07-31,PCEPILFE,2021-07,latest_revised,5.016983247395856,2021-08-27,,2026-08-01,,available,0.9734811829101631
2021-07-31,UNRATE,2021-07,latest_revised,5.4,2021-08-06,,2026-08-01,,available,0.0
2021-08-31,CES0500000003,2021-08,latest_revised,4.687505960477978,2021-09-03,,2026-08-01,,available,-1.969388252410198
2021-08-31,CPIAUCSL,2021-08,latest_revised,3.406670558300817,2021-09-14,,2026-08-01,,available,0.1187982997095105
2021-08-31,CPILFESL,2021-08,latest_revised,1.5020310580350582,2021-09-14,,2026-08-01,,available,0.28138309249889915
2021-08-31,GDPC1,2021Q3,latest_revised,3.2866716567674814,2021-10-28,,2026-07-29,,available,1.290762175635507
2021-08-31,PAYEMS,2021-08,latest_revised,552.0,2021-09-03,,2026-08-01,,available,317.0
2021-08-31,PCEPI,2021-08,latest_revised,4.582292143677691,2021-10-01,,2026-08-01,,available,-0.2246818027597186
2021-08-31,PCEPILFE,2021-08,latest_revised,3.8559632568620827,2021-10-01,,2026-08-01,,available,-0.1541505664341969
2021-08-31,UNRATE,2021-08,latest_revised,5.1,2021-09-03,,2026-08-01,,available,-0.10000000000000053
2021-09-30,CES0500000003,2021-09,latest_revised,7.772047893587519,2021-10-08,,2026-08-01,,available,0.35859560431301674
2021-09-30,CPIAUCSL,2021-09,latest_revised,5.418369719968297,2021-10-13,,2026-08-01,,available,0.4793149543818487
2021-09-30,CPILFESL,2021-09,latest_revised,3.0113047062638287,2021-10-13,,2026-08-01,,available,0.09794771395661428
2021-09-30,GDPC1,2021Q3,latest_revised,3.2866716567674814,2021-10-28,,2026-07-29,,available,1.290762175635507
2021-09-30,PAYEMS,2021-09,latest_revised,457.0,2021-10-08,,2026-08-01,,available,263.0
2021-09-30,PCEPI,2021-09,latest_revised,3.932495736277275,2021-10-29,,2026-08-01,,available,0.09892297957847518
2021-09-30,PCEPILFE,2021-09,latest_revised,2.5418863647285406,2021-10-29,,2026-08-01,,available,0.013142987467418266
2021-09-30,UNRATE,2021-09,latest_revised,4.7,2021-10-08,,2026-08-01,,available,-0.09999999999999964
2021-10-31,CES0500000003,2021-10,latest_revised,6.181597700555841,2021-11-05,,2026-08-01,,available,1.9104396564003423
2021-10-31,CPIAUCSL,2021-10,latest_revised,11.51046139566354,2021-11-10,,2026-08-01,,available,0.24367299360150696
2021-10-31,CPILFESL,2021-10,latest_revised,8.422347290082044,2021-11-10,,2026-08-01,,available,1.2528156091537568
2021-10-31,GDPC1,2021Q4,latest_revised,6.804809235885756,2022-01-27,,2026-07-29,,available,0.14419547488415674
2021-10-31,PAYEMS,2021-10,latest_revised,801.0,2021-11-05,,2026-08-01,,available,270.0
2021-10-31,PCEPI,2021-10,latest_revised,7.913215508750326,2021-11-24,,2026-08-01,,available,0.3572837545167573
2021-10-31,PCEPILFE,2021-10,latest_revised,5.9719268589017105,2021-11-24,,2026-08-01,,available,0.8822642309834094
2021-10-31,UNRATE,2021-10,latest_revised,4.5,2021-11-05,,2026-08-01,,available,-0.09999999999999964
2021-11-30,CES0500000003,2021-11,latest_revised,3.463205866961516,2021-12-03,,2026-08-01,,available,0.36543067134058305
2021-11-30,CPIAUCSL,2021-11,latest_revised,10.235736777929105,2021-12-10,,2026-08-01,,available,0.9225821349769348
2021-11-30,CPILFESL,2021-11,latest_revised,7.38171133902874,2021-12-10,,2026-08-01,,available,0.9833502901365421
2021-11-30,GDPC1,2021Q4,latest_revised,6.804809235885756,2022-01-27,,2026-07-29,,available,0.14419547488415674
2021-11-30,PAYEMS,2021-11,latest_revised,658.0,2021-12-03,,2026-08-01,,available,448.0
2021-11-30,PCEPI,2021-11,latest_revised,7.96900284015436,2021-12-23,,2026-08-01,,available,0.6779236651201614
2021-11-30,PCEPILFE,2021-11,latest_revised,6.321577993502103,2021-12-23,,2026-08-01,,available,0.7945139293493497
2021-11-30,UNRATE,2021-11,latest_revised,4.1,2021-12-03,,2026-08-01,,available,-0.10000000000000053
2021-12-31,CES0500000003,2021-12,latest_revised,6.132239470650447,2022-01-07,,2026-08-01,,available,-1.171963763097672
2021-12-31,CPIAUCSL,2021-12,latest_revised,8.257798359917246,2022-01-12,,2026-08-01,,available,2.625597533558377
2021-12-31,CPILFESL,2021-12,latest_revised,7.488073598933909,2022-01-12,,2026-08-01,,available,0.9044948626687699
2021-12-31,GDPC1,2021Q4,latest_revised,6.804809235885756,2022-01-27,,2026-07-29,,available,0.14419547488415674
2021-12-31,PAYEMS,2021-12,latest_revised,586.0,2022-01-07,,2026-08-01,,available,387.0
2021-12-31,PCEPI,2021-12,latest_revised,7.413822080846799,2022-01-28,,2026-08-01,,available,2.0546124945461486
2021-12-31,PCEPILFE,2021-12,latest_revised,6.999497764797269,2022-01-28,,2026-08-01,,available,1.0370388907023909
2021-12-31,UNRATE,2021-12,latest_revised,3.9,2022-01-07,,2026-08-01,,available,0.0
2022-01-31,CES0500000003,2022-01,latest_revised,8.001299686804764,2022-02-04,,2026-08-01,,available,-0.756473597214935
2022-01-31,CPIAUCSL,2022-01,latest_revised,7.2334028046238785,2022-02-10,,2026-08-01,,available,-0.48253972421008484
2022-01-31,CPILFESL,2022-01,latest_revised,6.617528838999576,2022-02-10,,2026-08-01,,available,-0.3614702108897916
2022-01-31,GDPC1,2022Q1,latest_revised,-1.0204951651815009,2022-04-28,,2026-07-29,,available,0.4037068482901418
2022-01-31,PAYEMS,2022-01,latest_revised,190.0,2022-02-04,,2026-08-01,,available,-277.0
2022-01-31,PCEPI,2022-01,latest_revised,6.549466026202566,2022-02-25,,2026-08-01,,available,-0.2642098332735543
2022-01-31,PCEPILFE,2022-01,latest_revised,5.994801942606287,2022-02-25,,2026-08-01,,available,-0.19393802798255422
2022-01-31,UNRATE,2022-01,latest_revised,4.0,2022-02-04,,2026-08-01,,available,0.0
2022-02-28,CES0500000003,2022-02,latest_revised,1.5180267679042458,2022-03-04,,2026-08-01,,available,1.137979258789379
2022-02-28,CPIAUCSL,2022-02,latest_revised,8.283002608367696,2022-03-10,,2026-08-01,,available,-1.251506096995314
2022-02-28,CPILFESL,2022-02,latest_revised,6.327336712219989,2022-03-10,,2026-08-01,,available,0.2804049235429318
2022-02-28,GDPC1,2022Q1,latest_revised,-1.0204951651815009,2022-04-28,,2026-07-29,,available,0.4037068482901418
2022-02-28,PAYEMS,2022-02,latest_revised,819.0,2022-03-04,,2026-08-01,,available,141.0
2022-02-28,PCEPI,2022-02,latest_revised,7.063960012126103,2022-03-31,,2026-08-01,,available,0.13670928679125893
2022-02-28,PCEPILFE,2022-02,latest_revised,5.26100894363033,2022-03-31,,2026-08-01,,available,1.0225983237415193
2022-02-28,UNRATE,2022-02,latest_revised,3.9,2022-03-04,,2026-08-01,,available,0.10000000000000009
2022-03-31,CES0500000003,2022-03,latest_revised,6.05297626401331,2022-04-01,,2026-08-01,,available,1.1263942613277678
2022-03-31,CPIAUCSL,2022-03,latest_revised,13.313569190567165,2022-04-12,,2026-08-01,,available,-1.4838695325430251
2022-03-31,CPILFESL,2022-03,latest_revised,3.254991784932315,2022-04-12,,2026-08-01,,available,-0.6278670066773628
2022-03-31,GDPC1,2022Q1,latest_revised,-1.0204951651815009,2022-04-28,,2026-07-29,,available,0.4037068482901418
2022-03-31,PAYEMS,2022-03,latest_revised,490.0,2022-04-01,,2026-08-01,,available,59.0
2022-03-31,PCEPI,2022-03,latest_revised,10.508095575281118,2022-04-29,,2026-08-01,,available,0.1594688089120666
2022-03-31,PCEPILFE,2022-03,latest_revised,4.749276327281393,2022-04-29,,2026-08-01,,available,1.2438027248609984
2022-03-31,UNRATE,2022-03,latest_revised,3.7,2022-04-01,,2026-08-01,,available,0.10000000000000009
2022-04-30,CES0500000003,2022-04,latest_revised,6.022597334331614,2022-05-06,,2026-08-01,,available,2.249009318965811
2022-04-30,CPIAUCSL,2022-04,latest_revised,3.69432901744311,2022-05-11,,2026-08-01,,available,-0.2822799678696697
2022-04-30,CPILFESL,2022-04,latest_revised,6.0375923212589555,2022-05-11,,2026-08-01,,available,-0.7738045042902542
2022-04-30,GDPC1,2022Q2,latest_revised,0.6256983803410776,2022-07-28,,2026-07-29,,available,1.5642721535058968
2022-04-30,PAYEMS,2022-04,latest_revised,308.0,2022-05-06,,2026-08-01,,available,-120.0
2022-04-30,PCEPI,2022-04,latest_revised,3.59035687255691,2022-05-27,,2026-08-01,,available,0.6293119076644871
2022-04-30,PCEPILFE,2022-04,latest_revised,4.169378390427525,2022-05-27,,2026-08-01,,available,0.044204707567985224
2022-04-30,UNRATE,2022-04,latest_revised,3.7,2022-05-06,,2026-08-01,,available,0.10000000000000009
2022-05-31,CES0500000003,2022-05,latest_revised,5.245091085475551,2022-06-03,,2026-08-01,,available,1.4833325190299007
2022-05-31,CPIAUCSL,2022-05,latest_revised,11.328355313571237,2022-06-10,,2026-08-01,,available,-0.30071298926905854
2022-05-31,CPILFESL,2022-05,latest_revised,6.381317423640809,2022-06-10,,2026-08-01,,available,-1.1719384353977347
2022-05-31,GDPC1,2022Q2,latest_revised,0.6256983803410776,2022-07-28,,2026-07-29,,available,1.5642721535058968
2022-05-31,PAYEMS,2022-05,latest_revised,301.0,2022-06-03,,2026-08-01,,available,-89.0
2022-05-31,PCEPI,2022-05,latest_revised,7.4291384603746735,2022-06-30,,2026-08-01,,available,0.39845575234593866
2022-05-31,PCEPILFE,2022-05,latest_revised,4.1866039558644985,2022-06-30,,2026-08-01,,available,0.016962391280372913
2022-05-31,UNRATE,2022-05,latest_revised,3.6,2022-06-03,,2026-08-01,,available,0.0
2022-06-30,CES0500000003,2022-06,latest_revised,3.359778209695641,2022-07-08,,2026-08-01,,available,-0.38671250131088186
2022-06-30,CPIAUCSL,2022-06,latest_revised,14.97934180300291,2022-07-13,,2026-08-01,,available,-0.7836123117982652
2022-06-30,CPILFESL,2022-06,latest_revised,8.136346181338538,2022-07-13,,2026-08-01,,available,-0.3117567866038229
2022-06-30,GDPC1,2022Q2,latest_revised,0.6256983803410776,2022-07-28,,2026-07-29,,available,1.5642721535058968
2022-06-30,PAYEMS,2022-06,latest_revised,434.0,2022-07-08,,2026-08-01,,available,62.0
2022-06-30,PCEPI,2022-06,latest_revised,11.505797496725023,2022-07-29,,2026-08-01,,available,0.14253037308904482
2022-06-30,PCEPILFE,2022-06,latest_revised,7.081777313018378,2022-07-29,,2026-08-01,,available,-0.034967112432227054
2022-06-30,UNRATE,2022-06,latest_revised,3.6,2022-07-08,,2026-08-01,,available,0.0
2022-07-31,CES0500000003,2022-07,latest_revised,5.578810605892848,2022-08-05,,2026-08-01,,available,-0.01212977647870872
2022-07-31,CPIAUCSL,2022-07,latest_revised,-0.1790224968150511,2022-08-10,,2026-08-01,,available,0.05260674811182753
2022-07-31,CPILFESL,2022-07,latest_revised,4.228555241381926,2022-08-10,,2026-08-01,,available,0.47975421959058906
2022-07-31,GDPC1,2022Q3,latest_revised,2.877225330117028,2022-10-27,,2026-07-29,,available,0.3429577584057597
2022-07-31,PAYEMS,2022-07,latest_revised,714.0,2022-08-05,,2026-08-01,,available,186.0
2022-07-31,PCEPI,2022-07,latest_revised,-0.0720198569251096,2022-08-26,,2026-08-01,,available,0.7269278999714857
2022-07-31,PCEPILFE,2022-07,latest_revised,2.6410029699100335,2022-08-26,,2026-08-01,,available,1.6265502099770401
2022-07-31,UNRATE,2022-07,latest_revised,3.5,2022-08-05,,2026-08-01,,available,0.0
2022-08-31,CES0500000003,2022-08,latest_revised,3.7048501179016924,2022-09-02,,2026-08-01,,available,-0.009173273971896378
2022-08-31,CPIAUCSL,2022-08,latest_revised,0.7484619147412275,2022-09-13,,2026-08-01,,available,-0.669058571099157
2022-08-31,CPILFESL,2022-08,latest_revised,5.869966050672204,2022-09-13,,2026-08-01,,available,-0.9180127060776755
2022-08-31,GDPC1,2022Q3,latest_revised,2.877225330117028,2022-10-27,,2026-07-29,,available,0.3429577584057597
2022-08-31,PAYEMS,2022-08,latest_revised,290.0,2022-09-02,,2026-08-01,,available,-25.0
2022-08-31,PCEPI,2022-08,latest_revised,3.3392290808944125,2022-09-30,,2026-08-01,,available,-0.0797703585384113
2022-08-31,PCEPILFE,2022-08,latest_revised,6.764580513419816,2022-09-30,,2026-08-01,,available,0.03953612459710598
2022-08-31,UNRATE,2022-08,latest_revised,3.6,2022-09-02,,2026-08-01,,available,-0.10000000000000009
2022-09-30,CES0500000003,2022-09,latest_revised,4.799268049116101,2022-10-07,,2026-08-01,,available,1.096704173730778
2022-09-30,CPIAUCSL,2022-09,latest_revised,5.080437585541375,2022-10-13,,2026-08-01,,available,0.4577312758222263
2022-09-30,CPILFESL,2022-09,latest_revised,6.823599623180243,2022-10-13,,2026-08-01,,available,-0.06683417752455512
2022-09-30,GDPC1,2022Q3,latest_revised,2.877225330117028,2022-10-27,,2026-07-29,,available,0.3429577584057597
2022-09-30,PAYEMS,2022-09,latest_revised,220.0,2022-10-07,,2026-08-01,,available,-43.0
2022-09-30,PCEPI,2022-09,latest_revised,4.250474940296556,2022-10-28,,2026-08-01,,available,0.26002766521209253
2022-09-30,PCEPILFE,2022-09,latest_revised,5.318015835931433,2022-10-28,,2026-08-01,,available,-0.08024294080932748
2022-09-30,UNRATE,2022-09,latest_revised,3.5,2022-10-07,,2026-08-01,,available,0.0
2022-10-31,CES0500000003,2022-10,latest_revised,4.780150338078926,2022-11-04,,2026-08-01,,available,0.3521010331340335
2022-10-31,CPIAUCSL,2022-10,latest_revised,6.694994787173059,2022-11-10,,2026-08-01,,available,1.4456937697904237
2022-10-31,CPILFESL,2022-10,latest_revised,4.710652357515954,2022-11-10,,2026-08-01,,available,1.456513727717379
2022-10-31,GDPC1,2022Q4,latest_revised,2.7514765401292607,2023-01-26,,2026-07-29,,available,-0.09908333968553507
2022-10-31,PAYEMS,2022-10,latest_revised,357.0,2022-11-04,,2026-08-01,,available,96.0
2022-10-31,PCEPI,2022-10,latest_revised,5.589707926721488,2022-12-01,,2026-08-01,,available,1.5749706244879036
2022-10-31,PCEPILFE,2022-10,latest_revised,4.303601288410874,2022-12-01,,2026-08-01,,available,1.6769269982869872
2022-10-31,UNRATE,2022-10,latest_revised,3.6,2022-11-04,,2026-08-01,,available,-0.10000000000000009
2022-11-30,CES0500000003,2022-11,latest_revised,4.395609310484083,2022-12-02,,2026-08-01,,available,-2.20385736876203
2022-11-30,CPIAUCSL,2022-11,latest_revised,3.1327462986844523,2022-12-13,,2026-08-01,,available,1.9778379331999218
2022-11-30,CPILFESL,2022-11,latest_revised,3.7057075690182018,2022-12-13,,2026-08-01,,available,1.3238688020649647
2022-11-30,GDPC1,2022Q4,latest_revised,2.7514765401292607,2023-01-26,,2026-07-29,,available,-0.09908333968553507
2022-11-30,PAYEMS,2022-11,latest_revised,303.0,2022-12-02,,2026-08-01,,available,40.0
2022-11-30,PCEPI,2022-11,latest_revised,3.0998183602413576,2022-12-23,,2026-08-01,,available,1.848635237315932
2022-11-30,PCEPILFE,2022-11,latest_revised,3.454456440057996,2022-12-23,,2026-08-01,,available,1.4390686440730605
2022-11-30,UNRATE,2022-11,latest_revised,3.6,2022-12-02,,2026-08-01,,available,-0.10000000000000009
2022-12-31,CES0500000003,2022-12,latest_revised,4.379566905059207,2023-01-06,,2026-08-01,,available,1.0843703264326265
2022-12-31,CPIAUCSL,2022-12,latest_revised,0.1847333919297256,2023-01-12,,2026-08-01,,available,1.138358239042958
2022-12-31,CPILFESL,2022-12,latest_revised,4.263788743929453,2023-01-12,,2026-08-01,,available,0.6380705590579794
2022-12-31,GDPC1,2022Q4,latest_revised,2.7514765401292607,2023-01-26,,2026-07-29,,available,-0.09908333968553507
2022-12-31,PAYEMS,2022-12,latest_revised,100.0,2023-01-06,,2026-08-01,,available,-123.0
2022-12-31,PCEPI,2022-12,latest_revised,1.6229377642840603,2023-01-27,,2026-08-01,,available,0.9978200396812298
2022-12-31,PCEPILFE,2022-12,latest_revised,4.245135931212118,2023-01-27,,2026-08-01,,available,0.6925568807108817
2022-12-31,UNRATE,2022-12,latest_revised,3.5,2023-01-06,,2026-08-01,,available,0.0
2023-01-31,CES0500000003,2023-01,latest_revised,2.9108564909854806,2023-02-03,,2026-08-01,,available,-0.7277151263249237
2023-01-31,CPIAUCSL,2023-01,latest_revised,6.359943598388185,2023-02-14,,2026-08-01,,available,0.17104065773523303
2023-01-31,CPILFESL,2023-01,latest_revised,4.958651904785327,2023-02-14,,2026-08-01,,available,0.024868914410447474
2023-01-31,GDPC1,2023Q1,latest_revised,2.884974679699326,2023-04-27,,2026-07-29,,available,1.8282862012974022
2023-01-31,PAYEMS,2023-01,latest_revised,434.0,2023-02-03,,2026-08-01,,available,-83.0
2023-01-31,PCEPI,2023-01,latest_revised,6.409396792582811,2023-02-24,,2026-08-01,,available,-1.0003063412714397
2023-01-31,PCEPILFE,2023-01,latest_revised,5.660749993232628,2023-02-24,,2026-08-01,,available,-1.1726996230194686
2023-01-31,UNRATE,2023-01,latest_revised,3.5,2023-02-03,,2026-08-01,,available,0.10000000000000009
2023-02-28,CES0500000003,2023-02,latest_revised,4.715133767867563,2023-03-10,,2026-08-01,,available,1.8104424857641632
2023-02-28,CPIAUCSL,2023-02,latest_revised,4.107203238607937,2023-03-14,,2026-08-01,,available,-0.3246697994004677
2023-02-28,CPILFESL,2023-02,latest_revised,5.857963228848817,2023-03-14,,2026-08-01,,available,0.4470254089337544
2023-02-28,GDPC1,2023Q1,latest_revised,2.884974679699326,2023-04-27,,2026-07-29,,available,1.8282862012974022
2023-02-28,PAYEMS,2023-02,latest_revised,290.0,2023-03-10,,2026-08-01,,available,-21.0
2023-02-28,PCEPI,2023-02,latest_revised,3.5337522967314072,2023-03-31,,2026-08-01,,available,0.3819573668998544
2023-02-28,PCEPILFE,2023-02,latest_revised,4.322235106845795,2023-03-31,,2026-08-01,,available,0.7294606249089952
2023-02-28,UNRATE,2023-02,latest_revised,3.6,2023-03-10,,2026-08-01,,available,0.0
2023-03-31,CES0500000003,2023-03,latest_revised,4.33604807821677,2023-04-07,,2026-08-01,,available,1.0766526836837542
2023-03-31,CPIAUCSL,2023-03,latest_revised,1.4759537790641986,2023-04-12,,2026-08-01,,available,0.8396190520944202
2023-03-31,CPILFESL,2023-03,latest_revised,4.033683447471859,2023-04-12,,2026-08-01,,available,-0.574813789097206
2023-03-31,GDPC1,2023Q1,latest_revised,2.884974679699326,2023-04-27,,2026-07-29,,available,1.8282862012974022
2023-03-31,PAYEMS,2023-03,latest_revised,68.0,2023-04-07,,2026-08-01,,available,-168.0
2023-03-31,PCEPI,2023-03,latest_revised,1.6977320365413107,2023-04-28,,2026-08-01,,available,0.7857984878043567
2023-03-31,PCEPILFE,2023-03,latest_revised,3.9213729211613924,2023-04-28,,2026-08-01,,available,0.5593383923176987
2023-03-31,UNRATE,2023-03,latest_revised,3.5,2023-04-07,,2026-08-01,,available,0.0
2023-04-30,CES0500000003,2023-04,latest_revised,5.757132481945959,2023-05-05,,2026-08-01,,available,-0.012109399777315843
2023-04-30,CPIAUCSL,2023-04,latest_revised,4.064396459224895,2023-05-10,,2026-08-01,,available,-0.34090940139428483
2023-04-30,CPILFESL,2023-04,latest_revised,5.442061638660789,2023-05-10,,2026-08-01,,available,0.5418457498695517
2023-04-30,GDPC1,2023Q2,latest_revised,2.503636219206129,2023-07-27,,2026-07-29,,available,0.11803270172237035
2023-04-30,PAYEMS,2023-04,latest_revised,241.0,2023-05-05,,2026-08-01,,available,-12.0
2023-04-30,PCEPI,2023-04,latest_revised,4.138816323857242,2023-05-26,,2026-08-01,,available,-0.22027621987668056
2023-04-30,PCEPILFE,2023-04,latest_revised,4.242165321368674,2023-05-26,,2026-08-01,,available,-0.31241982007621516
2023-04-30,UNRATE,2023-04,latest_revised,3.4,2023-05-05,,2026-08-01,,available,0.0
2023-05-31,CES0500000003,2023-05,latest_revised,2.510086078816265,2023-06-02,,2026-08-01,,available,-1.4437889974068696
2023-05-31,CPIAUCSL,2023-05,latest_revised,1.936062210295475,2023-06-13,,2026-08-01,,available,0.44747386872785455
2023-05-31,CPILFESL,2023-05,latest_revised,4.368713978466587,2023-06-13,,2026-08-01,,available,-0.8468765165638104
2023-05-31,GDPC1,2023Q2,latest_revised,2.503636219206129,2023-07-27,,2026-07-29,,available,0.11803270172237035
2023-05-31,PAYEMS,2023-05,latest_revised,280.0,2023-06-02,,2026-08-01,,available,-59.0
2023-05-31,PCEPI,2023-05,latest_revised,1.9891633494271588,2023-06-30,,2026-08-01,,available,0.44810164880537684
2023-05-31,PCEPILFE,2023-05,latest_revised,3.5220383794509758,2023-06-30,,2026-08-01,,available,-0.24845268189892522
2023-05-31,UNRATE,2023-05,latest_revised,3.6,2023-06-02,,2026-08-01,,available,-0.10000000000000009
2023-06-30,CES0500000003,2023-06,latest_revised,6.78674230492895,2023-07-07,,2026-08-01,,available,2.4907949960690345
2023-06-30,CPIAUCSL,2023-06,latest_revised,2.687093201810953,2023-07-12,,2026-08-01,,available,0.5248058106914755
2023-06-30,CPILFESL,2023-06,latest_revised,2.6105008233255234,2023-07-12,,2026-08-01,,available,0.721297939503529
2023-06-30,GDPC1,2023Q2,latest_revised,2.503636219206129,2023-07-27,,2026-07-29,,available,0.11803270172237035
2023-06-30,PAYEMS,2023-06,latest_revised,225.0,2023-07-07,,2026-08-01,,available,16.0
2023-06-30,PCEPI,2023-06,latest_revised,3.1817954880590804,2023-07-28,,2026-08-01,,available,1.245938038349692
2023-06-30,PCEPILFE,2023-06,latest_revised,3.089659655519128,2023-07-28,,2026-08-01,,available,1.1053372190360733
2023-06-30,UNRATE,2023-06,latest_revised,3.6,2023-07-07,,2026-08-01,,available,0.0
2023-07-31,CES0500000003,2023-07,latest_revised,5.685530327787092,2023-08-04,,2026-08-01,,available,0.6959181493908062
2023-07-31,CPIAUCSL,2023-07,latest_revised,2.3462807927561613,2023-08-10,,2026-08-01,,available,0.34558646605411525
2023-07-31,CPILFESL,2023-07,latest_revised,2.480552721830165,2023-08-10,,2026-08-01,,available,0.5671171103767136
2023-07-31,GDPC1,2023Q3,latest_revised,4.5880109584366835,2023-10-26,,2026-07-29,,available,-0.1747529006969728
2023-07-31,PAYEMS,2023-07,latest_revised,163.0,2023-08-04,,2026-08-01,,available,-24.0
2023-07-31,PCEPI,2023-07,latest_revised,1.3738407646382456,2023-08-31,,2026-08-01,,available,-1.1805650165229054
2023-07-31,PCEPILFE,2023-07,latest_revised,1.667322592106757,2023-08-31,,2026-08-01,,available,-0.920647159144039
2023-07-31,UNRATE,2023-07,latest_revised,3.5,2023-08-04,,2026-08-01,,available,0.0
2023-08-31,CES0500000003,2023-08,latest_revised,1.417183512811171,2023-09-01,,2026-08-01,,available,-1.4247361103233658
2023-08-31,CPIAUCSL,2023-08,latest_revised,5.788863526361965,2023-09-13,,2026-08-01,,available,-1.7615571305608313
2023-08-31,CPILFESL,2023-08,latest_revised,2.405665758632125,2023-09-13,,2026-08-01,,available,-0.931647334704877
2023-08-31,GDPC1,2023Q3,latest_revised,4.5880109584366835,2023-10-26,,2026-07-29,,available,-0.1747529006969728
2023-08-31,PAYEMS,2023-08,latest_revised,218.0,2023-09-01,,2026-08-01,,available,31.0
2023-08-31,PCEPI,2023-08,latest_revised,3.6063062944371893,2023-09-29,,2026-08-01,,available,-1.1155457912881417
2023-08-31,PCEPILFE,2023-08,latest_revised,1.334197299345874,2023-09-29,,2026-08-01,,available,-0.4025255673866468
2023-08-31,UNRATE,2023-08,latest_revised,3.7,2023-09-01,,2026-08-01,,available,-0.09999999999999964
2023-09-30,CES0500000003,2023-09,latest_revised,4.241536080172459,2023-10-06,,2026-08-01,,available,1.7596324033016586
2023-09-30,CPIAUCSL,2023-09,latest_revised,4.6719919194458726,2023-10-12,,2026-08-01,,available,-0.06740324320979596
2023-09-30,CPILFESL,2023-09,latest_revised,3.711548646037599,2023-10-12,,2026-08-01,,available,-0.15741308514165553
2023-09-30,GDPC1,2023Q3,latest_revised,4.5880109584366835,2023-10-26,,2026-07-29,,available,-0.1747529006969728
2023-09-30,PAYEMS,2023-09,latest_revised,156.0,2023-10-06,,2026-08-01,,available,-180.0
2023-09-30,PCEPI,2023-09,latest_revised,4.4457513853704,2023-10-27,,2026-08-01,,available,0.17604221857858704
2023-09-30,PCEPILFE,2023-09,latest_revised,3.6938968967284325,2023-10-27,,2026-08-01,,available,0.11678474276060058
2023-09-30,UNRATE,2023-09,latest_revised,3.7,2023-10-06,,2026-08-01,,available,-0.09999999999999964
2023-10-31,CES0500000003,2023-10,latest_revised,2.467323530413168,2023-11-03,,2026-08-01,,available,-0.005811453614334994
2023-10-31,CPIAUCSL,2023-10,latest_revised,1.6390992707329133,2023-11-14,,2026-08-01,,available,1.100650229020772
2023-10-31,CPILFESL,2023-10,latest_revised,3.5421475374729283,2023-11-14,,2026-08-01,,available,0.825861206314471
2023-10-31,GDPC1,2023Q4,latest_revised,3.3620596105876643,2024-01-25,,2026-07-29,,available,0.13524535221876022
2023-10-31,PAYEMS,2023-10,latest_revised,159.0,2023-11-03,,2026-08-01,,available,9.0
2023-10-31,PCEPI,2023-10,latest_revised,0.6422316880556167,2023-11-30,,2026-08-01,,available,0.048931029106924484
2023-10-31,PCEPILFE,2023-10,latest_revised,1.8277233151454908,2023-11-30,,2026-08-01,,available,-0.1321301315176271
2023-10-31,UNRATE,2023-10,latest_revised,3.9,2023-11-03,,2026-08-01,,available,0.0
2023-11-30,CES0500000003,2023-11,latest_revised,3.164836999302878,2023-12-08,,2026-08-01,,available,-1.0654846555191
2023-11-30,CPIAUCSL,2023-11,latest_revised,1.761485367704907,2023-12-12,,2026-08-01,,available,0.599571107813901
2023-11-30,CPILFESL,2023-11,latest_revised,3.597026973228168,2023-12-12,,2026-08-01,,available,0.18723403858800225
2023-11-30,GDPC1,2023Q4,latest_revised,3.3620596105876643,2024-01-25,,2026-07-29,,available,0.13524535221876022
2023-11-30,PAYEMS,2023-11,latest_revised,127.0,2023-12-08,,2026-08-01,,available,-72.0
2023-11-30,PCEPI,2023-11,latest_revised,0.08889730307721777,2023-12-22,,2026-08-01,,available,0.9498182119749288
2023-11-30,PCEPILFE,2023-11,latest_revised,1.3266007211047537,2023-12-22,,2026-08-01,,available,0.6269213876350932
2023-11-30,UNRATE,2023-11,latest_revised,3.7,2023-12-08,,2026-08-01,,available,0.0
2023-12-31,CES0500000003,2023-12,latest_revised,4.206840417154112,2024-01-05,,2026-08-01,,available,-1.057095498492977
2023-12-31,CPIAUCSL,2023-12,latest_revised,2.3070608138073823,2024-01-11,,2026-08-01,,available,-1.3234863912494177
2023-12-31,CPILFESL,2023-12,latest_revised,3.080628367322902,2024-01-11,,2026-08-01,,available,-0.622207813728437
2023-12-31,GDPC1,2023Q4,latest_revised,3.3620596105876643,2024-01-25,,2026-07-29,,available,0.13524535221876022
2023-12-31,PAYEMS,2023-12,latest_revised,154.0,2024-01-05,,2026-08-01,,available,-62.0
2023-12-31,PCEPI,2023-12,latest_revised,1.6483451284592832,2024-01-26,,2026-08-01,,available,-0.35957657280505373
2023-12-31,PCEPILFE,2023-12,latest_revised,2.171261268148683,2024-01-26,,2026-08-01,,available,0.11453438748141309
2023-12-31,UNRATE,2023-12,latest_revised,3.8,2024-01-05,,2026-08-01,,available,0.09999999999999964
2024-01-31,CES0500000003,2024-01,latest_revised,6.282736864733884,2024-02-02,,2026-08-01,,available,-0.3346068524150425
2024-01-31,CPIAUCSL,2024-01,latest_revised,3.7138696513263625,2024-02-13,,2026-08-01,,available,0.05425945630292972
2024-01-31,CPILFESL,2024-01,latest_revised,4.29887282989867,2024-02-13,,2026-08-01,,available,-0.4005900366131243
2024-01-31,GDPC1,2024Q1,latest_revised,0.8385657658578793,2024-04-25,,2026-07-29,,available,-0.7388128215062295
2024-01-31,PAYEMS,2024-01,latest_revised,175.0,2024-02-02,,2026-08-01,,available,-178.0
2024-01-31,PCEPI,2024-01,latest_revised,5.609096275934533,2024-02-29,,2026-08-01,,available,1.4762799798862858
2024-01-31,PCEPILFE,2024-01,latest_revised,6.20325686930876,2024-02-29,,2026-08-01,,available,1.2263921233703456
2024-01-31,UNRATE,2024-01,latest_revised,3.7,2024-02-02,,2026-08-01,,available,0.0
2024-02-29,CES0500000003,2024-02,latest_revised,1.7393828237439735,2024-03-08,,2026-08-01,,available,0.002517561776649302
2024-02-29,CPIAUCSL,2024-02,latest_revised,4.907001754350304,2024-03-12,,2026-08-01,,available,-0.386052696891781
2024-02-29,CPILFESL,2024-02,latest_revised,4.743744300388286,2024-03-12,,2026-08-01,,available,0.4504268317262472
2024-02-29,GDPC1,2024Q1,latest_revised,0.8385657658578793,2024-04-25,,2026-07-29,,available,-0.7388128215062295
2024-02-29,PAYEMS,2024-02,latest_revised,206.0,2024-03-08,,2026-08-01,,available,-69.0
2024-02-29,PCEPI,2024-02,latest_revised,3.6074332394097297,2024-03-29,,2026-08-01,,available,-0.3824483322322436
2024-02-29,PCEPILFE,2024-02,latest_revised,3.1636984142132007,2024-03-29,,2026-08-01,,available,0.029993624434254684
2024-02-29,UNRATE,2024-02,latest_revised,3.9,2024-03-08,,2026-08-01,,available,0.0
2024-03-31,CES0500000003,2024-03,latest_revised,4.510631304822255,2024-04-05,,2026-08-01,,available,0.3523828470720858
2024-03-31,CPIAUCSL,2024-03,latest_revised,5.305858683940201,2024-04-10,,2026-08-01,,available,0.7775804845973511
2024-03-31,CPILFESL,2024-03,latest_revised,4.6606716861756325,2024-04-10,,2026-08-01,,available,0.3599251445994156
2024-03-31,GDPC1,2024Q1,latest_revised,0.8385657658578793,2024-04-25,,2026-07-29,,available,-0.7388128215062295
2024-03-31,PAYEMS,2024-03,latest_revised,228.0,2024-04-05,,2026-08-01,,available,-75.0
2024-03-31,PCEPI,2024-03,latest_revised,4.299048712094944,2024-04-26,,2026-08-01,,available,0.43191475178261385
2024-03-31,PCEPILFE,2024-03,latest_revised,4.651283200123046,2024-04-26,,2026-08-01,,available,0.856282384346585
2024-03-31,UNRATE,2024-03,latest_revised,3.9,2024-04-05,,2026-08-01,,available,0.10000000000000009
2024-04-30,CES0500000003,2024-04,latest_revised,3.8034897135345247,2024-05-03,,2026-08-01,,available,1.3837855953822142
2024-04-30,CPIAUCSL,2024-04,latest_revised,2.601988968960711,2024-05-15,,2026-08-01,,available,-1.1470727386896584
2024-04-30,CPILFESL,2024-04,latest_revised,3.2419109909035626,2024-05-15,,2026-08-01,,available,-0.2541187236232645
2024-04-30,GDPC1,2024Q2,latest_revised,3.5263554170946065,2024-07-25,,2026-07-29,,available,0.7243161504170814
2024-04-30,PAYEMS,2024-04,latest_revised,64.0,2024-05-03,,2026-08-01,,available,-111.0
2024-04-30,PCEPI,2024-04,latest_revised,2.951551741892189,2024-05-31,,2026-08-01,,available,-0.12365831086675882
2024-04-30,PCEPILFE,2024-04,latest_revised,2.897923336388075,2024-05-31,,2026-08-01,,available,-0.08834188460333792
2024-04-30,UNRATE,2024-04,latest_revised,3.9,2024-05-03,,2026-08-01,,available,0.0
2024-05-31,CES0500000003,2024-05,latest_revised,4.479545761789794,2024-06-07,,2026-08-01,,available,-0.34250435481961716
2024-05-31,CPIAUCSL,2024-05,latest_revised,0.5825633540261776,2024-06-12,,2026-08-01,,available,0.5136013597276445
2024-05-31,CPILFESL,2024-05,latest_revised,1.6836968584879486,2024-06-12,,2026-08-01,,available,-0.27175231132687827
2024-05-31,GDPC1,2024Q2,latest_revised,3.5263554170946065,2024-07-25,,2026-07-29,,available,0.7243161504170814
2024-05-31,PAYEMS,2024-05,latest_revised,78.0,2024-06-07,,2026-08-01,,available,-194.0
2024-05-31,PCEPI,2024-05,latest_revised,0.06810194213997534,2024-06-28,,2026-08-01,,available,0.165582872486425
2024-05-31,PCEPILFE,2024-05,latest_revised,0.7748675106888925,2024-06-28,,2026-08-01,,available,-0.21861995737673112
2024-05-31,UNRATE,2024-05,latest_revised,3.9,2024-06-07,,2026-08-01,,available,-0.10000000000000009
2024-06-30,CES0500000003,2024-06,latest_revised,4.120175721469721,2024-07-05,,2026-08-01,,available,0.6866969842313608
2024-06-30,CPIAUCSL,2024-06,latest_revised,-0.5020607879771433,2024-07-11,,2026-08-01,,available,0.17240439997650014
2024-06-30,CPILFESL,2024-06,latest_revised,1.1123593654161823,2024-07-11,,2026-08-01,,available,0.33559441337871476
2024-06-30,GDPC1,2024Q2,latest_revised,3.5263554170946065,2024-07-25,,2026-07-29,,available,0.7243161504170814
2024-06-30,PAYEMS,2024-06,latest_revised,87.0,2024-07-05,,2026-08-01,,available,-119.0
2024-06-30,PCEPI,2024-06,latest_revised,1.856720246315291,2024-07-26,,2026-08-01,,available,0.9118728220098404
2024-06-30,PCEPILFE,2024-06,latest_revised,2.879296247948915,2024-07-26,,2026-08-01,,available,0.6994948090440545
2024-06-30,UNRATE,2024-06,latest_revised,4.1,2024-07-05,,2026-08-01,,available,0.0
2024-07-31,CES0500000003,2024-07,latest_revised,2.3969190448900335,2024-08-02,,2026-08-01,,available,-0.3435902820978498
2024-07-31,CPIAUCSL,2024-07,latest_revised,2.0108109707727806,2024-08-14,,2026-08-01,,available,0.15311576923373593
2024-07-31,CPILFESL,2024-07,latest_revised,2.0711410535817265,2024-08-14,,2026-08-01,,available,0.09002895893104323
2024-07-31,GDPC1,2024Q3,latest_revised,3.2855812596196188,2024-10-30,,2026-07-29,,available,0.49919001160247944
2024-07-31,PAYEMS,2024-07,latest_revised,53.0,2024-08-02,,2026-08-01,,available,-61.0
2024-07-31,PCEPI,2024-07,latest_revised,1.9120416541486662,2024-08-30,,2026-08-01,,available,0.05289663481846674
2024-07-31,PCEPILFE,2024-07,latest_revised,2.286757373939352,2024-08-30,,2026-08-01,,available,0.3547609284833442
2024-07-31,UNRATE,2024-07,latest_revised,4.2,2024-08-02,,2026-08-01,,available,-0.09999999999999964
2024-08-31,CES0500000003,2024-08,latest_revised,4.779522676892967,2024-09-06,,2026-08-01,,available,-0.0013601409566632583
2024-08-31,CPIAUCSL,2024-08,latest_revised,1.8851845166107495,2024-09-11,,2026-08-01,,available,-0.35936130989462356
2024-08-31,CPILFESL,2024-08,latest_revised,3.0437317669516517,2024-09-11,,2026-08-01,,available,-0.3234256471152719
2024-08-31,GDPC1,2024Q3,latest_revised,3.2855812596196188,2024-10-30,,2026-07-29,,available,0.49919001160247944
2024-08-31,PAYEMS,2024-08,latest_revised,9.0,2024-09-06,,2026-08-01,,available,-133.0
2024-08-31,PCEPI,2024-08,latest_revised,1.482887619294715,2024-09-27,,2026-08-01,,available,0.39563205605475105
2024-08-31,PCEPILFE,2024-08,latest_revised,2.1167381392366735,2024-09-27,,2026-08-01,,available,0.5530035247570453
2024-08-31,UNRATE,2024-08,latest_revised,4.2,2024-09-06,,2026-08-01,,available,0.0
2024-09-30,CES0500000003,2024-09,latest_revised,4.081636588188786,2024-10-04,,2026-08-01,,available,-0.338257911367279
2024-09-30,CPIAUCSL,2024-09,latest_revised,2.5572772776971675,2024-10-10,,2026-08-01,,available,0.400812154181196
2024-09-30,CPILFESL,2024-09,latest_revised,3.679731587715196,2024-10-10,,2026-08-01,,available,-0.06339243208444145
2024-09-30,GDPC1,2024Q3,latest_revised,3.2855812596196188,2024-10-30,,2026-07-29,,available,0.49919001160247944
2024-09-30,PAYEMS,2024-09,latest_revised,155.0,2024-10-04,,2026-08-01,,available,-99.0
2024-09-30,PCEPI,2024-09,latest_revised,2.660722790675152,2024-10-31,,2026-08-01,,available,0.5576949106384177
2024-09-30,PCEPILFE,2024-09,latest_revised,3.289619812379385,2024-10-31,,2026-08-01,,available,0.24734818143343773
2024-09-30,UNRATE,2024-09,latest_revised,4.1,2024-10-04,,2026-08-01,,available,0.0
2024-10-31,CES0500000003,2024-10,latest_revised,4.067800505413288,2024-11-01,,2026-08-01,,available,-0.339606624596378
2024-10-31,CPIAUCSL,2024-10,latest_revised,3.4227920465038864,2024-11-13,,2026-08-01,,available,0.49772632675733064
2024-10-31,CPILFESL,2024-10,latest_revised,3.731891069792681,2024-11-13,,2026-08-01,,available,0.37340635876255135
2024-10-31,GDPC1,2024Q4,latest_revised,1.8352819713321367,2025-01-30,,2026-07-29,,available,-0.39121688467247395
2024-10-31,PAYEMS,2024-10,latest_revised,33.0,2024-11-01,,2026-08-01,,available,21.0
2024-10-31,PCEPI,2024-10,latest_revised,3.1850994738661598,2024-11-27,,2026-08-01,,available,0.3320655739319278
2024-10-31,PCEPILFE,2024-10,latest_revised,3.551992500328538,2024-11-27,,2026-08-01,,available,0.2843821080329434
2024-10-31,UNRATE,2024-10,latest_revised,4.1,2024-11-01,,2026-08-01,,available,0.0
2024-11-30,CES0500000003,2024-11,latest_revised,4.728404654307994,2024-12-06,,2026-08-01,,available,0.33959683633870696
2024-11-30,CPIAUCSL,2024-11,latest_revised,3.405474642969253,2024-12-11,,2026-08-01,,available,-0.34325248167235145
2024-11-30,CPILFESL,2024-11,latest_revised,3.448856170163239,2024-12-11,,2026-08-01,,available,-0.2424630524078708
2024-11-30,GDPC1,2024Q4,latest_revised,1.8352819713321367,2025-01-30,,2026-07-29,,available,-0.39121688467247395
2024-11-30,PAYEMS,2024-11,latest_revised,134.0,2024-12-06,,2026-08-01,,available,-93.0
2024-11-30,PCEPI,2024-11,latest_revised,1.3775886489099776,2024-12-20,,2026-08-01,,available,-0.15737666566941755
2024-11-30,PCEPILFE,2024-11,latest_revised,1.2591105055999918,2024-12-20,,2026-08-01,,available,-0.11921817992437411
2024-11-30,UNRATE,2024-11,latest_revised,4.2,2024-12-06,,2026-08-01,,available,0.0
2024-12-31,CES0500000003,2024-12,latest_revised,3.02987957290064,2025-01-10,,2026-08-01,,available,-0.3371260030604617
2024-12-31,CPIAUCSL,2024-12,latest_revised,4.072342159647846,2025-01-15,,2026-08-01,,available,-0.6358764436267705
2024-12-31,CPILFESL,2024-12,latest_revised,2.236824011695404,2025-01-15,,2026-08-01,,available,-0.4602237461345027
2024-12-31,GDPC1,2024Q4,latest_revised,1.8352819713321367,2025-01-30,,2026-07-29,,available,-0.39121688467247395
2024-12-31,PAYEMS,2024-12,latest_revised,237.0,2025-01-10,,2026-08-01,,available,-19.0
2024-12-31,PCEPI,2024-12,latest_revised,3.288252810712322,2025-01-31,,2026-08-01,,available,0.22432295900287613
2024-12-31,PCEPILFE,2024-12,latest_revised,2.2630750024141832,2025-01-31,,2026-08-01,,available,0.39230777874585954
2024-12-31,UNRATE,2024-12,latest_revised,4.1,2025-01-10,,2026-08-01,,available,0.0
2025-01-31,CES0500000003,2025-01,latest_revised,5.032860725593125,2025-02-07,,2026-08-01,,available,-0.6678625847241548
2025-01-31,CPIAUCSL,2025-01,latest_revised,5.116217406530055,2025-02-12,,2026-08-01,,available,-0.47396310020708654
2025-01-31,CPILFESL,2025-01,latest_revised,5.108227075786331,2025-02-12,,2026-08-01,,available,-0.23593755099611258
2025-01-31,GDPC1,2025Q1,latest_revised,-0.6505944225686733,2025-04-30,,2026-07-29,,available,-0.37416286510847385
2025-01-31,PAYEMS,2025-01,latest_revised,-48.0,2025-02-07,,2026-08-01,,available,-191.0
2025-01-31,PCEPI,2025-01,latest_revised,4.198154412038946,2025-02-28,,2026-08-01,,available,0.2996777252409544
2025-01-31,PCEPILFE,2025-01,latest_revised,3.7719650162749474,2025-02-28,,2026-08-01,,available,0.36016721629756887
2025-01-31,UNRATE,2025-01,latest_revised,4.0,2025-02-07,,2026-08-01,,available,0.0
2025-02-28,CES0500000003,2025-02,latest_revised,3.3435518984196833,2025-03-07,,2026-08-01,,available,-0.0009318718580786367
2025-02-28,CPIAUCSL,2025-02,latest_revised,2.6982348835407066,2025-03-12,,2026-08-01,,available,0.10987741436707665
2025-02-28,CPILFESL,2025-02,latest_revised,3.0530563166728086,2025-03-12,,2026-08-01,,available,0.3364110976882273
2025-02-28,GDPC1,2025Q1,latest_revised,-0.6505944225686733,2025-04-30,,2026-07-29,,available,-0.37416286510847385
2025-02-28,PAYEMS,2025-02,latest_revised,42.0,2025-03-07,,2026-08-01,,available,-109.0
2025-02-28,PCEPI,2025-02,latest_revised,4.812649186796136,2025-03-28,,2026-08-01,,available,0.8794588033332218
2025-02-28,PCEPILFE,2025-02,latest_revised,5.362557576397009,2025-03-28,,2026-08-01,,available,0.9893538311970929
2025-02-28,UNRATE,2025-02,latest_revised,4.2,2025-03-07,,2026-08-01,,available,0.10000000000000053
2025-03-31,CES0500000003,2025-03,latest_revised,5.662744720744328,2025-04-04,,2026-08-01,,available,2.6589884590022095
2025-03-31,CPIAUCSL,2025-03,latest_revised,0.3978331889360476,2025-04-10,,2026-08-01,,available,0.9984056220595505
2025-03-31,CPILFESL,2025-03,latest_revised,0.829295669221608,2025-04-10,,2026-08-01,,available,0.1510942364067347
2025-03-31,GDPC1,2025Q1,latest_revised,-0.6505944225686733,2025-04-30,,2026-07-29,,available,-0.37416286510847385
2025-03-31,PAYEMS,2025-03,latest_revised,67.0,2025-04-04,,2026-08-01,,available,-161.0
2025-03-31,PCEPI,2025-03,latest_revised,0.1905805564188512,2025-04-30,,2026-08-01,,available,0.7249317102864694
2025-03-31,PCEPILFE,2025-03,latest_revised,1.1692731305462445,2025-04-30,,2026-08-01,,available,0.8333658387648768
2025-03-31,UNRATE,2025-03,latest_revised,4.2,2025-04-04,,2026-08-01,,available,0.0
2025-04-30,CES0500000003,2025-04,latest_revised,0.33227191130151823,2025-05-02,,2026-08-01,,available,-1.6660632715719714
2025-04-30,CPIAUCSL,2025-04,latest_revised,1.9384869085392609,2025-05-13,,2026-08-01,,available,-0.7092789421616175
2025-04-30,CPILFESL,2025-04,latest_revised,2.8594355076560163,2025-05-13,,2026-08-01,,available,0.021784723387341387
2025-04-30,GDPC1,2025Q2,latest_revised,3.766212643182598,2025-07-30,,2026-07-29,,available,0.8411606599167953
2025-04-30,PAYEMS,2025-04,latest_revised,108.0,2025-05-02,,2026-08-01,,available,-69.0
2025-04-30,PCEPI,2025-04,latest_revised,1.9897581227617422,2025-05-30,,2026-08-01,,available,0.7880126302076462
2025-04-30,PCEPILFE,2025-04,latest_revised,2.2490824826814304,2025-05-30,,2026-08-01,,available,0.8587340608873006
2025-04-30,UNRATE,2025-04,latest_revised,4.2,2025-05-02,,2026-08-01,,available,0.0
2025-05-31,CES0500000003,2025-05,latest_revised,5.303876037782018,2025-06-06,,2026-08-01,,available,0.32668101368411584
2025-05-31,CPIAUCSL,2025-05,latest_revised,1.1907846237559028,2025-06-11,,2026-08-01,,available,0.22089998659922117
2025-05-31,CPILFESL,2025-05,latest_revised,1.5648343101538842,2025-06-11,,2026-08-01,,available,0.007165451152957303
2025-05-31,GDPC1,2025Q2,latest_revised,3.766212643182598,2025-07-30,,2026-07-29,,available,0.8411606599167953
2025-05-31,PAYEMS,2025-05,latest_revised,13.0,2025-06-06,,2026-08-01,,available,-126.0
2025-05-31,PCEPI,2025-05,latest_revised,2.185879509891109,2025-06-27,,2026-08-01,,available,0.5576244366054084
2025-05-31,PCEPILFE,2025-05,latest_revised,2.750586181132064,2025-06-27,,2026-08-01,,available,0.6070449413062562
2025-05-31,UNRATE,2025-05,latest_revised,4.3,2025-06-06,,2026-08-01,,available,0.09999999999999964
2025-06-30,CES0500000003,2025-06,latest_revised,2.6431728748105954,2025-07-03,,2026-08-01,,available,-0.004373703834836817
2025-06-30,CPIAUCSL,2025-06,latest_revised,3.046469617953562,2025-07-15,,2026-08-01,,available,-0.39235655797291713
2025-06-30,CPILFESL,2025-06,latest_revised,2.8049775127744425,2025-07-15,,2026-08-01,,available,0.06926075431472611
2025-06-30,GDPC1,2025Q2,latest_revised,3.766212643182598,2025-07-30,,2026-07-29,,available,0.8411606599167953
2025-06-30,PAYEMS,2025-06,latest_revised,-20.0,2025-07-03,,2026-08-01,,available,-167.0
2025-06-30,PCEPI,2025-06,latest_revised,3.441807331761737,2025-07-31,,2026-08-01,,available,0.0804605961079119
2025-06-30,PCEPILFE,2025-06,latest_revised,3.1534965014330396,2025-07-31,,2026-08-01,,available,0.08124446351835957
2025-06-30,UNRATE,2025-06,latest_revised,4.1,2025-07-03,,2026-08-01,,available,0.0
2025-07-31,CES0500000003,2025-07,latest_revised,3.6248826135729217,2025-08-01,,2026-08-01,,available,-0.3333397768249924
2025-07-31,CPIAUCSL,2025-07,latest_revised,2.7370879667181214,2025-08-12,,2026-08-01,,available,0.38046106269398194
2025-07-31,CPILFESL,2025-07,latest_revised,3.7444038060073126,2025-08-12,,2026-08-01,,available,-0.11750707547477646
2025-07-31,GDPC1,2025Q3,latest_revised,4.282379361041677,2025-12-23,,2026-07-29,,available,0.031249615664563635
2025-07-31,PAYEMS,2025-07,latest_revised,64.0,2025-08-01,,2026-08-01,,available,-9.0
2025-07-31,PCEPI,2025-07,latest_revised,2.0527945156512573,2025-08-29,,2026-08-01,,available,-0.31578936692362447
2025-07-31,PCEPILFE,2025-07,latest_revised,2.9364380661977663,2025-08-29,,2026-08-01,,available,-0.3376496716889221
2025-07-31,UNRATE,2025-07,latest_revised,4.3,2025-08-01,,2026-08-01,,available,0.09999999999999964
2025-08-31,CES0500000003,2025-08,latest_revised,4.925441310930623,2025-09-05,,2026-08-01,,available,1.6359655668679807
2025-08-31,CPIAUCSL,2025-08,latest_revised,4.171912608459749,2025-09-11,,2026-08-01,,available,-0.40875650543590325
2025-08-31,CPILFESL,2025-08,latest_revised,3.7109185048407767,2025-09-11,,2026-08-01,,available,-0.43337013746658215
2025-08-31,GDPC1,2025Q3,latest_revised,4.282379361041677,2025-12-23,,2026-07-29,,available,0.031249615664563635
2025-08-31,PAYEMS,2025-08,latest_revised,-70.0,2025-09-05,,2026-08-01,,available,-92.0
2025-08-31,PCEPI,2025-08,latest_revised,3.1433275397869664,2025-09-26,,2026-08-01,,available,-0.02855532995447163
2025-08-31,PCEPILFE,2025-08,latest_revised,2.69253976378252,2025-09-26,,2026-08-01,,available,-0.028668088409844472
2025-08-31,UNRATE,2025-08,latest_revised,4.3,2025-09-05,,2026-08-01,,available,0.0
2025-09-30,CES0500000003,2025-09,latest_revised,2.618658976992272,2025-11-20,,2026-08-01,,available,-0.33014796762564913
2025-09-30,CPIAUCSL,2025-09,latest_revised,3.5358677456738263,2025-10-24,,2026-08-01,,available,-0.18419229420310046
2025-09-30,CPILFESL,2025-09,latest_revised,2.6104434048896508,2025-10-24,,2026-08-01,,available,-0.1118123757613887
2025-09-30,GDPC1,2025Q3,latest_revised,4.282379361041677,2025-12-23,,2026-07-29,,available,0.031249615664563635
2025-09-30,PAYEMS,2025-09,latest_revised,76.0,2025-11-20,,2026-08-01,,available,-43.0
2025-09-30,PCEPI,2025-09,latest_revised,3.125712780224532,2025-12-05,,2026-08-01,,available,-0.09427440140648002
2025-09-30,PCEPILFE,2025-09,latest_revised,2.2706851942977835,2025-12-05,,2026-08-01,,available,-0.10417612084658856
2025-09-30,UNRATE,2025-09,latest_revised,4.4,2025-11-20,,2026-08-01,,available,0.0
2025-11-30,CES0500000003,2025-11,latest_revised,4.87475281065457,2025-12-16,,2026-08-01,,available,3.2458669897579284
2025-11-30,CPIAUCSL,2025-11,latest_revised,3.0235281847769357,2025-12-18,,2026-08-01,,available,0.5732617802237883
2025-11-30,CPILFESL,2025-11,latest_revised,2.267708068045593,2025-12-18,,2026-08-01,,available,0.3596349343617078
2025-11-30,GDPC1,2025Q4,latest_revised,0.4810890211217611,2026-02-20,,2026-07-29,,available,-0.9314319134134053
2025-11-30,PAYEMS,2025-11,latest_revised,41.0,2025-12-16,,2026-08-01,,available,-23.0
2025-11-30,PCEPI,2025-11,latest_revised,2.6341393968571936,2026-01-22,,2026-08-01,,available,0.14899660940130843
2025-11-30,PCEPILFE,2025-11,latest_revised,2.1294644238857074,2026-01-22,,2026-08-01,,available,0.20674959218780486
2025-11-30,UNRATE,2025-11,latest_revised,4.5,2025-12-16,,2026-08-01,,available,-0.09999999999999964
2025-12-31,CES0500000003,2025-12,latest_revised,0.6484734013527671,2026-01-09,,2026-08-01,,available,-3.2476339172912816
2025-12-31,CPIAUCSL,2025-12,latest_revised,3.568151006929554,2026-01-13,,2026-08-01,,available,-0.1144561246164244
2025-12-31,CPILFESL,2025-12,latest_revised,2.7915535846730677,2026-01-13,,2026-08-01,,available,-0.07572748407547181
2025-12-31,GDPC1,2025Q4,latest_revised,0.4810890211217611,2026-02-20,,2026-07-29,,available,-0.9314319134134053
2025-12-31,PAYEMS,2025-12,latest_revised,-17.0,2026-01-09,,2026-08-01,,available,-67.0
2025-12-31,PCEPI,2025-12,latest_revised,3.9637317519446214,2026-02-20,,2026-08-01,,available,-0.29871849486902136
2025-12-31,PCEPILFE,2025-12,latest_revised,3.9192531559255173,2026-02-20,,2026-08-01,,available,-0.3378866703496186
2025-12-31,UNRATE,2025-12,latest_revised,4.4,2026-01-09,,2026-08-01,,available,0.0
2026-01-31,CES0500000003,2026-01,latest_revised,4.206556822100005,2026-02-11,,2026-08-01,,available,-0.6458557744711158
2026-01-31,CPIAUCSL,2026-01,latest_revised,2.0483625585395515,2026-02-13,,2026-08-01,,available,0.0
2026-01-31,CPILFESL,2026-01,latest_revised,3.535324935565498,2026-02-13,,2026-08-01,,available,0.0
2026-01-31,GDPC1,2026Q1,latest_revised,2.067664705054284,2026-04-30,,2026-07-29,,available,0.09747917045217491
2026-01-31,PAYEMS,2026-01,latest_revised,160.0,2026-02-11,,2026-08-01,,available,30.0
2026-01-31,PCEPI,2026-01,latest_revised,4.164616620309047,2026-03-13,,2026-08-01,,available,0.8662730318580003
2026-01-31,PCEPILFE,2026-01,latest_revised,5.327287647340739,2026-03-13,,2026-08-01,,available,0.9734012451737328
2026-01-31,UNRATE,2026-01,latest_revised,4.3,2026-02-11,,2026-08-01,,available,0.0
2026-02-28,CES0500000003,2026-02,latest_revised,3.8699307928784066,2026-03-06,,2026-08-01,,available,-0.9629392111000001
2026-02-28,CPIAUCSL,2026-02,latest_revised,3.1997670507312392,2026-03-11,,2026-08-01,,available,0.0
2026-02-28,CPILFESL,2026-02,latest_revised,2.5898059744083213,2026-03-11,,2026-08-01,,available,0.0
2026-02-28,GDPC1,2026Q1,latest_revised,2.067664705054284,2026-04-30,,2026-07-29,,available,0.09747917045217491
2026-02-28,PAYEMS,2026-02,latest_revised,-156.0,2026-03-06,,2026-08-01,,available,-64.0
2026-02-28,PCEPI,2026-02,latest_revised,4.789573270758396,2026-04-09,,2026-08-01,,available,0.2944555205690591
2026-02-28,PCEPILFE,2026-02,latest_revised,4.717661544446017,2026-04-09,,2026-08-01,,available,0.3234362934449564
2026-02-28,UNRATE,2026-02,latest_revised,4.4,2026-03-06,,2026-08-01,,available,0.0
2026-03-31,CES0500000003,2026-03,latest_revised,2.573037705191439,2026-04-03,,2026-08-01,,available,-0.3196916988335019
2026-03-31,CPIAUCSL,2026-03,latest_revised,10.337074927015166,2026-04-10,,2026-08-01,,available,0.0
2026-03-31,CPILFESL,2026-03,latest_revised,2.3472435020018168,2026-04-10,,2026-08-01,,available,0.0
2026-03-31,GDPC1,2026Q1,latest_revised,2.067664705054284,2026-04-30,,2026-07-29,,available,0.09747917045217491
2026-03-31,PAYEMS,2026-03,latest_revised,214.0,2026-04-03,,2026-08-01,,available,36.0
2026-03-31,PCEPI,2026-03,latest_revised,7.977193513431047,2026-04-30,,2026-08-01,,available,0.033447892064586426
2026-03-31,PCEPILFE,2026-03,latest_revised,3.549308831346565,2026-04-30,,2026-08-01,,available,0.03547875846230397
2026-03-31,UNRATE,2026-03,latest_revised,4.3,2026-04-03,,2026-08-01,,available,0.0
