target_mode,candidate_id,state_date,actual_growth,actual_inflation,actual_labour,growth_lower,growth_upper,inflation_lower,inflation_upper,labour_lower,labour_upper,actual_regime,actual_family,growth_error,inflation_error,labour_error,forecast_growth,forecast_inflation,forecast_labour,forecast_regime,forecast_family,probabilities_json,primary_family,secondary_regime,family_top_probability,family_probability_margin,ambiguity_indicator,alternative_families_json,family_probabilities_json,regime_probabilities_json,threshold_family_consensus,scenario_count,forecast_family_probabilities_json,forecast_top_family
fixed_horizon_90d,expanding_robust_z__policy__equal__sensitive,2020-02-29,-2.0,-0.3425080071187406,1.234668504625204,-1.16825691570391,1.826971671353625,-1.2361279490840893,0.7882723601576347,-0.9042301759773208,1.7640751163699666,demand_slowdown,contraction,2.3293573778248575,0.08285578521818576,-0.7479079555694046,0.3293573778248575,-0.2596522219005548,0.4867605490557994,disinflationary_expansion,benign_expansion,"{""balanced_expansion"": 0.0859375, ""demand_slowdown"": 0.197265625, ""disinflationary_expansion"": 0.306640625, ""hard_landing_risk"": 0.03515625, ""mixed_transition"": 0.1728515625, ""overheating"": 0.05078125, ""reflation"": 0.1201171875, ""stagflation_risk"": 0.03125}",contraction,demand_slowdown,1.0,1.0,False,[],"{""adverse_supply"": 0.0, ""benign_expansion"": 0.0, ""contraction"": 1.0, ""inflationary_expansion"": 0.0, ""mixed"": 0.0}","{""balanced_expansion"": 0.0, ""demand_slowdown"": 1.0, ""disinflationary_expansion"": 0.0, ""hard_landing_risk"": 0.0, ""mixed_transition"": 0.0, ""overheating"": 0.0, ""reflation"": 0.0, ""stagflation_risk"": 0.0}",True,81,"{""adverse_supply"": 0.03125, ""benign_expansion"": 0.392578125, ""contraction"": 0.232421875, ""inflationary_expansion"": 0.1708984375, ""mixed"": 0.1728515625}",benign_expansion
fixed_horizon_90d,expanding_robust_z__policy__equal__sensitive,2020-03-31,-2.0,-2.0,0.0333333335299999,-0.8461286633118275,1.9079263554709196,-1.2840096927936049,0.26765002596337645,0.3987070533786882,0.5243583708963194,demand_slowdown,contraction,2.530898846079546,1.2534057412977302,0.42819937860750396,0.5308988460795461,-0.7465942587022698,0.46153271213750385,disinflationary_expansion,benign_expansion,"{""balanced_expansion"": 0.10546875, ""demand_slowdown"": 0.248046875, ""disinflationary_expansion"": 0.5517578125, ""hard_landing_risk"": 0.0, ""mixed_transition"": 0.05859375, ""overheating"": 0.0107421875, ""reflation"": 0.0234375, ""stagflation_risk"": 0.001953125}",contraction,demand_slowdown,1.0,1.0,False,[],"{""adverse_supply"": 0.0, ""benign_expansion"": 0.0, ""contraction"": 1.0, ""inflationary_expansion"": 0.0, ""mixed"": 0.0}","{""balanced_expansion"": 0.0, ""demand_slowdown"": 1.0, ""disinflationary_expansion"": 0.0, ""hard_landing_risk"": 0.0, ""mixed_transition"": 0.0, ""overheating"": 0.0, ""reflation"": 0.0, ""stagflation_risk"": 0.0}",True,81,"{""adverse_supply"": 0.001953125, ""benign_expansion"": 0.6572265625, ""contraction"": 0.248046875, ""inflationary_expansion"": 0.0341796875, ""mixed"": 0.05859375}",benign_expansion
fixed_horizon_90d,expanding_robust_z__policy__equal__sensitive,2020-04-30,-2.0,-2.0,-0.6666666663999999,-2.0,-2.0,-2.0,-1.5622238378399091,-1.226167136338003,0.2630711158430499,hard_landing_risk,contraction,0.0,0.07209676133086318,0.25988716286252167,-2.0,-1.9279032386691368,-0.40677950353747827,demand_slowdown,contraction,"{""balanced_expansion"": 0.0, ""demand_slowdown"": 0.5673828125, ""disinflationary_expansion"": 0.0, ""hard_landing_risk"": 0.4326171875, ""mixed_transition"": 0.0, ""overheating"": 0.0, ""reflation"": 0.0, ""stagflation_risk"": 0.0}",contraction,demand_slowdown,1.0,1.0,False,[],"{""adverse_supply"": 0.0, ""benign_expansion"": 0.0, ""contraction"": 1.0, ""inflationary_expansion"": 0.0, ""mixed"": 0.0}","{""balanced_expansion"": 0.0, ""demand_slowdown"": 0.5555555555555556, ""disinflationary_expansion"": 0.0, ""hard_landing_risk"": 0.4444444444444444, ""mixed_transition"": 0.0, ""overheating"": 0.0, ""reflation"": 0.0, ""stagflation_risk"": 0.0}",True,81,"{""adverse_supply"": 0.0, ""benign_expansion"": 0.0, ""contraction"": 1.0, ""inflationary_expansion"": 0.0, ""mixed"": 0.0}",contraction
fixed_horizon_90d,expanding_robust_z__policy__equal__sensitive,2020-05-31,-2.0,-0.8741292779885583,-0.6666666668,-2.0,-2.0,-1.7429035983413346,-0.25956141802747235,-2.0,-0.6666666663999999,hard_landing_risk,contraction,0.0,-0.2901832535278137,-0.7086646321797857,-2.0,-1.164312531516372,-1.3753312989797857,hard_landing_risk,contraction,"{""balanced_expansion"": 0.0, ""demand_slowdown"": 0.0615234375, ""disinflationary_expansion"": 0.0, ""hard_landing_risk"": 0.9384765625, ""mixed_transition"": 0.0, ""overheating"": 0.0, ""reflation"": 0.0, ""stagflation_risk"": 0.0}",contraction,demand_slowdown,1.0,1.0,False,[],"{""adverse_supply"": 0.0, ""benign_expansion"": 0.0, ""contraction"": 1.0, ""inflationary_expansion"": 0.0, ""mixed"": 0.0}","{""balanced_expansion"": 0.0, ""demand_slowdown"": 0.5555555555555556, ""disinflationary_expansion"": 0.0, ""hard_landing_risk"": 0.4444444444444444, ""mixed_transition"": 0.0, ""overheating"": 0.0, ""reflation"": 0.0, ""stagflation_risk"": 0.0}",True,81,"{""adverse_supply"": 0.0, ""benign_expansion"": 0.0, ""contraction"": 1.0, ""inflationary_expansion"": 0.0, ""mixed"": 0.0}",contraction
fixed_horizon_90d,expanding_robust_z__policy__equal__sensitive,2020-06-30,-2.0,1.5413860934356414,-0.6666666668,-2.0,-2.0,-1.0624849916462435,0.7398436714983072,-0.6666666668,-0.6666666668,hard_landing_risk,contraction,0.0,-1.6674880941768622,0.0,-2.0,-0.12610200074122088,-0.6666666668,hard_landing_risk,contraction,"{""balanced_expansion"": 0.0, ""demand_slowdown"": 0.0, ""disinflationary_expansion"": 0.0, ""hard_landing_risk"": 1.0, ""mixed_transition"": 0.0, ""overheating"": 0.0, ""reflation"": 0.0, ""stagflation_risk"": 0.0}",adverse_supply,stagflation_risk,0.5555555555555556,0.11111111111111116,True,"[""contraction""]","{""adverse_supply"": 0.5555555555555556, ""benign_expansion"": 0.0, ""contraction"": 0.4444444444444444, ""inflationary_expansion"": 0.0, ""mixed"": 0.0}","{""balanced_expansion"": 0.0, ""demand_slowdown"": 0.0, ""disinflationary_expansion"": 0.0, ""hard_landing_risk"": 0.4444444444444444, ""mixed_transition"": 0.0, ""overheating"": 0.0, ""reflation"": 0.0, ""stagflation_risk"": 0.5555555555555556}",False,81,"{""adverse_supply"": 0.0, ""benign_expansion"": 0.0, ""contraction"": 1.0, ""inflationary_expansion"": 0.0, ""mixed"": 0.0}",contraction
fixed_horizon_90d,expanding_robust_z__policy__equal__sensitive,2020-07-31,2.0,2.0,-0.6666666668,2.0,2.0,0.04380775192525714,1.7726835225511501,-0.6666666668,0.3964936446690821,reflation,inflationary_expansion,0.0,-0.8305223910204684,0.0,2.0,1.1694776089795316,-0.6666666668,reflation,inflationary_expansion,"{""balanced_expansion"": 0.0, ""demand_slowdown"": 0.0, ""disinflationary_expansion"": 0.01953125, ""hard_landing_risk"": 0.0, ""mixed_transition"": 0.03515625, ""overheating"": 0.0078125, ""reflation"": 0.9375, ""stagflation_risk"": 0.0}",inflationary_expansion,reflation,1.0,1.0,False,[],"{""adverse_supply"": 0.0, ""benign_expansion"": 0.0, ""contraction"": 0.0, ""inflationary_expansion"": 1.0, ""mixed"": 0.0}","{""balanced_expansion"": 0.0, ""demand_slowdown"": 0.0, ""disinflationary_expansion"": 0.0, ""hard_landing_risk"": 0.0, ""mixed_transition"": 0.0, ""overheating"": 0.0, ""reflation"": 1.0, ""stagflation_risk"": 0.0}",True,81,"{""adverse_supply"": 0.0, ""benign_expansion"": 0.01953125, ""contraction"": 0.0, ""inflationary_expansion"": 0.9453125, ""mixed"": 0.03515625}",inflationary_expansion
fixed_horizon_90d,expanding_robust_z__policy__equal__sensitive,2020-08-31,2.0,1.9084137178517495,0.3722078992117051,2.0,2.0,-0.022627177763871673,1.5907821994371911,-2.0,-0.29940880504224066,overheating,inflationary_expansion,0.0,-0.8962661284515696,-1.0388745660117051,2.0,1.01214758940018,-0.6666666668,reflation,inflationary_expansion,"{""balanced_expansion"": 0.0, ""demand_slowdown"": 0.0, ""disinflationary_expansion"": 0.0146484375, ""hard_landing_risk"": 0.0, ""mixed_transition"": 0.056640625, ""overheating"": 0.0712890625, ""reflation"": 0.857421875, ""stagflation_risk"": 0.0}",inflationary_expansion,reflation,1.0,1.0,False,[],"{""adverse_supply"": 0.0, ""benign_expansion"": 0.0, ""contraction"": 0.0, ""inflationary_expansion"": 1.0, ""mixed"": 0.0}","{""balanced_expansion"": 0.0, ""demand_slowdown"": 0.0, ""disinflationary_expansion"": 0.0, ""hard_landing_risk"": 0.0, ""mixed_transition"": 0.0, ""overheating"": 0.3333333333333333, ""reflation"": 0.6666666666666666, ""stagflation_risk"": 0.0}",True,81,"{""adverse_supply"": 0.0, ""benign_expansion"": 0.0146484375, ""contraction"": 0.0, ""inflationary_expansion"": 0.9287109375, ""mixed"": 0.056640625}",inflationary_expansion
fixed_horizon_90d,expanding_robust_z__policy__equal__sensitive,2020-09-30,2.0,0.041143889157877214,-0.6666666668,2.0,2.0,-1.1735688130480981,1.088788112904933,-2.0,0.6666666668,mixed_transition,mixed,0.0,-0.050065123625084265,0.0,2.0,-0.008921234467207047,-0.6666666668,mixed_transition,mixed,"{""balanced_expansion"": 0.0, ""demand_slowdown"": 0.0, ""disinflationary_expansion"": 0.2412109375, ""hard_landing_risk"": 0.0, ""mixed_transition"": 0.3251953125, ""overheating"": 0.0556640625, ""reflation"": 0.3779296875, ""stagflation_risk"": 0.0}",mixed,mixed_transition,0.8888888888888888,0.7777777777777777,False,"[""inflationary_expansion""]","{""adverse_supply"": 0.0, ""benign_expansion"": 0.0, ""contraction"": 0.0, ""inflationary_expansion"": 0.1111111111111111, ""mixed"": 0.8888888888888888}","{""balanced_expansion"": 0.0, ""demand_slowdown"": 0.0, ""disinflationary_expansion"": 0.0, ""hard_landing_risk"": 0.0, ""mixed_transition"": 0.8888888888888888, ""overheating"": 0.0, ""reflation"": 0.1111111111111111, ""stagflation_risk"": 0.0}",True,81,"{""adverse_supply"": 0.0, ""benign_expansion"": 0.2412109375, ""contraction"": 0.0, ""inflationary_expansion"": 0.43359375, ""mixed"": 0.3251953125}",inflationary_expansion
fixed_horizon_90d,expanding_robust_z__policy__equal__sensitive,2020-10-31,2.0,-1.8299136666892284,-0.6666666668,1.2219696723574027,2.0,-2.0,-0.12572420285294966,-2.0,-0.6666666663999999,disinflationary_expansion,benign_expansion,0.0,0.5557634512774332,-0.7747931119275354,2.0,-1.2741502154117952,-1.4414597787275354,mixed_transition,mixed,"{""balanced_expansion"": 0.0, ""demand_slowdown"": 0.0, ""disinflationary_expansion"": 0.099609375, ""hard_landing_risk"": 0.0, ""mixed_transition"": 0.8662109375, ""overheating"": 0.0, ""reflation"": 0.0341796875, ""stagflation_risk"": 0.0}",mixed,mixed_transition,0.7777777777777778,0.5555555555555556,False,"[""benign_expansion""]","{""adverse_supply"": 0.0, ""benign_expansion"": 0.2222222222222222, ""contraction"": 0.0, ""inflationary_expansion"": 0.0, ""mixed"": 0.7777777777777778}","{""balanced_expansion"": 0.0, ""demand_slowdown"": 0.0, ""disinflationary_expansion"": 0.2222222222222222, ""hard_landing_risk"": 0.0, ""mixed_transition"": 0.7777777777777778, ""overheating"": 0.0, ""reflation"": 0.0, ""stagflation_risk"": 0.0}",False,81,"{""adverse_supply"": 0.0, ""benign_expansion"": 0.099609375, ""contraction"": 0.0, ""inflationary_expansion"": 0.0341796875, ""mixed"": 0.8662109375}",mixed
fixed_horizon_90d,expanding_robust_z__policy__equal__sensitive,2020-11-30,2.0,-1.2409926407330145,0.16808136073543783,2.0,2.0,-1.7595657902500086,0.399400713385578,-1.6357669455333648,0.5034703773504898,disinflationary_expansion,benign_expansion,0.0,0.49545485586554794,-0.8347480275354378,2.0,-0.7455377848674666,-0.6666666668,disinflationary_expansion,benign_expansion,"{""balanced_expansion"": 0.0, ""demand_slowdown"": 0.0, ""disinflationary_expansion"": 0.4228515625, ""hard_landing_risk"": 0.0, ""mixed_transition"": 0.423828125, ""overheating"": 0.005859375, ""reflation"": 0.1474609375, ""stagflation_risk"": 0.0}",benign_expansion,disinflationary_expansion,1.0,1.0,False,[],"{""adverse_supply"": 0.0, ""benign_expansion"": 1.0, ""contraction"": 0.0, ""inflationary_expansion"": 0.0, ""mixed"": 0.0}","{""balanced_expansion"": 0.0, ""demand_slowdown"": 0.0, ""disinflationary_expansion"": 1.0, ""hard_landing_risk"": 0.0, ""mixed_transition"": 0.0, ""overheating"": 0.0, ""reflation"": 0.0, ""stagflation_risk"": 0.0}",True,81,"{""adverse_supply"": 0.0, ""benign_expansion"": 0.4228515625, ""contraction"": 0.0, ""inflationary_expansion"": 0.1533203125, ""mixed"": 0.423828125}",mixed
fixed_horizon_90d,expanding_robust_z__policy__equal__sensitive,2020-12-31,2.0,0.5405525944035507,-0.6666666663999999,2.0,2.0,-1.4318531887073962,0.7813349099938127,-2.0,1.0206912655356204,reflation,inflationary_expansion,0.0,-0.9174281005200922,-4.000000330961484e-10,2.0,-0.37687550611654147,-0.6666666668,disinflationary_expansion,benign_expansion,"{""balanced_expansion"": 0.0, ""demand_slowdown"": 0.0, ""disinflationary_expansion"": 0.3076171875, ""hard_landing_risk"": 0.0, ""mixed_transition"": 0.4052734375, ""overheating"": 0.0302734375, ""reflation"": 0.2568359375, ""stagflation_risk"": 0.0}",inflationary_expansion,reflation,0.8888888888888888,0.7777777777777777,False,"[""mixed""]","{""adverse_supply"": 0.0, ""benign_expansion"": 0.0, ""contraction"": 0.0, ""inflationary_expansion"": 0.8888888888888888, ""mixed"": 0.1111111111111111}","{""balanced_expansion"": 0.0, ""demand_slowdown"": 0.0, ""disinflationary_expansion"": 0.0, ""hard_landing_risk"": 0.0, ""mixed_transition"": 0.1111111111111111, ""overheating"": 0.0, ""reflation"": 0.8888888888888888, ""stagflation_risk"": 0.0}",True,81,"{""adverse_supply"": 0.0, ""benign_expansion"": 0.3076171875, ""contraction"": 0.0, ""inflationary_expansion"": 0.287109375, ""mixed"": 0.4052734375}",mixed
fixed_horizon_90d,expanding_robust_z__policy__equal__sensitive,2021-01-31,2.0,-0.046065349862056904,-0.6755555556879999,-1.3011773489014344,2.0,-0.6895719438909577,1.132738693719003,-2.0,1.0393978305466411,mixed_transition,mixed,-1.4381595706356682,0.50567186040635,-0.5303162837835386,0.5618404293643318,0.45960651054429313,-1.2058718394715384,reflation,inflationary_expansion,"{""balanced_expansion"": 0.0439453125, ""demand_slowdown"": 0.056640625, ""disinflationary_expansion"": 0.0439453125, ""hard_landing_risk"": 0.1474609375, ""mixed_transition"": 0.259765625, ""overheating"": 0.0234375, ""reflation"": 0.396484375, ""stagflation_risk"": 0.0283203125}",mixed,mixed_transition,0.9259259259259259,0.8518518518518519,False,[],"{""adverse_supply"": 0.0, ""benign_expansion"": 0.07407407407407407, ""contraction"": 0.0, ""inflationary_expansion"": 0.0, ""mixed"": 0.9259259259259259}","{""balanced_expansion"": 0.0, ""demand_slowdown"": 0.0, ""disinflationary_expansion"": 0.07407407407407407, ""hard_landing_risk"": 0.0, ""mixed_transition"": 0.9259259259259259, ""overheating"": 0.0, ""reflation"": 0.0, ""stagflation_risk"": 0.0}",True,81,"{""adverse_supply"": 0.0283203125, ""benign_expansion"": 0.087890625, ""contraction"": 0.2041015625, ""inflationary_expansion"": 0.419921875, ""mixed"": 0.259765625}",inflationary_expansion
fixed_horizon_90d,expanding_robust_z__policy__equal__sensitive,2021-02-28,2.0,-0.02257572846805081,0.05441631762593457,-2.0,2.0,-1.1809323295504637,0.878762217087282,-2.0,1.0997619932294551,mixed_transition,mixed,-1.0868418891372973,0.026016191272255643,-1.362930219248223,0.9131581108627027,0.003440462804204833,-1.3085139016222886,mixed_transition,mixed,"{""balanced_expansion"": 0.0283203125, ""demand_slowdown"": 0.072265625, ""disinflationary_expansion"": 0.0927734375, ""hard_landing_risk"": 0.125, ""mixed_transition"": 0.349609375, ""overheating"": 0.0185546875, ""reflation"": 0.3017578125, ""stagflation_risk"": 0.01171875}",mixed,mixed_transition,0.8888888888888888,0.7777777777777777,False,"[""benign_expansion""]","{""adverse_supply"": 0.0, ""benign_expansion"": 0.1111111111111111, ""contraction"": 0.0, ""inflationary_expansion"": 0.0, ""mixed"": 0.8888888888888888}","{""balanced_expansion"": 0.0, ""demand_slowdown"": 0.0, ""disinflationary_expansion"": 0.1111111111111111, ""hard_landing_risk"": 0.0, ""mixed_transition"": 0.8888888888888888, ""overheating"": 0.0, ""reflation"": 0.0, ""stagflation_risk"": 0.0}",True,81,"{""adverse_supply"": 0.01171875, ""benign_expansion"": 0.12109375, ""contraction"": 0.197265625, ""inflationary_expansion"": 0.3203125, ""mixed"": 0.349609375}",mixed
fixed_horizon_90d,expanding_robust_z__policy__equal__sensitive,2021-03-31,2.0,1.9265924492774495,-0.50000000015,-1.1843617018763686,2.0,-0.46089211488120146,1.1475098509780397,-2.0,0.9256461490277764,reflation,inflationary_expansion,0.0,-1.4271711497251345,-0.8240192379350935,2.0,0.49942129955231507,-1.3240192380850935,reflation,inflationary_expansion,"{""balanced_expansion"": 0.0146484375, ""demand_slowdown"": 0.0126953125, ""disinflationary_expansion"": 0.068359375, ""hard_landing_risk"": 0.0244140625, ""mixed_transition"": 0.2373046875, ""overheating"": 0.0244140625, ""reflation"": 0.6171875, ""stagflation_risk"": 0.0009765625}",inflationary_expansion,reflation,1.0,1.0,False,[],"{""adverse_supply"": 0.0, ""benign_expansion"": 0.0, ""contraction"": 0.0, ""inflationary_expansion"": 1.0, ""mixed"": 0.0}","{""balanced_expansion"": 0.0, ""demand_slowdown"": 0.0, ""disinflationary_expansion"": 0.0, ""hard_landing_risk"": 0.0, ""mixed_transition"": 0.0, ""overheating"": 0.0, ""reflation"": 1.0, ""stagflation_risk"": 0.0}",True,81,"{""adverse_supply"": 0.0009765625, ""benign_expansion"": 0.0830078125, ""contraction"": 0.037109375, ""inflationary_expansion"": 0.6416015625, ""mixed"": 0.2373046875}",inflationary_expansion
fixed_horizon_90d,expanding_robust_z__policy__equal__sensitive,2021-04-30,2.0,2.0,0.80000000012,-1.9115998305704762,2.0,-0.6565398945727061,1.4641601295719981,-2.0,-0.3757655026652865,overheating,inflationary_expansion,-0.2826816332166011,-1.4254676535337343,-2.2043647403156412,1.7173183667833989,0.5745323464662657,-1.4043647401956412,reflation,inflationary_expansion,"{""balanced_expansion"": 0.0068359375, ""demand_slowdown"": 0.015625, ""disinflationary_expansion"": 0.0263671875, ""hard_landing_risk"": 0.0615234375, ""mixed_transition"": 0.263671875, ""overheating"": 0.0029296875, ""reflation"": 0.6171875, ""stagflation_risk"": 0.005859375}",inflationary_expansion,overheating,1.0,1.0,False,[],"{""adverse_supply"": 0.0, ""benign_expansion"": 0.0, ""contraction"": 0.0, ""inflationary_expansion"": 1.0, ""mixed"": 0.0}","{""balanced_expansion"": 0.0, ""demand_slowdown"": 0.0, ""disinflationary_expansion"": 0.0, ""hard_landing_risk"": 0.0, ""mixed_transition"": 0.0, ""overheating"": 0.8888888888888888, ""reflation"": 0.1111111111111111, ""stagflation_risk"": 0.0}",True,81,"{""adverse_supply"": 0.005859375, ""benign_expansion"": 0.033203125, ""contraction"": 0.0771484375, ""inflationary_expansion"": 0.6201171875, ""mixed"": 0.263671875}",inflationary_expansion
fixed_horizon_90d,expanding_robust_z__policy__equal__sensitive,2021-05-31,2.0,2.0,0.90000000011,-2.0,2.0,0.5211945758424842,2.0,-2.0,0.8817917659043533,overheating,inflationary_expansion,-0.0454507961643178,-0.4928039981381185,-2.1485546140567693,1.9545492038356822,1.5071960018618815,-1.2485546139467691,reflation,inflationary_expansion,"{""balanced_expansion"": 0.001953125, ""demand_slowdown"": 0.00390625, ""disinflationary_expansion"": 0.0009765625, ""hard_landing_risk"": 0.0419921875, ""mixed_transition"": 0.0595703125, ""overheating"": 0.0791015625, ""reflation"": 0.7890625, ""stagflation_risk"": 0.0234375}",inflationary_expansion,overheating,1.0,1.0,False,[],"{""adverse_supply"": 0.0, ""benign_expansion"": 0.0, ""contraction"": 0.0, ""inflationary_expansion"": 1.0, ""mixed"": 0.0}","{""balanced_expansion"": 0.0, ""demand_slowdown"": 0.0, ""disinflationary_expansion"": 0.0, ""hard_landing_risk"": 0.0, ""mixed_transition"": 0.0, ""overheating"": 1.0, ""reflation"": 0.0, ""stagflation_risk"": 0.0}",True,81,"{""adverse_supply"": 0.0234375, ""benign_expansion"": 0.0029296875, ""contraction"": 0.0458984375, ""inflationary_expansion"": 0.8681640625, ""mixed"": 0.0595703125}",inflationary_expansion
fixed_horizon_90d,expanding_robust_z__policy__equal__sensitive,2021-06-30,2.0,2.0,0.8666666667799998,-0.5728230927176421,2.0,0.11619010694100425,1.870881830951974,-1.9473091909735127,1.009645544691393,overheating,inflationary_expansion,0.0,-0.6235724912079141,-1.3092078855758973,2.0,1.3764275087920859,-0.4425412187958975,reflation,inflationary_expansion,"{""balanced_expansion"": 0.0087890625, ""demand_slowdown"": 0.0009765625, ""disinflationary_expansion"": 0.0048828125, ""hard_landing_risk"": 0.0009765625, ""mixed_transition"": 0.041015625, ""overheating"": 0.2265625, ""reflation"": 0.71484375, ""stagflation_risk"": 0.001953125}",inflationary_expansion,overheating,1.0,1.0,False,[],"{""adverse_supply"": 0.0, ""benign_expansion"": 0.0, ""contraction"": 0.0, ""inflationary_expansion"": 1.0, ""mixed"": 0.0}","{""balanced_expansion"": 0.0, ""demand_slowdown"": 0.0, ""disinflationary_expansion"": 0.0, ""hard_landing_risk"": 0.0, ""mixed_transition"": 0.0, ""overheating"": 1.0, ""reflation"": 0.0, ""stagflation_risk"": 0.0}",True,81,"{""adverse_supply"": 0.001953125, ""benign_expansion"": 0.013671875, ""contraction"": 0.001953125, ""inflationary_expansion"": 0.94140625, ""mixed"": 0.041015625}",inflationary_expansion
fixed_horizon_90d,expanding_robust_z__policy__equal__sensitive,2021-07-31,0.08226970102884934,1.8910618747731285,0.8564681662246795,-2.0,2.0,1.1324567772527796,2.0,-1.8851140894525042,1.1244218553027259,mixed_transition,mixed,1.3338144696148384,-0.12940091996088565,-1.2368142834995686,1.4160841706436877,1.7616609548122428,-0.3803461172748892,reflation,inflationary_expansion,"{""balanced_expansion"": 0.0, ""demand_slowdown"": 0.0, ""disinflationary_expansion"": 0.0, ""hard_landing_risk"": 0.044921875, ""mixed_transition"": 0.078125, ""overheating"": 0.23828125, ""reflation"": 0.5830078125, ""stagflation_risk"": 0.0556640625}",mixed,mixed_transition,0.8888888888888888,0.7777777777777777,False,"[""inflationary_expansion""]","{""adverse_supply"": 0.0, ""benign_expansion"": 0.0, ""contraction"": 0.0, ""inflationary_expansion"": 0.1111111111111111, ""mixed"": 0.8888888888888888}","{""balanced_expansion"": 0.0, ""demand_slowdown"": 0.0, ""disinflationary_expansion"": 0.0, ""hard_landing_risk"": 0.0, ""mixed_transition"": 0.8888888888888888, ""overheating"": 0.0, ""reflation"": 0.1111111111111111, ""stagflation_risk"": 0.0}",True,81,"{""adverse_supply"": 0.0556640625, ""benign_expansion"": 0.0, ""contraction"": 0.044921875, ""inflationary_expansion"": 0.8212890625, ""mixed"": 0.078125}",inflationary_expansion
fixed_horizon_90d,expanding_robust_z__policy__equal__sensitive,2021-08-31,0.08226970102884934,0.04924345062310912,0.3140175073642393,-1.3723855356109649,2.0,-0.17764231662543306,0.6457057583248065,-0.9679786749912227,1.295365804276345,balanced_expansion,benign_expansion,1.9177302989711507,0.18478827022657757,-0.40184179328084474,2.0,0.24531578132642637,-0.16500911719122066,reflation,inflationary_expansion,"{""balanced_expansion"": 0.080078125, ""demand_slowdown"": 0.017578125, ""disinflationary_expansion"": 0.1171875, ""hard_landing_risk"": 0.0087890625, ""mixed_transition"": 0.1943359375, ""overheating"": 0.0673828125, ""reflation"": 0.509765625, ""stagflation_risk"": 0.0048828125}",benign_expansion,balanced_expansion,1.0,1.0,False,[],"{""adverse_supply"": 0.0, ""benign_expansion"": 1.0, ""contraction"": 0.0, ""inflationary_expansion"": 0.0, ""mixed"": 0.0}","{""balanced_expansion"": 1.0, ""demand_slowdown"": 0.0, ""disinflationary_expansion"": 0.0, ""hard_landing_risk"": 0.0, ""mixed_transition"": 0.0, ""overheating"": 0.0, ""reflation"": 0.0, ""stagflation_risk"": 0.0}",True,81,"{""adverse_supply"": 0.0048828125, ""benign_expansion"": 0.197265625, ""contraction"": 0.0263671875, ""inflationary_expansion"": 0.5771484375, ""mixed"": 0.1943359375}",inflationary_expansion
fixed_horizon_90d,expanding_robust_z__policy__equal__sensitive,2021-09-30,0.08226970102884934,0.02048311084381233,0.4435886110991554,1.859026804312573,2.0,-0.6532292747016728,0.2628342309761777,-0.9339816302300388,1.309081019210815,balanced_expansion,benign_expansion,1.9177302989711507,-0.21568063270655988,-0.41530123036362177,2.0,-0.15720679468461868,0.03112433597236039,disinflationary_expansion,benign_expansion,"{""balanced_expansion"": 0.0, ""demand_slowdown"": 0.0, ""disinflationary_expansion"": 0.435546875, ""hard_landing_risk"": 0.0, ""mixed_transition"": 0.310546875, ""overheating"": 0.017578125, ""reflation"": 0.236328125, ""stagflation_risk"": 0.0}",benign_expansion,balanced_expansion,1.0,1.0,False,[],"{""adverse_supply"": 0.0, ""benign_expansion"": 1.0, ""contraction"": 0.0, ""inflationary_expansion"": 0.0, ""mixed"": 0.0}","{""balanced_expansion"": 1.0, ""demand_slowdown"": 0.0, ""disinflationary_expansion"": 0.0, ""hard_landing_risk"": 0.0, ""mixed_transition"": 0.0, ""overheating"": 0.0, ""reflation"": 0.0, ""stagflation_risk"": 0.0}",True,81,"{""adverse_supply"": 0.0, ""benign_expansion"": 0.435546875, ""contraction"": 0.0, ""inflationary_expansion"": 0.25390625, ""mixed"": 0.310546875}",benign_expansion
fixed_horizon_90d,expanding_robust_z__policy__equal__sensitive,2021-10-31,2.0,1.247699154577795,0.6448074968837526,-2.0,2.0,-0.3756548892185275,0.5138046135170304,-0.9187922206900441,1.3465438590101233,overheating,inflationary_expansion,-0.7197368075127386,-1.1786242924285435,-0.6393837634568761,1.2802631924872614,0.1464260617133165,0.07536185762014608,reflation,inflationary_expansion,"{""balanced_expansion"": 0.11328125, ""demand_slowdown"": 0.0888671875, ""disinflationary_expansion"": 0.1552734375, ""hard_landing_risk"": 0.04296875, ""mixed_transition"": 0.203125, ""overheating"": 0.046875, ""reflation"": 0.33203125, ""stagflation_risk"": 0.017578125}",inflationary_expansion,overheating,1.0,1.0,False,[],"{""adverse_supply"": 0.0, ""benign_expansion"": 0.0, ""contraction"": 0.0, ""inflationary_expansion"": 1.0, ""mixed"": 0.0}","{""balanced_expansion"": 0.0, ""demand_slowdown"": 0.0, ""disinflationary_expansion"": 0.0, ""hard_landing_risk"": 0.0, ""mixed_transition"": 0.0, ""overheating"": 0.6666666666666666, ""reflation"": 0.3333333333333333, ""stagflation_risk"": 0.0}",True,81,"{""adverse_supply"": 0.017578125, ""benign_expansion"": 0.2685546875, ""contraction"": 0.1318359375, ""inflationary_expansion"": 0.37890625, ""mixed"": 0.203125}",inflationary_expansion
fixed_horizon_90d,expanding_robust_z__policy__equal__sensitive,2021-11-30,2.0,0.9700229877894045,0.5132499361709035,-2.0,2.0,0.2147701435305063,1.123969520137476,-0.7210647192057962,1.3465265463497167,overheating,inflationary_expansion,-0.31857614187661554,-0.3006531559554134,-0.15924808414276848,1.6814238581233845,0.8781493486898233,0.34829909120729174,overheating,inflationary_expansion,"{""balanced_expansion"": 0.0205078125, ""demand_slowdown"": 0.0078125, ""disinflationary_expansion"": 0.0068359375, ""hard_landing_risk"": 0.0126953125, ""mixed_transition"": 0.0732421875, ""overheating"": 0.3564453125, ""reflation"": 0.46875, ""stagflation_risk"": 0.0537109375}",inflationary_expansion,overheating,1.0,1.0,False,[],"{""adverse_supply"": 0.0, ""benign_expansion"": 0.0, ""contraction"": 0.0, ""inflationary_expansion"": 1.0, ""mixed"": 0.0}","{""balanced_expansion"": 0.0, ""demand_slowdown"": 0.0, ""disinflationary_expansion"": 0.0, ""hard_landing_risk"": 0.0, ""mixed_transition"": 0.0, ""overheating"": 0.5555555555555556, ""reflation"": 0.4444444444444444, ""stagflation_risk"": 0.0}",True,81,"{""adverse_supply"": 0.0537109375, ""benign_expansion"": 0.02734375, ""contraction"": 0.0205078125, ""inflationary_expansion"": 0.8251953125, ""mixed"": 0.0732421875}",inflationary_expansion
fixed_horizon_90d,expanding_robust_z__policy__equal__sensitive,2021-12-31,2.0,0.9283474496113866,0.5433620763798559,-0.8894464861108196,2.0,-0.004837874630514643,0.8682972390663727,-0.7192242711515765,1.3798612571342377,overheating,inflationary_expansion,0.0,-0.4966177673934576,-0.2122867129271126,2.0,0.5268710109471743,0.44571893512432503,overheating,inflationary_expansion,"{""balanced_expansion"": 0.044921875, ""demand_slowdown"": 0.00390625, ""disinflationary_expansion"": 0.0283203125, ""hard_landing_risk"": 0.001953125, ""mixed_transition"": 0.0908203125, ""overheating"": 0.279296875, ""reflation"": 0.5458984375, ""stagflation_risk"": 0.0048828125}",inflationary_expansion,overheating,1.0,1.0,False,[],"{""adverse_supply"": 0.0, ""benign_expansion"": 0.0, ""contraction"": 0.0, ""inflationary_expansion"": 1.0, ""mixed"": 0.0}","{""balanced_expansion"": 0.0, ""demand_slowdown"": 0.0, ""disinflationary_expansion"": 0.0, ""hard_landing_risk"": 0.0, ""mixed_transition"": 0.0, ""overheating"": 0.5555555555555556, ""reflation"": 0.4444444444444444, ""stagflation_risk"": 0.0}",True,81,"{""adverse_supply"": 0.0048828125, ""benign_expansion"": 0.0732421875, ""contraction"": 0.005859375, ""inflationary_expansion"": 0.8251953125, ""mixed"": 0.0908203125}",inflationary_expansion
fixed_horizon_90d,expanding_robust_z__policy__equal__sensitive,2022-01-31,-2.0,0.8671907271927985,0.5394495347015688,-2.0,2.0,-0.2322528105489503,0.6588817474127556,-0.8694877344163331,1.386670062302326,stagflation_risk,adverse_supply,3.0499273082416583,-0.653876258760896,-0.28085837075857234,1.0499273082416583,0.24897265511626848,0.46761310613300866,reflation,inflationary_expansion,"{""balanced_expansion"": 0.1259765625, ""demand_slowdown"": 0.12890625, ""disinflationary_expansion"": 0.107421875, ""hard_landing_risk"": 0.0185546875, ""mixed_transition"": 0.1826171875, ""overheating"": 0.0849609375, ""reflation"": 0.326171875, ""stagflation_risk"": 0.025390625}",adverse_supply,stagflation_risk,0.6666666666666666,0.3333333333333333,False,"[""mixed""]","{""adverse_supply"": 0.6666666666666666, ""benign_expansion"": 0.0, ""contraction"": 0.0, ""inflationary_expansion"": 0.0, ""mixed"": 0.3333333333333333}","{""balanced_expansion"": 0.0, ""demand_slowdown"": 0.0, ""disinflationary_expansion"": 0.0, ""hard_landing_risk"": 0.0, ""mixed_transition"": 0.3333333333333333, ""overheating"": 0.0, ""reflation"": 0.0, ""stagflation_risk"": 0.6666666666666666}",False,81,"{""adverse_supply"": 0.025390625, ""benign_expansion"": 0.2333984375, ""contraction"": 0.1474609375, ""inflationary_expansion"": 0.4111328125, ""mixed"": 0.1826171875}",inflationary_expansion
fixed_horizon_90d,expanding_robust_z__policy__equal__sensitive,2022-02-28,-2.0,0.48156165402230633,0.15860496227061666,-2.0,2.0,0.150367413006353,0.9898424737499367,-0.9543972088920298,0.8343515720903398,mixed_transition,mixed,3.8642374065096066,0.08854328935583855,-0.4176335824466193,1.8642374065096066,0.5954485976702854,-0.27278166969670997,reflation,inflationary_expansion,"{""balanced_expansion"": 0.083984375, ""demand_slowdown"": 0.0185546875, ""disinflationary_expansion"": 0.013671875, ""hard_landing_risk"": 0.0234375, ""mixed_transition"": 0.0703125, ""overheating"": 0.111328125, ""reflation"": 0.6552734375, ""stagflation_risk"": 0.0234375}",mixed,mixed_transition,0.7777777777777778,0.6666666666666667,False,"[""adverse_supply"", ""contraction""]","{""adverse_supply"": 0.1111111111111111, ""benign_expansion"": 0.0, ""contraction"": 0.1111111111111111, ""inflationary_expansion"": 0.0, ""mixed"": 0.7777777777777778}","{""balanced_expansion"": 0.0, ""demand_slowdown"": 0.1111111111111111, ""disinflationary_expansion"": 0.0, ""hard_landing_risk"": 0.0, ""mixed_transition"": 0.7777777777777778, ""overheating"": 0.0, ""reflation"": 0.0, ""stagflation_risk"": 0.1111111111111111}",True,81,"{""adverse_supply"": 0.0234375, ""benign_expansion"": 0.09765625, ""contraction"": 0.0419921875, ""inflationary_expansion"": 0.7666015625, ""mixed"": 0.0703125}",inflationary_expansion
fixed_horizon_90d,expanding_robust_z__policy__equal__sensitive,2022-03-31,-2.0,0.7044000770586006,0.3647540335941637,-1.1796516750238935,2.0,-0.19802402912673456,0.6543378893486397,-0.7374243976514447,1.315590324867595,stagflation_risk,adverse_supply,4.0,-0.4762431469476481,-0.07567106998608863,2.0,0.19682380540972422,0.4443271699950868,reflation,inflationary_expansion,"{""balanced_expansion"": 0.0654296875, ""demand_slowdown"": 0.025390625, ""disinflationary_expansion"": 0.1552734375, ""hard_landing_risk"": 0.0009765625, ""mixed_transition"": 0.208984375, ""overheating"": 0.1025390625, ""reflation"": 0.4375, ""stagflation_risk"": 0.00390625}",mixed,mixed_transition,0.5555555555555556,0.11111111111111116,True,"[""adverse_supply""]","{""adverse_supply"": 0.4444444444444444, ""benign_expansion"": 0.0, ""contraction"": 0.0, ""inflationary_expansion"": 0.0, ""mixed"": 0.5555555555555556}","{""balanced_expansion"": 0.0, ""demand_slowdown"": 0.0, ""disinflationary_expansion"": 0.0, ""hard_landing_risk"": 0.0, ""mixed_transition"": 0.5555555555555556, ""overheating"": 0.0, ""reflation"": 0.0, ""stagflation_risk"": 0.4444444444444444}",False,81,"{""adverse_supply"": 0.00390625, ""benign_expansion"": 0.220703125, ""contraction"": 0.0263671875, ""inflationary_expansion"": 0.5400390625, ""mixed"": 0.208984375}",inflationary_expansion
fixed_horizon_90d,expanding_robust_z__policy__equal__sensitive,2022-04-30,-2.0,0.058997238078483644,0.1432402646992154,-2.0,2.0,0.035571350032139515,0.8669361122327045,-0.9205262440540599,1.460726843272611,demand_slowdown,contraction,3.659518603275336,0.4016267087178155,0.12058044141998453,1.6595186032753362,0.42791833871618556,0.4352107954083665,reflation,inflationary_expansion,"{""balanced_expansion"": 0.09765625, ""demand_slowdown"": 0.04296875, ""disinflationary_expansion"": 0.044921875, ""hard_landing_risk"": 0.0078125, ""mixed_transition"": 0.1259765625, ""overheating"": 0.1982421875, ""reflation"": 0.45703125, ""stagflation_risk"": 0.025390625}",contraction,demand_slowdown,1.0,1.0,False,[],"{""adverse_supply"": 0.0, ""benign_expansion"": 0.0, ""contraction"": 1.0, ""inflationary_expansion"": 0.0, ""mixed"": 0.0}","{""balanced_expansion"": 0.0, ""demand_slowdown"": 1.0, ""disinflationary_expansion"": 0.0, ""hard_landing_risk"": 0.0, ""mixed_transition"": 0.0, ""overheating"": 0.0, ""reflation"": 0.0, ""stagflation_risk"": 0.0}",True,81,"{""adverse_supply"": 0.025390625, ""benign_expansion"": 0.142578125, ""contraction"": 0.05078125, ""inflationary_expansion"": 0.6552734375, ""mixed"": 0.1259765625}",inflationary_expansion
fixed_horizon_90d,expanding_robust_z__policy__equal__sensitive,2022-05-31,-2.0,0.6729961831996714,0.15612916242965347,-2.0,2.0,-0.35074578121784056,0.5042771007285689,-0.8727098122105583,1.3235172870289067,stagflation_risk,adverse_supply,3.269258563589816,-0.5962305234443073,-0.17857197601630026,1.269258563589816,0.06191053796796099,0.17729204890297728,mixed_transition,mixed,"{""balanced_expansion"": 0.1220703125, ""demand_slowdown"": 0.1044921875, ""disinflationary_expansion"": 0.2099609375, ""hard_landing_risk"": 0.029296875, ""mixed_transition"": 0.2119140625, ""overheating"": 0.037109375, ""reflation"": 0.2724609375, ""stagflation_risk"": 0.0126953125}",mixed,mixed_transition,0.5555555555555556,0.11111111111111116,True,"[""adverse_supply""]","{""adverse_supply"": 0.4444444444444444, ""benign_expansion"": 0.0, ""contraction"": 0.0, ""inflationary_expansion"": 0.0, ""mixed"": 0.5555555555555556}","{""balanced_expansion"": 0.0, ""demand_slowdown"": 0.0, ""disinflationary_expansion"": 0.0, ""hard_landing_risk"": 0.0, ""mixed_transition"": 0.5555555555555556, ""overheating"": 0.0, ""reflation"": 0.0, ""stagflation_risk"": 0.4444444444444444}",False,81,"{""adverse_supply"": 0.0126953125, ""benign_expansion"": 0.33203125, ""contraction"": 0.1337890625, ""inflationary_expansion"": 0.3095703125, ""mixed"": 0.2119140625}",benign_expansion
fixed_horizon_90d,expanding_robust_z__policy__equal__sensitive,2022-06-30,-2.0,1.4904275681599986,0.08221061801849766,-2.0,2.0,-0.14925652518751464,0.7357047436751567,-0.8687171945051329,1.0725585538187583,stagflation_risk,adverse_supply,3.1903647252206877,-1.1972034589161775,-0.4220626057139881,1.1903647252206877,0.2687326820740025,-0.08091959519931533,reflation,inflationary_expansion,"{""balanced_expansion"": 0.138671875, ""demand_slowdown"": 0.0673828125, ""disinflationary_expansion"": 0.1025390625, ""hard_landing_risk"": 0.033203125, ""mixed_transition"": 0.154296875, ""overheating"": 0.076171875, ""reflation"": 0.4052734375, ""stagflation_risk"": 0.0224609375}",adverse_supply,stagflation_risk,1.0,1.0,False,[],"{""adverse_supply"": 1.0, ""benign_expansion"": 0.0, ""contraction"": 0.0, ""inflationary_expansion"": 0.0, ""mixed"": 0.0}","{""balanced_expansion"": 0.0, ""demand_slowdown"": 0.0, ""disinflationary_expansion"": 0.0, ""hard_landing_risk"": 0.0, ""mixed_transition"": 0.0, ""overheating"": 0.0, ""reflation"": 0.0, ""stagflation_risk"": 1.0}",True,81,"{""adverse_supply"": 0.0224609375, ""benign_expansion"": 0.2412109375, ""contraction"": 0.1005859375, ""inflationary_expansion"": 0.4814453125, ""mixed"": 0.154296875}",inflationary_expansion
fixed_horizon_90d,expanding_robust_z__policy__equal__sensitive,2022-07-31,0.8874279038973327,-1.080839158202324,0.4808074629294068,-2.0,2.0,0.41345241714279185,1.2542729855170525,-0.957121820141944,1.0042546561452648,disinflationary_expansion,benign_expansion,-0.34460440852476415,1.9210406320532525,-0.7767879016140097,0.5428234953725686,0.8188646706885799,-0.13646450143477004,reflation,inflationary_expansion,"{""balanced_expansion"": 0.0478515625, ""demand_slowdown"": 0.025390625, ""disinflationary_expansion"": 0.0009765625, ""hard_landing_risk"": 0.083984375, ""mixed_transition"": 0.123046875, ""overheating"": 0.1376953125, ""reflation"": 0.4306640625, ""stagflation_risk"": 0.150390625}",benign_expansion,disinflationary_expansion,1.0,1.0,False,[],"{""adverse_supply"": 0.0, ""benign_expansion"": 1.0, ""contraction"": 0.0, ""inflationary_expansion"": 0.0, ""mixed"": 0.0}","{""balanced_expansion"": 0.0, ""demand_slowdown"": 0.0, ""disinflationary_expansion"": 1.0, ""hard_landing_risk"": 0.0, ""mixed_transition"": 0.0, ""overheating"": 0.0, ""reflation"": 0.0, ""stagflation_risk"": 0.0}",True,81,"{""adverse_supply"": 0.150390625, ""benign_expansion"": 0.048828125, ""contraction"": 0.109375, ""inflationary_expansion"": 0.568359375, ""mixed"": 0.123046875}",inflationary_expansion
fixed_horizon_90d,expanding_robust_z__policy__equal__sensitive,2022-08-31,0.8874279038973327,0.4211097015281113,-0.1367455263370409,-2.0,2.0,-1.086522202536437,-0.23623247224550417,-1.0860990290609056,1.3443554285146204,balanced_expansion,benign_expansion,-0.12046302721882896,-1.0824870389190817,-0.035846983335033306,0.7669648766785038,-0.7079521223427343,0.04473828184380417,disinflationary_expansion,benign_expansion,"{""balanced_expansion"": 0.0322265625, ""demand_slowdown"": 0.20703125, ""disinflationary_expansion"": 0.5087890625, ""hard_landing_risk"": 0.0673828125, ""mixed_transition"": 0.1767578125, ""overheating"": 0.0, ""reflation"": 0.0078125, ""stagflation_risk"": 0.0}",inflationary_expansion,reflation,0.5555555555555556,0.33333333333333337,True,"[""benign_expansion"", ""mixed""]","{""adverse_supply"": 0.0, ""benign_expansion"": 0.2222222222222222, ""contraction"": 0.0, ""inflationary_expansion"": 0.5555555555555556, ""mixed"": 0.2222222222222222}","{""balanced_expansion"": 0.2222222222222222, ""demand_slowdown"": 0.0, ""disinflationary_expansion"": 0.0, ""hard_landing_risk"": 0.0, ""mixed_transition"": 0.2222222222222222, ""overheating"": 0.0, ""reflation"": 0.5555555555555556, ""stagflation_risk"": 0.0}",False,81,"{""adverse_supply"": 0.0, ""benign_expansion"": 0.541015625, ""contraction"": 0.2744140625, ""inflationary_expansion"": 0.0078125, ""mixed"": 0.1767578125}",benign_expansion
fixed_horizon_90d,expanding_robust_z__policy__equal__sensitive,2022-09-30,0.8874279038973327,0.4288534329167735,0.08413280910724436,-2.0,2.0,-0.46410079622550804,0.41870237479196026,-1.0998073217057585,1.5071635145781186,balanced_expansion,benign_expansion,-0.8354447741219357,-0.4515526436335474,-0.07518927346011428,0.051983129775396986,-0.014374841786850667,0.21707451932576402,balanced_expansion,benign_expansion,"{""balanced_expansion"": 0.1337890625, ""demand_slowdown"": 0.2880859375, ""disinflationary_expansion"": 0.15625, ""hard_landing_risk"": 0.087890625, ""mixed_transition"": 0.1669921875, ""overheating"": 0.0078125, ""reflation"": 0.1455078125, ""stagflation_risk"": 0.013671875}",inflationary_expansion,reflation,0.5555555555555556,0.33333333333333337,True,"[""benign_expansion"", ""mixed""]","{""adverse_supply"": 0.0, ""benign_expansion"": 0.2222222222222222, ""contraction"": 0.0, ""inflationary_expansion"": 0.5555555555555556, ""mixed"": 0.2222222222222222}","{""balanced_expansion"": 0.2222222222222222, ""demand_slowdown"": 0.0, ""disinflationary_expansion"": 0.0, ""hard_landing_risk"": 0.0, ""mixed_transition"": 0.2222222222222222, ""overheating"": 0.0, ""reflation"": 0.5555555555555556, ""stagflation_risk"": 0.0}",False,81,"{""adverse_supply"": 0.013671875, ""benign_expansion"": 0.2900390625, ""contraction"": 0.3759765625, ""inflationary_expansion"": 0.1533203125, ""mixed"": 0.1669921875}",contraction
fixed_horizon_90d,expanding_robust_z__policy__equal__sensitive,2022-10-31,0.5415004259201623,-0.16200729070291026,-0.08891520089543,-2.0,2.0,-0.814246373128811,0.0920259833337997,-0.945353387337593,1.5644080425699376,disinflationary_expansion,benign_expansion,0.1436246858355288,-0.19910290419459548,0.31603130318081407,0.6851251117556911,-0.35293392775825183,0.4837483321789868,disinflationary_expansion,benign_expansion,"{""balanced_expansion"": 0.0634765625, ""demand_slowdown"": 0.240234375, ""disinflationary_expansion"": 0.4375, ""hard_landing_risk"": 0.037109375, ""mixed_transition"": 0.1689453125, ""overheating"": 0.0009765625, ""reflation"": 0.0517578125, ""stagflation_risk"": 0.0}",benign_expansion,balanced_expansion,0.8888888888888888,0.7777777777777777,False,"[""mixed""]","{""adverse_supply"": 0.0, ""benign_expansion"": 0.8888888888888888, ""contraction"": 0.0, ""inflationary_expansion"": 0.0, ""mixed"": 0.1111111111111111}","{""balanced_expansion"": 0.5555555555555556, ""demand_slowdown"": 0.0, ""disinflationary_expansion"": 0.3333333333333333, ""hard_landing_risk"": 0.0, ""mixed_transition"": 0.1111111111111111, ""overheating"": 0.0, ""reflation"": 0.0, ""stagflation_risk"": 0.0}",True,81,"{""adverse_supply"": 0.0, ""benign_expansion"": 0.5009765625, ""contraction"": 0.27734375, ""inflationary_expansion"": 0.052734375, ""mixed"": 0.1689453125}",benign_expansion
fixed_horizon_90d,expanding_robust_z__policy__equal__sensitive,2022-11-30,0.5415004259201623,-0.4631082047340288,0.11979971804240049,-2.0,2.0,-0.38250997688803734,0.5292536369802353,-1.1363924991619725,1.064211746405906,disinflationary_expansion,benign_expansion,-0.000840025953282808,0.5364800347801278,-0.4968401011809464,0.5406603999668795,0.10463220220257989,-0.20168279853343746,balanced_expansion,benign_expansion,"{""balanced_expansion"": 0.138671875, ""demand_slowdown"": 0.1748046875, ""disinflationary_expansion"": 0.1376953125, ""hard_landing_risk"": 0.080078125, ""mixed_transition"": 0.1943359375, ""overheating"": 0.0185546875, ""reflation"": 0.2333984375, ""stagflation_risk"": 0.0224609375}",benign_expansion,disinflationary_expansion,0.7407407407407407,0.48148148148148145,False,"[""mixed""]","{""adverse_supply"": 0.0, ""benign_expansion"": 0.7407407407407407, ""contraction"": 0.0, ""inflationary_expansion"": 0.0, ""mixed"": 0.25925925925925924}","{""balanced_expansion"": 0.0, ""demand_slowdown"": 0.0, ""disinflationary_expansion"": 0.7407407407407407, ""hard_landing_risk"": 0.0, ""mixed_transition"": 0.25925925925925924, ""overheating"": 0.0, ""reflation"": 0.0, ""stagflation_risk"": 0.0}",False,81,"{""adverse_supply"": 0.0224609375, ""benign_expansion"": 0.2763671875, ""contraction"": 0.2548828125, ""inflationary_expansion"": 0.251953125, ""mixed"": 0.1943359375}",benign_expansion
fixed_horizon_90d,expanding_robust_z__policy__equal__sensitive,2022-12-31,0.5415004259201623,-0.06127463911777532,-0.04335662606611084,-2.0,2.0,-0.7162977508711654,0.21898816938521212,-1.1712690633557057,1.0106051454262424,balanced_expansion,benign_expansion,-1.241045705085909,-0.18738015162520133,-0.38038546366759785,-0.6995452791657466,-0.2572279407589725,-0.2847170077642977,demand_slowdown,contraction,"{""balanced_expansion"": 0.099609375, ""demand_slowdown"": 0.3857421875, ""disinflationary_expansion"": 0.1376953125, ""hard_landing_risk"": 0.2333984375, ""mixed_transition"": 0.1015625, ""overheating"": 0.0009765625, ""reflation"": 0.037109375, ""stagflation_risk"": 0.00390625}",benign_expansion,balanced_expansion,0.8888888888888888,0.7777777777777777,False,"[""mixed""]","{""adverse_supply"": 0.0, ""benign_expansion"": 0.8888888888888888, ""contraction"": 0.0, ""inflationary_expansion"": 0.0, ""mixed"": 0.1111111111111111}","{""balanced_expansion"": 0.7777777777777778, ""demand_slowdown"": 0.0, ""disinflationary_expansion"": 0.1111111111111111, ""hard_landing_risk"": 0.0, ""mixed_transition"": 0.1111111111111111, ""overheating"": 0.0, ""reflation"": 0.0, ""stagflation_risk"": 0.0}",True,81,"{""adverse_supply"": 0.00390625, ""benign_expansion"": 0.2373046875, ""contraction"": 0.619140625, ""inflationary_expansion"": 0.0380859375, ""mixed"": 0.1015625}",contraction
fixed_horizon_90d,expanding_robust_z__policy__equal__sensitive,2023-01-31,-0.7346080476427801,0.7547413760657321,0.0925322088062468,-2.0,2.0,-0.9798802076916355,-0.03138332011557307,-1.156590165157707,1.2003890360632825,stagflation_risk,adverse_supply,1.3487544387992965,-1.2603731399693365,-0.30220304981095353,0.6141463911565164,-0.505772968164887,-0.011008138136359855,disinflationary_expansion,benign_expansion,"{""balanced_expansion"": 0.056640625, ""demand_slowdown"": 0.2041015625, ""disinflationary_expansion"": 0.4169921875, ""hard_landing_risk"": 0.0703125, ""mixed_transition"": 0.2255859375, ""overheating"": 0.0009765625, ""reflation"": 0.0244140625, ""stagflation_risk"": 0.0009765625}",mixed,mixed_transition,0.5925925925925926,0.18518518518518517,True,"[""adverse_supply""]","{""adverse_supply"": 0.4074074074074074, ""benign_expansion"": 0.0, ""contraction"": 0.0, ""inflationary_expansion"": 0.0, ""mixed"": 0.5925925925925926}","{""balanced_expansion"": 0.0, ""demand_slowdown"": 0.0, ""disinflationary_expansion"": 0.0, ""hard_landing_risk"": 0.0, ""mixed_transition"": 0.5925925925925926, ""overheating"": 0.0, ""reflation"": 0.0, ""stagflation_risk"": 0.4074074074074074}",False,81,"{""adverse_supply"": 0.0009765625, ""benign_expansion"": 0.4736328125, ""contraction"": 0.2744140625, ""inflationary_expansion"": 0.025390625, ""mixed"": 0.2255859375}",benign_expansion
fixed_horizon_90d,expanding_robust_z__policy__equal__sensitive,2023-02-28,-0.7346080476427801,0.08975304490354385,-0.2555495567025311,-2.0,2.0,-0.4401780312740682,0.48782625004745556,-0.8696579395215429,1.492297447655583,demand_slowdown,contraction,2.0593179507193096,-0.06592893551685014,0.4842734514999212,1.3247099030765295,0.06684142058396769,0.5007061130776898,mixed_transition,mixed,"{""balanced_expansion"": 0.1376953125, ""demand_slowdown"": 0.111328125, ""disinflationary_expansion"": 0.2158203125, ""hard_landing_risk"": 0.0166015625, ""mixed_transition"": 0.1982421875, ""overheating"": 0.0556640625, ""reflation"": 0.2568359375, ""stagflation_risk"": 0.0078125}",contraction,demand_slowdown,1.0,1.0,False,[],"{""adverse_supply"": 0.0, ""benign_expansion"": 0.0, ""contraction"": 1.0, ""inflationary_expansion"": 0.0, ""mixed"": 0.0}","{""balanced_expansion"": 0.0, ""demand_slowdown"": 1.0, ""disinflationary_expansion"": 0.0, ""hard_landing_risk"": 0.0, ""mixed_transition"": 0.0, ""overheating"": 0.0, ""reflation"": 0.0, ""stagflation_risk"": 0.0}",True,81,"{""adverse_supply"": 0.0078125, ""benign_expansion"": 0.353515625, ""contraction"": 0.1279296875, ""inflationary_expansion"": 0.3125, ""mixed"": 0.1982421875}",benign_expansion
fixed_horizon_90d,expanding_robust_z__policy__equal__sensitive,2023-03-31,-0.7346080476427801,-0.30832676512440127,-0.27227684972777805,-2.0,2.0,-0.5971527063669323,0.34494682501414103,-1.1430571205890645,1.398327999235472,demand_slowdown,contraction,1.9465696732016777,0.18222382444800564,0.23172013638600053,1.2119616255588976,-0.09571051779479292,0.14659562132724874,mixed_transition,mixed,"{""balanced_expansion"": 0.0986328125, ""demand_slowdown"": 0.1220703125, ""disinflationary_expansion"": 0.302734375, ""hard_landing_risk"": 0.033203125, ""mixed_transition"": 0.24609375, ""overheating"": 0.0087890625, ""reflation"": 0.18359375, ""stagflation_risk"": 0.0048828125}",contraction,demand_slowdown,1.0,1.0,False,[],"{""adverse_supply"": 0.0, ""benign_expansion"": 0.0, ""contraction"": 1.0, ""inflationary_expansion"": 0.0, ""mixed"": 0.0}","{""balanced_expansion"": 0.0, ""demand_slowdown"": 1.0, ""disinflationary_expansion"": 0.0, ""hard_landing_risk"": 0.0, ""mixed_transition"": 0.0, ""overheating"": 0.0, ""reflation"": 0.0, ""stagflation_risk"": 0.0}",True,81,"{""adverse_supply"": 0.0048828125, ""benign_expansion"": 0.4013671875, ""contraction"": 0.1552734375, ""inflationary_expansion"": 0.1923828125, ""mixed"": 0.24609375}",benign_expansion
fixed_horizon_90d,expanding_robust_z__policy__equal__sensitive,2023-04-30,0.04001368971873376,0.07906581365605264,0.11584978745421379,-2.0,2.0,-1.002900085506145,-0.060642143725210734,-1.1680940888470903,0.9751684242039188,balanced_expansion,benign_expansion,0.44683337198236384,-0.6108369282717305,-0.517496372763525,0.4868470617010976,-0.4373547633818557,-0.306240583318553,disinflationary_expansion,benign_expansion,"{""balanced_expansion"": 0.0703125, ""demand_slowdown"": 0.208984375, ""disinflationary_expansion"": 0.3564453125, ""hard_landing_risk"": 0.10546875, ""mixed_transition"": 0.2314453125, ""overheating"": 0.0, ""reflation"": 0.02734375, ""stagflation_risk"": 0.0}",benign_expansion,balanced_expansion,1.0,1.0,False,[],"{""adverse_supply"": 0.0, ""benign_expansion"": 1.0, ""contraction"": 0.0, ""inflationary_expansion"": 0.0, ""mixed"": 0.0}","{""balanced_expansion"": 1.0, ""demand_slowdown"": 0.0, ""disinflationary_expansion"": 0.0, ""hard_landing_risk"": 0.0, ""mixed_transition"": 0.0, ""overheating"": 0.0, ""reflation"": 0.0, ""stagflation_risk"": 0.0}",True,81,"{""adverse_supply"": 0.0, ""benign_expansion"": 0.4267578125, ""contraction"": 0.314453125, ""inflationary_expansion"": 0.02734375, ""mixed"": 0.2314453125}",benign_expansion
fixed_horizon_90d,expanding_robust_z__policy__equal__sensitive,2023-05-31,0.04001368971873376,-0.2166367854030692,-0.06686444171859057,-2.0,2.0,-0.6632852666771715,0.32507337311072326,-1.157478504377873,1.4690057983075309,balanced_expansion,benign_expansion,0.4592433193184138,0.047530838619845056,0.11831572556089545,0.49925700903714754,-0.1207098987915305,0.19791617684226656,disinflationary_expansion,benign_expansion,"{""balanced_expansion"": 0.1162109375, ""demand_slowdown"": 0.2294921875, ""disinflationary_expansion"": 0.228515625, ""hard_landing_risk"": 0.08203125, ""mixed_transition"": 0.1845703125, ""overheating"": 0.013671875, ""reflation"": 0.1318359375, ""stagflation_risk"": 0.013671875}",benign_expansion,balanced_expansion,0.8888888888888888,0.7777777777777777,False,"[""mixed""]","{""adverse_supply"": 0.0, ""benign_expansion"": 0.8888888888888888, ""contraction"": 0.0, ""inflationary_expansion"": 0.0, ""mixed"": 0.1111111111111111}","{""balanced_expansion"": 0.7777777777777778, ""demand_slowdown"": 0.0, ""disinflationary_expansion"": 0.1111111111111111, ""hard_landing_risk"": 0.0, ""mixed_transition"": 0.1111111111111111, ""overheating"": 0.0, ""reflation"": 0.0, ""stagflation_risk"": 0.0}",True,81,"{""adverse_supply"": 0.013671875, ""benign_expansion"": 0.3447265625, ""contraction"": 0.3115234375, ""inflationary_expansion"": 0.1455078125, ""mixed"": 0.1845703125}",benign_expansion
fixed_horizon_90d,expanding_robust_z__policy__equal__sensitive,2023-06-30,0.04001368971873376,-0.6598652282703117,-0.014230798558035218,-2.0,2.0,-0.8643785432167723,0.147896945596461,-1.145709159322547,1.5214645845559174,mixed_transition,mixed,0.5358457986771388,0.30162442946015605,0.1355624646185828,0.5758594883958725,-0.308263573138841,0.29129250038657756,disinflationary_expansion,benign_expansion,"{""balanced_expansion"": 0.083984375, ""demand_slowdown"": 0.2177734375, ""disinflationary_expansion"": 0.3740234375, ""hard_landing_risk"": 0.056640625, ""mixed_transition"": 0.185546875, ""overheating"": 0.001953125, ""reflation"": 0.0791015625, ""stagflation_risk"": 0.0009765625}",mixed,mixed_transition,0.8148148148148148,0.6296296296296295,False,"[""benign_expansion""]","{""adverse_supply"": 0.0, ""benign_expansion"": 0.18518518518518517, ""contraction"": 0.0, ""inflationary_expansion"": 0.0, ""mixed"": 0.8148148148148148}","{""balanced_expansion"": 0.07407407407407407, ""demand_slowdown"": 0.0, ""disinflationary_expansion"": 0.1111111111111111, ""hard_landing_risk"": 0.0, ""mixed_transition"": 0.8148148148148148, ""overheating"": 0.0, ""reflation"": 0.0, ""stagflation_risk"": 0.0}",True,81,"{""adverse_supply"": 0.0009765625, ""benign_expansion"": 0.4580078125, ""contraction"": 0.2744140625, ""inflationary_expansion"": 0.0810546875, ""mixed"": 0.185546875}",benign_expansion
fixed_horizon_90d,expanding_robust_z__policy__equal__sensitive,2023-07-31,2.0,-0.6644175682745787,0.05471246487131623,-2.0,2.0,-1.2540839640037191,-0.22669871124849017,-1.140123998194741,0.7350044904204304,disinflationary_expansion,benign_expansion,-1.5698351537257507,-0.07597376935152589,-0.5241811813702603,0.43016484627424934,-0.6041910345479053,-0.336608078736636,disinflationary_expansion,benign_expansion,"{""balanced_expansion"": 0.0556640625, ""demand_slowdown"": 0.224609375, ""disinflationary_expansion"": 0.359375, ""hard_landing_risk"": 0.1181640625, ""mixed_transition"": 0.228515625, ""overheating"": 0.0, ""reflation"": 0.013671875, ""stagflation_risk"": 0.0}",benign_expansion,disinflationary_expansion,1.0,1.0,False,[],"{""adverse_supply"": 0.0, ""benign_expansion"": 1.0, ""contraction"": 0.0, ""inflationary_expansion"": 0.0, ""mixed"": 0.0}","{""balanced_expansion"": 0.0, ""demand_slowdown"": 0.0, ""disinflationary_expansion"": 1.0, ""hard_landing_risk"": 0.0, ""mixed_transition"": 0.0, ""overheating"": 0.0, ""reflation"": 0.0, ""stagflation_risk"": 0.0}",True,81,"{""adverse_supply"": 0.0, ""benign_expansion"": 0.4150390625, ""contraction"": 0.3427734375, ""inflationary_expansion"": 0.013671875, ""mixed"": 0.228515625}",benign_expansion
fixed_horizon_90d,expanding_robust_z__policy__equal__sensitive,2023-08-31,2.0,-0.4693707667081415,-0.45047535060678684,-2.0,2.0,-1.064810720929295,-0.04103310544871128,-1.0753522627186554,1.5015191413227593,disinflationary_expansion,benign_expansion,-1.4518863395186892,-0.0835511464808616,0.6579935060078363,0.5481136604813108,-0.4717092506537019,0.42372480098832493,disinflationary_expansion,benign_expansion,"{""balanced_expansion"": 0.0625, ""demand_slowdown"": 0.26171875, ""disinflationary_expansion"": 0.451171875, ""hard_landing_risk"": 0.044921875, ""mixed_transition"": 0.1435546875, ""overheating"": 0.001953125, ""reflation"": 0.0322265625, ""stagflation_risk"": 0.001953125}",benign_expansion,disinflationary_expansion,0.6296296296296297,0.2592592592592593,False,"[""mixed""]","{""adverse_supply"": 0.0, ""benign_expansion"": 0.6296296296296297, ""contraction"": 0.0, ""inflationary_expansion"": 0.0, ""mixed"": 0.37037037037037035}","{""balanced_expansion"": 0.0, ""demand_slowdown"": 0.0, ""disinflationary_expansion"": 0.6296296296296297, ""hard_landing_risk"": 0.0, ""mixed_transition"": 0.37037037037037035, ""overheating"": 0.0, ""reflation"": 0.0, ""stagflation_risk"": 0.0}",False,81,"{""adverse_supply"": 0.001953125, ""benign_expansion"": 0.513671875, ""contraction"": 0.306640625, ""inflationary_expansion"": 0.0341796875, ""mixed"": 0.1435546875}",benign_expansion
fixed_horizon_90d,expanding_robust_z__policy__equal__sensitive,2023-09-30,2.0,0.039608852811388096,-0.3150372670263435,-2.0,2.0,-0.8530177418460645,0.12924195882670447,-1.084943741534474,1.3267412946543524,mixed_transition,mixed,-2.0618123022953236,-0.40149674432106813,0.43593604358628263,-0.06181230229532364,-0.30098254471186137,0.3337250939710984,balanced_expansion,benign_expansion,"{""balanced_expansion"": 0.09375, ""demand_slowdown"": 0.3603515625, ""disinflationary_expansion"": 0.265625, ""hard_landing_risk"": 0.0732421875, ""mixed_transition"": 0.1494140625, ""overheating"": 0.001953125, ""reflation"": 0.044921875, ""stagflation_risk"": 0.0107421875}",mixed,mixed_transition,0.8888888888888888,0.7777777777777777,False,"[""inflationary_expansion""]","{""adverse_supply"": 0.0, ""benign_expansion"": 0.0, ""contraction"": 0.0, ""inflationary_expansion"": 0.1111111111111111, ""mixed"": 0.8888888888888888}","{""balanced_expansion"": 0.0, ""demand_slowdown"": 0.0, ""disinflationary_expansion"": 0.0, ""hard_landing_risk"": 0.0, ""mixed_transition"": 0.8888888888888888, ""overheating"": 0.0, ""reflation"": 0.1111111111111111, ""stagflation_risk"": 0.0}",True,81,"{""adverse_supply"": 0.0107421875, ""benign_expansion"": 0.359375, ""contraction"": 0.43359375, ""inflationary_expansion"": 0.046875, ""mixed"": 0.1494140625}",contraction
fixed_horizon_90d,expanding_robust_z__policy__equal__sensitive,2023-10-31,1.1584800296329263,-0.8850806541003486,-0.5456482761701131,-2.0,2.0,-0.5967847421300321,0.4346275231581315,-1.0618552594214947,1.4404317190613403,disinflationary_expansion,benign_expansion,-0.7017265607429581,0.8040020446143984,0.7349365059900359,0.45675346888996815,-0.009027422601947058,0.3995565104033498,balanced_expansion,benign_expansion,"{""balanced_expansion"": 0.125, ""demand_slowdown"": 0.2158203125, ""disinflationary_expansion"": 0.2060546875, ""hard_landing_risk"": 0.0595703125, ""mixed_transition"": 0.1611328125, ""overheating"": 0.029296875, ""reflation"": 0.177734375, ""stagflation_risk"": 0.025390625}",benign_expansion,disinflationary_expansion,0.5555555555555556,0.11111111111111116,True,"[""mixed""]","{""adverse_supply"": 0.0, ""benign_expansion"": 0.5555555555555556, ""contraction"": 0.0, ""inflationary_expansion"": 0.0, ""mixed"": 0.4444444444444444}","{""balanced_expansion"": 0.0, ""demand_slowdown"": 0.0, ""disinflationary_expansion"": 0.5555555555555556, ""hard_landing_risk"": 0.0, ""mixed_transition"": 0.4444444444444444, ""overheating"": 0.0, ""reflation"": 0.0, ""stagflation_risk"": 0.0}",False,81,"{""adverse_supply"": 0.025390625, ""benign_expansion"": 0.3310546875, ""contraction"": 0.275390625, ""inflationary_expansion"": 0.20703125, ""mixed"": 0.1611328125}",benign_expansion
fixed_horizon_90d,expanding_robust_z__policy__equal__sensitive,2023-11-30,1.1584800296329263,-0.9492036894794591,-0.11703500725671337,-2.0,2.0,-0.9813766244820152,0.032624809555726525,-1.1912414995241678,0.8687925013055066,disinflationary_expansion,benign_expansion,-0.6569689139089347,0.4748277820163147,-0.18459739574011622,0.5015111157239915,-0.413837774363224,-0.1815760102029495,disinflationary_expansion,benign_expansion,"{""balanced_expansion"": 0.0810546875, ""demand_slowdown"": 0.2294921875, ""disinflationary_expansion"": 0.357421875, ""hard_landing_risk"": 0.0869140625, ""mixed_transition"": 0.2080078125, ""overheating"": 0.0, ""reflation"": 0.0322265625, ""stagflation_risk"": 0.0048828125}",benign_expansion,disinflationary_expansion,1.0,1.0,False,[],"{""adverse_supply"": 0.0, ""benign_expansion"": 1.0, ""contraction"": 0.0, ""inflationary_expansion"": 0.0, ""mixed"": 0.0}","{""balanced_expansion"": 0.0, ""demand_slowdown"": 0.0, ""disinflationary_expansion"": 1.0, ""hard_landing_risk"": 0.0, ""mixed_transition"": 0.0, ""overheating"": 0.0, ""reflation"": 0.0, ""stagflation_risk"": 0.0}",True,81,"{""adverse_supply"": 0.0048828125, ""benign_expansion"": 0.4384765625, ""contraction"": 0.31640625, ""inflationary_expansion"": 0.0322265625, ""mixed"": 0.2080078125}",benign_expansion
fixed_horizon_90d,expanding_robust_z__policy__equal__sensitive,2023-12-31,1.1584800296329263,-0.6192510803623152,-0.0619407427064956,-2.0,2.0,-1.1619049547188567,-0.13668187002899362,-1.056493872859443,1.1996230380500348,disinflationary_expansion,benign_expansion,-0.5964335565404131,-0.030042332011609885,0.13350532530179132,0.5620464730925132,-0.5748039467474125,0.2333463983564878,disinflationary_expansion,benign_expansion,"{""balanced_expansion"": 0.0546875, ""demand_slowdown"": 0.2705078125, ""disinflationary_expansion"": 0.431640625, ""hard_landing_risk"": 0.0693359375, ""mixed_transition"": 0.15625, ""overheating"": 0.001953125, ""reflation"": 0.015625, ""stagflation_risk"": 0.0}",benign_expansion,disinflationary_expansion,1.0,1.0,False,[],"{""adverse_supply"": 0.0, ""benign_expansion"": 1.0, ""contraction"": 0.0, ""inflationary_expansion"": 0.0, ""mixed"": 0.0}","{""balanced_expansion"": 0.0, ""demand_slowdown"": 0.0, ""disinflationary_expansion"": 1.0, ""hard_landing_risk"": 0.0, ""mixed_transition"": 0.0, ""overheating"": 0.0, ""reflation"": 0.0, ""stagflation_risk"": 0.0}",True,81,"{""adverse_supply"": 0.0, ""benign_expansion"": 0.486328125, ""contraction"": 0.33984375, ""inflationary_expansion"": 0.017578125, ""mixed"": 0.15625}",benign_expansion
fixed_horizon_90d,expanding_robust_z__policy__equal__sensitive,2024-01-31,-0.7569015408958251,0.5152735423001659,0.3637475154856922,-2.0,2.0,-0.9149797239506209,0.0833117112627878,-1.0097014828619038,1.2820679555924464,stagflation_risk,adverse_supply,1.3676439259434718,-0.9311075486440824,-0.22756427912042093,0.6107423850476468,-0.37797812071310605,0.2510136908693811,disinflationary_expansion,benign_expansion,"{""balanced_expansion"": 0.0849609375, ""demand_slowdown"": 0.2421875, ""disinflationary_expansion"": 0.390625, ""hard_landing_risk"": 0.0595703125, ""mixed_transition"": 0.1630859375, ""overheating"": 0.00390625, ""reflation"": 0.0546875, ""stagflation_risk"": 0.0009765625}",mixed,mixed_transition,0.7777777777777778,0.5555555555555556,False,"[""adverse_supply""]","{""adverse_supply"": 0.2222222222222222, ""benign_expansion"": 0.0, ""contraction"": 0.0, ""inflationary_expansion"": 0.0, ""mixed"": 0.7777777777777778}","{""balanced_expansion"": 0.0, ""demand_slowdown"": 0.0, ""disinflationary_expansion"": 0.0, ""hard_landing_risk"": 0.0, ""mixed_transition"": 0.7777777777777778, ""overheating"": 0.0, ""reflation"": 0.0, ""stagflation_risk"": 0.2222222222222222}",False,81,"{""adverse_supply"": 0.0009765625, ""benign_expansion"": 0.4755859375, ""contraction"": 0.3017578125, ""inflationary_expansion"": 0.05859375, ""mixed"": 0.1630859375}",benign_expansion
fixed_horizon_90d,expanding_robust_z__policy__equal__sensitive,2024-02-29,-0.7569015408958251,-0.03764014329521299,-0.6811179701260944,-2.0,2.0,-0.5561508939883152,0.45410343335356046,-1.2239346413322874,1.5791415115039782,hard_landing_risk,contraction,1.473718462793963,-0.013383587022164377,0.850801187064737,0.716816921898138,-0.002524103975907254,0.2432201105989582,balanced_expansion,benign_expansion,"{""balanced_expansion"": 0.115234375, ""demand_slowdown"": 0.169921875, ""disinflationary_expansion"": 0.2041015625, ""hard_landing_risk"": 0.0517578125, ""mixed_transition"": 0.1943359375, ""overheating"": 0.03515625, ""reflation"": 0.208984375, ""stagflation_risk"": 0.0205078125}",contraction,demand_slowdown,1.0,1.0,False,[],"{""adverse_supply"": 0.0, ""benign_expansion"": 0.0, ""contraction"": 1.0, ""inflationary_expansion"": 0.0, ""mixed"": 0.0}","{""balanced_expansion"": 0.0, ""demand_slowdown"": 0.5925925925925926, ""disinflationary_expansion"": 0.0, ""hard_landing_risk"": 0.4074074074074074, ""mixed_transition"": 0.0, ""overheating"": 0.0, ""reflation"": 0.0, ""stagflation_risk"": 0.0}",True,81,"{""adverse_supply"": 0.0205078125, ""benign_expansion"": 0.3193359375, ""contraction"": 0.2216796875, ""inflationary_expansion"": 0.244140625, ""mixed"": 0.1943359375}",benign_expansion
fixed_horizon_90d,expanding_robust_z__policy__equal__sensitive,2024-03-31,-0.7569015408958251,0.0888003350023283,0.06722820823995487,-2.0,2.0,-0.7199017567813125,0.3146544879303131,-1.35881988041895,1.4050899362691829,demand_slowdown,contraction,0.931834761002055,-0.291423969427828,-0.06948278086769388,0.17493322010622991,-0.17357917210270185,0.06176858773947257,disinflationary_expansion,benign_expansion,"{""balanced_expansion"": 0.11328125, ""demand_slowdown"": 0.2734375, ""disinflationary_expansion"": 0.224609375, ""hard_landing_risk"": 0.1025390625, ""mixed_transition"": 0.1865234375, ""overheating"": 0.013671875, ""reflation"": 0.0732421875, ""stagflation_risk"": 0.0126953125}",contraction,demand_slowdown,1.0,1.0,False,[],"{""adverse_supply"": 0.0, ""benign_expansion"": 0.0, ""contraction"": 1.0, ""inflationary_expansion"": 0.0, ""mixed"": 0.0}","{""balanced_expansion"": 0.0, ""demand_slowdown"": 1.0, ""disinflationary_expansion"": 0.0, ""hard_landing_risk"": 0.0, ""mixed_transition"": 0.0, ""overheating"": 0.0, ""reflation"": 0.0, ""stagflation_risk"": 0.0}",True,81,"{""adverse_supply"": 0.0126953125, ""benign_expansion"": 0.337890625, ""contraction"": 0.3759765625, ""inflationary_expansion"": 0.0869140625, ""mixed"": 0.1865234375}",contraction
fixed_horizon_90d,expanding_robust_z__policy__equal__sensitive,2024-04-30,0.9089069606506257,-0.24988138489848077,-0.8796954271224214,-2.0,2.0,-0.8016263980286,0.2644764407149564,-1.382843724911179,1.4613948890266868,mixed_transition,mixed,-0.13109537176360897,-0.018693593758341065,0.9189710091801754,0.7778115888870167,-0.22183094167631234,0.11352660763368208,disinflationary_expansion,benign_expansion,"{""balanced_expansion"": 0.091796875, ""demand_slowdown"": 0.166015625, ""disinflationary_expansion"": 0.3173828125, ""hard_landing_risk"": 0.0546875, ""mixed_transition"": 0.240234375, ""overheating"": 0.0078125, ""reflation"": 0.1162109375, ""stagflation_risk"": 0.005859375}",mixed,mixed_transition,1.0,1.0,False,[],"{""adverse_supply"": 0.0, ""benign_expansion"": 0.0, ""contraction"": 0.0, ""inflationary_expansion"": 0.0, ""mixed"": 1.0}","{""balanced_expansion"": 0.0, ""demand_slowdown"": 0.0, ""disinflationary_expansion"": 0.0, ""hard_landing_risk"": 0.0, ""mixed_transition"": 1.0, ""overheating"": 0.0, ""reflation"": 0.0, ""stagflation_risk"": 0.0}",True,81,"{""adverse_supply"": 0.005859375, ""benign_expansion"": 0.4091796875, ""contraction"": 0.220703125, ""inflationary_expansion"": 0.1240234375, ""mixed"": 0.240234375}",benign_expansion
fixed_horizon_90d,expanding_robust_z__policy__equal__sensitive,2024-05-31,0.9089069606506257,-1.044990337242435,-0.25398533524785666,-2.0,2.0,-1.07460569635411,0.05851086841674824,-1.1588627367174276,1.3696263947508642,disinflationary_expansion,benign_expansion,-0.49289957535893336,0.5369429232737541,0.3593671642645749,0.41600738529169234,-0.4563348597141721,0.20481343465364782,disinflationary_expansion,benign_expansion,"{""balanced_expansion"": 0.09375, ""demand_slowdown"": 0.2509765625, ""disinflationary_expansion"": 0.3662109375, ""hard_landing_risk"": 0.0654296875, ""mixed_transition"": 0.166015625, ""overheating"": 0.00390625, ""reflation"": 0.05078125, ""stagflation_risk"": 0.0029296875}",benign_expansion,disinflationary_expansion,1.0,1.0,False,[],"{""adverse_supply"": 0.0, ""benign_expansion"": 1.0, ""contraction"": 0.0, ""inflationary_expansion"": 0.0, ""mixed"": 0.0}","{""balanced_expansion"": 0.0, ""demand_slowdown"": 0.0, ""disinflationary_expansion"": 1.0, ""hard_landing_risk"": 0.0, ""mixed_transition"": 0.0, ""overheating"": 0.0, ""reflation"": 0.0, ""stagflation_risk"": 0.0}",True,81,"{""adverse_supply"": 0.0029296875, ""benign_expansion"": 0.4599609375, ""contraction"": 0.31640625, ""inflationary_expansion"": 0.0546875, ""mixed"": 0.166015625}",benign_expansion
fixed_horizon_90d,expanding_robust_z__policy__equal__sensitive,2024-06-30,0.9089069606506257,-0.8716346993520763,-0.6069699745917517,-2.0,2.0,-1.262123291736671,-0.1760790451874361,-1.2640725132149713,0.9449633772481467,disinflationary_expansion,benign_expansion,-0.7480964634016414,0.15253353089002275,0.2850364490086481,0.16081049724898433,-0.6958952913776782,-0.282823192614248,disinflationary_expansion,benign_expansion,"{""balanced_expansion"": 0.0400390625, ""demand_slowdown"": 0.2666015625, ""disinflationary_expansion"": 0.3408203125, ""hard_landing_risk"": 0.13671875, ""mixed_transition"": 0.201171875, ""overheating"": 0.0, ""reflation"": 0.013671875, ""stagflation_risk"": 0.0009765625}",mixed,mixed_transition,0.6666666666666666,0.3333333333333333,False,"[""benign_expansion""]","{""adverse_supply"": 0.0, ""benign_expansion"": 0.3333333333333333, ""contraction"": 0.0, ""inflationary_expansion"": 0.0, ""mixed"": 0.6666666666666666}","{""balanced_expansion"": 0.0, ""demand_slowdown"": 0.0, ""disinflationary_expansion"": 0.3333333333333333, ""hard_landing_risk"": 0.0, ""mixed_transition"": 0.6666666666666666, ""overheating"": 0.0, ""reflation"": 0.0, ""stagflation_risk"": 0.0}",False,81,"{""adverse_supply"": 0.0009765625, ""benign_expansion"": 0.380859375, ""contraction"": 0.4033203125, ""inflationary_expansion"": 0.013671875, ""mixed"": 0.201171875}",contraction
fixed_horizon_90d,expanding_robust_z__policy__equal__sensitive,2024-07-31,0.028246300438284144,-0.7774195034448748,-0.8207613405989818,-1.7245303440650812,1.5134427023762287,-1.2857644359147204,-0.2100748353658941,-1.3358759359709511,0.5952750491734786,mixed_transition,mixed,-0.13379012128271053,0.02949986780456748,0.21791506796053361,-0.0922518721757466,-0.7354714853171551,-0.550411656473568,mixed_transition,mixed,"{""balanced_expansion"": 0.0400390625, ""demand_slowdown"": 0.267578125, ""disinflationary_expansion"": 0.2578125, ""hard_landing_risk"": 0.197265625, ""mixed_transition"": 0.228515625, ""overheating"": 0.0009765625, ""reflation"": 0.0078125, ""stagflation_risk"": 0.0}",mixed,mixed_transition,0.9629629629629629,0.9259259259259258,False,[],"{""adverse_supply"": 0.0, ""benign_expansion"": 0.037037037037037035, ""contraction"": 0.0, ""inflationary_expansion"": 0.0, ""mixed"": 0.9629629629629629}","{""balanced_expansion"": 0.0, ""demand_slowdown"": 0.0, ""disinflationary_expansion"": 0.037037037037037035, ""hard_landing_risk"": 0.0, ""mixed_transition"": 0.9629629629629629, ""overheating"": 0.0, ""reflation"": 0.0, ""stagflation_risk"": 0.0}",True,81,"{""adverse_supply"": 0.0, ""benign_expansion"": 0.2978515625, ""contraction"": 0.46484375, ""inflationary_expansion"": 0.0087890625, ""mixed"": 0.228515625}",contraction
fixed_horizon_90d,expanding_robust_z__policy__equal__sensitive,2024-08-31,0.028246300438284144,-0.5938584056128889,-0.3293902137001177,-2.0,1.5687036819192657,-1.1830300897684776,-0.1379733603830433,-1.2780014613233703,0.8613079132819981,balanced_expansion,benign_expansion,-0.3216000651436848,-0.0666433194628715,0.12104343967943165,-0.2864051793674042,-0.6466432440685905,-0.14046375209429585,demand_slowdown,contraction,"{""balanced_expansion"": 0.0390625, ""demand_slowdown"": 0.3544921875, ""disinflationary_expansion"": 0.26171875, ""hard_landing_risk"": 0.16796875, ""mixed_transition"": 0.1630859375, ""overheating"": 0.0009765625, ""reflation"": 0.01171875, ""stagflation_risk"": 0.0009765625}",mixed,mixed_transition,0.7407407407407407,0.48148148148148145,False,"[""benign_expansion""]","{""adverse_supply"": 0.0, ""benign_expansion"": 0.25925925925925924, ""contraction"": 0.0, ""inflationary_expansion"": 0.0, ""mixed"": 0.7407407407407407}","{""balanced_expansion"": 0.14814814814814814, ""demand_slowdown"": 0.0, ""disinflationary_expansion"": 0.1111111111111111, ""hard_landing_risk"": 0.0, ""mixed_transition"": 0.7407407407407407, ""overheating"": 0.0, ""reflation"": 0.0, ""stagflation_risk"": 0.0}",False,81,"{""adverse_supply"": 0.0009765625, ""benign_expansion"": 0.30078125, ""contraction"": 0.5224609375, ""inflationary_expansion"": 0.0126953125, ""mixed"": 0.1630859375}",contraction
fixed_horizon_90d,expanding_robust_z__policy__equal__sensitive,2024-09-30,0.028246300438284144,-0.2909545234888114,-0.2894275913095687,-2.0,1.6035124361470026,-1.15882352454016,-0.10440385233499838,-1.3251329160983487,0.7264996963775638,balanced_expansion,benign_expansion,-0.3533270170682564,-0.34065916494876775,-0.009889018550823747,-0.3192037230261263,-0.6314703849638422,-0.20733069340958296,demand_slowdown,contraction,"{""balanced_expansion"": 0.0517578125, ""demand_slowdown"": 0.3740234375, ""disinflationary_expansion"": 0.2216796875, ""hard_landing_risk"": 0.1689453125, ""mixed_transition"": 0.171875, ""overheating"": 0.0, ""reflation"": 0.01171875, ""stagflation_risk"": 0.0}",benign_expansion,balanced_expansion,0.8888888888888888,0.7777777777777777,False,"[""mixed""]","{""adverse_supply"": 0.0, ""benign_expansion"": 0.8888888888888888, ""contraction"": 0.0, ""inflationary_expansion"": 0.0, ""mixed"": 0.1111111111111111}","{""balanced_expansion"": 0.7777777777777778, ""demand_slowdown"": 0.0, ""disinflationary_expansion"": 0.1111111111111111, ""hard_landing_risk"": 0.0, ""mixed_transition"": 0.1111111111111111, ""overheating"": 0.0, ""reflation"": 0.0, ""stagflation_risk"": 0.0}",True,81,"{""adverse_supply"": 0.0, ""benign_expansion"": 0.2734375, ""contraction"": 0.54296875, ""inflationary_expansion"": 0.01171875, ""mixed"": 0.171875}",contraction
fixed_horizon_90d,expanding_robust_z__policy__equal__sensitive,2024-10-31,-0.16248039817660434,-0.2411901202229968,-0.49116576310966004,-1.9791509594351553,2.0,-1.0162439455388692,0.08694750748323482,-1.265007425173392,0.9013163272803686,balanced_expansion,benign_expansion,0.18216577067374706,-0.22345809880482037,0.30932021416314837,0.02089304245572119,-0.4474305238468627,-0.15308694190876665,balanced_expansion,benign_expansion,"{""balanced_expansion"": 0.0849609375, ""demand_slowdown"": 0.294921875, ""disinflationary_expansion"": 0.2939453125, ""hard_landing_risk"": 0.1240234375, ""mixed_transition"": 0.1611328125, ""overheating"": 0.0029296875, ""reflation"": 0.0341796875, ""stagflation_risk"": 0.00390625}",benign_expansion,balanced_expansion,0.5555555555555556,0.22222222222222227,True,"[""mixed"", ""contraction""]","{""adverse_supply"": 0.0, ""benign_expansion"": 0.5555555555555556, ""contraction"": 0.1111111111111111, ""inflationary_expansion"": 0.0, ""mixed"": 0.3333333333333333}","{""balanced_expansion"": 0.5555555555555556, ""demand_slowdown"": 0.1111111111111111, ""disinflationary_expansion"": 0.0, ""hard_landing_risk"": 0.0, ""mixed_transition"": 0.3333333333333333, ""overheating"": 0.0, ""reflation"": 0.0, ""stagflation_risk"": 0.0}",False,81,"{""adverse_supply"": 0.00390625, ""benign_expansion"": 0.37890625, ""contraction"": 0.4189453125, ""inflationary_expansion"": 0.037109375, ""mixed"": 0.1611328125}",contraction
fixed_horizon_90d,expanding_robust_z__policy__equal__sensitive,2024-11-30,-0.16248039817660434,-0.6617392046302683,-0.18869823723112641,-2.0,2.0,-0.8898142189076926,0.23500015557074985,-1.2885909104355249,0.3553188159669926,demand_slowdown,contraction,0.03258847072929058,0.3343321729617969,-0.47830166445732025,-0.11328166901743848,-0.3178869916628606,-0.6051695161112159,balanced_expansion,benign_expansion,"{""balanced_expansion"": 0.0712890625, ""demand_slowdown"": 0.23046875, ""disinflationary_expansion"": 0.1904296875, ""hard_landing_risk"": 0.228515625, ""mixed_transition"": 0.20703125, ""overheating"": 0.0, ""reflation"": 0.0625, ""stagflation_risk"": 0.009765625}",mixed,mixed_transition,0.6296296296296297,0.3703703703703704,False,"[""contraction"", ""benign_expansion""]","{""adverse_supply"": 0.0, ""benign_expansion"": 0.1111111111111111, ""contraction"": 0.25925925925925924, ""inflationary_expansion"": 0.0, ""mixed"": 0.6296296296296297}","{""balanced_expansion"": 0.1111111111111111, ""demand_slowdown"": 0.25925925925925924, ""disinflationary_expansion"": 0.0, ""hard_landing_risk"": 0.0, ""mixed_transition"": 0.6296296296296297, ""overheating"": 0.0, ""reflation"": 0.0, ""stagflation_risk"": 0.0}",False,81,"{""adverse_supply"": 0.009765625, ""benign_expansion"": 0.26171875, ""contraction"": 0.458984375, ""inflationary_expansion"": 0.0625, ""mixed"": 0.20703125}",contraction
fixed_horizon_90d,expanding_robust_z__policy__equal__sensitive,2024-12-31,-0.16248039817660434,-0.32580086042193884,-0.4388011273258146,-2.0,2.0,-1.0357828127181214,0.1054470583087124,-1.1566501087194534,1.1413439624133723,balanced_expansion,benign_expansion,-0.16856438757613765,-0.1393670167827657,0.43114805417277424,-0.2937209919304369,-0.4724724074625157,0.1352188222150182,balanced_expansion,benign_expansion,"{""balanced_expansion"": 0.0712890625, ""demand_slowdown"": 0.41015625, ""disinflationary_expansion"": 0.25, ""hard_landing_risk"": 0.1015625, ""mixed_transition"": 0.12890625, ""overheating"": 0.0009765625, ""reflation"": 0.0302734375, ""stagflation_risk"": 0.0068359375}",benign_expansion,balanced_expansion,0.4691358024691358,0.04938271604938271,True,"[""mixed"", ""contraction""]","{""adverse_supply"": 0.0, ""benign_expansion"": 0.4691358024691358, ""contraction"": 0.1111111111111111, ""inflationary_expansion"": 0.0, ""mixed"": 0.41975308641975306}","{""balanced_expansion"": 0.4691358024691358, ""demand_slowdown"": 0.1111111111111111, ""disinflationary_expansion"": 0.0, ""hard_landing_risk"": 0.0, ""mixed_transition"": 0.41975308641975306, ""overheating"": 0.0, ""reflation"": 0.0, ""stagflation_risk"": 0.0}",False,81,"{""adverse_supply"": 0.0068359375, ""benign_expansion"": 0.3212890625, ""contraction"": 0.51171875, ""inflationary_expansion"": 0.03125, ""mixed"": 0.12890625}",contraction
fixed_horizon_90d,expanding_robust_z__policy__equal__sensitive,2025-01-31,-1.3128759930510177,0.43899893673353524,-0.17732008793858334,-2.0,2.0,-1.2121398402606185,-0.027323779014768512,-1.1631000433138654,1.032197222988294,mixed_transition,mixed,1.360412455595153,-1.0587307463712288,0.11186867777579779,0.05305666663507378,-0.6218622652339864,0.05776770323800747,mixed_transition,mixed,"{""balanced_expansion"": 0.056640625, ""demand_slowdown"": 0.314453125, ""disinflationary_expansion"": 0.33984375, ""hard_landing_risk"": 0.1025390625, ""mixed_transition"": 0.1513671875, ""overheating"": 0.0009765625, ""reflation"": 0.0302734375, ""stagflation_risk"": 0.00390625}",mixed,mixed_transition,0.7777777777777778,0.6666666666666667,False,"[""adverse_supply"", ""contraction""]","{""adverse_supply"": 0.1111111111111111, ""benign_expansion"": 0.0, ""contraction"": 0.1111111111111111, ""inflationary_expansion"": 0.0, ""mixed"": 0.7777777777777778}","{""balanced_expansion"": 0.0, ""demand_slowdown"": 0.1111111111111111, ""disinflationary_expansion"": 0.0, ""hard_landing_risk"": 0.0, ""mixed_transition"": 0.7777777777777778, ""overheating"": 0.0, ""reflation"": 0.0, ""stagflation_risk"": 0.1111111111111111}",True,81,"{""adverse_supply"": 0.00390625, ""benign_expansion"": 0.396484375, ""contraction"": 0.4169921875, ""inflationary_expansion"": 0.03125, ""mixed"": 0.1513671875}",contraction
fixed_horizon_90d,expanding_robust_z__policy__equal__sensitive,2025-02-28,-1.3128759930510177,0.3861245741114127,-0.7929840020040468,-2.0,2.0,-0.5997702580496622,0.6020605943742643,-0.9182289804444803,1.2139938337685887,hard_landing_risk,contraction,1.4550243792613093,-0.3849794059491116,0.940866428666101,0.15141085835330692,0.04368279536864749,0.31403181320151885,balanced_expansion,benign_expansion,"{""balanced_expansion"": 0.119140625, ""demand_slowdown"": 0.2578125, ""disinflationary_expansion"": 0.1904296875, ""hard_landing_risk"": 0.0693359375, ""mixed_transition"": 0.1337890625, ""overheating"": 0.0439453125, ""reflation"": 0.140625, ""stagflation_risk"": 0.044921875}",contraction,hard_landing_risk,0.5555555555555556,0.11111111111111116,True,"[""mixed""]","{""adverse_supply"": 0.0, ""benign_expansion"": 0.0, ""contraction"": 0.5555555555555556, ""inflationary_expansion"": 0.0, ""mixed"": 0.4444444444444444}","{""balanced_expansion"": 0.0, ""demand_slowdown"": 0.0, ""disinflationary_expansion"": 0.0, ""hard_landing_risk"": 0.5555555555555556, ""mixed_transition"": 0.4444444444444444, ""overheating"": 0.0, ""reflation"": 0.0, ""stagflation_risk"": 0.0}",False,81,"{""adverse_supply"": 0.044921875, ""benign_expansion"": 0.3095703125, ""contraction"": 0.3271484375, ""inflationary_expansion"": 0.1845703125, ""mixed"": 0.1337890625}",contraction
fixed_horizon_90d,expanding_robust_z__policy__equal__sensitive,2025-03-31,-1.3128759930510177,-1.30369880169583,-0.4407040255937199,-2.0,2.0,-0.8737816844527172,0.36425479664846455,-1.2494124852567292,0.565308640126032,demand_slowdown,contraction,1.356685388169245,1.0489353577937037,-0.04518527993489002,0.049182179255999006,-0.2094576728535834,-0.5642192954783996,balanced_expansion,benign_expansion,"{""balanced_expansion"": 0.09375, ""demand_slowdown"": 0.2119140625, ""disinflationary_expansion"": 0.1865234375, ""hard_landing_risk"": 0.1884765625, ""mixed_transition"": 0.21875, ""overheating"": 0.0009765625, ""reflation"": 0.0888671875, ""stagflation_risk"": 0.0107421875}",contraction,demand_slowdown,1.0,1.0,False,[],"{""adverse_supply"": 0.0, ""benign_expansion"": 0.0, ""contraction"": 1.0, ""inflationary_expansion"": 0.0, ""mixed"": 0.0}","{""balanced_expansion"": 0.0, ""demand_slowdown"": 0.8888888888888888, ""disinflationary_expansion"": 0.0, ""hard_landing_risk"": 0.1111111111111111, ""mixed_transition"": 0.0, ""overheating"": 0.0, ""reflation"": 0.0, ""stagflation_risk"": 0.0}",True,81,"{""adverse_supply"": 0.0107421875, ""benign_expansion"": 0.2802734375, ""contraction"": 0.400390625, ""inflationary_expansion"": 0.08984375, ""mixed"": 0.21875}",contraction
fixed_horizon_90d,expanding_robust_z__policy__equal__sensitive,2025-04-30,0.27722524478807414,-0.6658635585862012,-0.8076363513809199,-1.8057592025173685,1.7595909484095542,-1.3716877392722748,-0.18375831156752687,-1.0863848392786297,0.9849177158316237,mixed_transition,mixed,-0.30030937184198137,-0.11185946683369974,0.7569027896574169,-0.023145237674056268,-0.794135403129631,0.030776686226038706,mixed_transition,mixed,"{""balanced_expansion"": 0.0302734375, ""demand_slowdown"": 0.3310546875, ""disinflationary_expansion"": 0.361328125, ""hard_landing_risk"": 0.1103515625, ""mixed_transition"": 0.1513671875, ""overheating"": 0.001953125, ""reflation"": 0.0126953125, ""stagflation_risk"": 0.0009765625}",mixed,mixed_transition,0.8888888888888888,0.7777777777777777,False,"[""benign_expansion""]","{""adverse_supply"": 0.0, ""benign_expansion"": 0.1111111111111111, ""contraction"": 0.0, ""inflationary_expansion"": 0.0, ""mixed"": 0.8888888888888888}","{""balanced_expansion"": 0.0, ""demand_slowdown"": 0.0, ""disinflationary_expansion"": 0.1111111111111111, ""hard_landing_risk"": 0.0, ""mixed_transition"": 0.8888888888888888, ""overheating"": 0.0, ""reflation"": 0.0, ""stagflation_risk"": 0.0}",True,81,"{""adverse_supply"": 0.0009765625, ""benign_expansion"": 0.3916015625, ""contraction"": 0.44140625, ""inflationary_expansion"": 0.0146484375, ""mixed"": 0.1513671875}",contraction
fixed_horizon_90d,expanding_robust_z__policy__equal__sensitive,2025-05-31,0.27722524478807414,-0.7043568854567142,-0.3543858439031534,-2.0,1.8063688794689419,-0.8550765936523606,0.3257312437858369,-1.2685440246875117,0.9579985750193101,disinflationary_expansion,benign_expansion,-0.49161558922999327,0.4396842105234523,0.1991131190690526,-0.242320074495643,-0.24405400124048138,-0.12226305545109109,balanced_expansion,benign_expansion,"{""balanced_expansion"": 0.0849609375, ""demand_slowdown"": 0.3203125, ""disinflationary_expansion"": 0.1845703125, ""hard_landing_risk"": 0.1630859375, ""mixed_transition"": 0.1357421875, ""overheating"": 0.0078125, ""reflation"": 0.0859375, ""stagflation_risk"": 0.017578125}",benign_expansion,disinflationary_expansion,0.5555555555555556,0.11111111111111116,True,"[""mixed""]","{""adverse_supply"": 0.0, ""benign_expansion"": 0.5555555555555556, ""contraction"": 0.0, ""inflationary_expansion"": 0.0, ""mixed"": 0.4444444444444444}","{""balanced_expansion"": 0.0, ""demand_slowdown"": 0.0, ""disinflationary_expansion"": 0.5555555555555556, ""hard_landing_risk"": 0.0, ""mixed_transition"": 0.4444444444444444, ""overheating"": 0.0, ""reflation"": 0.0, ""stagflation_risk"": 0.0}",False,81,"{""adverse_supply"": 0.017578125, ""benign_expansion"": 0.26953125, ""contraction"": 0.4833984375, ""inflationary_expansion"": 0.09375, ""mixed"": 0.1357421875}",contraction
fixed_horizon_90d,expanding_robust_z__policy__equal__sensitive,2025-06-30,0.27722524478807414,-0.17325652489234009,-0.8433508868933264,-2.0,1.6851105422078778,-0.6505552920313306,0.5924475231135892,-1.3436453595514448,0.5933894591478377,mixed_transition,mixed,-0.6407078842713818,0.1442026404334693,0.433391219185616,-0.4131314568083011,0.014853617684782194,-0.5004097387917903,demand_slowdown,contraction,"{""balanced_expansion"": 0.1142578125, ""demand_slowdown"": 0.23046875, ""disinflationary_expansion"": 0.0966796875, ""hard_landing_risk"": 0.2548828125, ""mixed_transition"": 0.142578125, ""overheating"": 0.001953125, ""reflation"": 0.123046875, ""stagflation_risk"": 0.0361328125}",mixed,mixed_transition,0.8888888888888888,0.7777777777777777,False,"[""benign_expansion""]","{""adverse_supply"": 0.0, ""benign_expansion"": 0.1111111111111111, ""contraction"": 0.0, ""inflationary_expansion"": 0.0, ""mixed"": 0.8888888888888888}","{""balanced_expansion"": 0.037037037037037035, ""demand_slowdown"": 0.0, ""disinflationary_expansion"": 0.07407407407407407, ""hard_landing_risk"": 0.0, ""mixed_transition"": 0.8888888888888888, ""overheating"": 0.0, ""reflation"": 0.0, ""stagflation_risk"": 0.0}",True,81,"{""adverse_supply"": 0.0361328125, ""benign_expansion"": 0.2109375, ""contraction"": 0.4853515625, ""inflationary_expansion"": 0.125, ""mixed"": 0.142578125}",contraction
fixed_horizon_90d,expanding_robust_z__policy__equal__sensitive,2025-07-31,0.7139163428150634,-0.2087887288082083,-0.37848466827511973,-1.692007633943516,1.5811253289119531,-0.22220072699900079,1.0731823947482562,-1.282181920218183,0.6729080606656918,disinflationary_expansion,benign_expansion,-0.7693574953308446,0.634279562682836,0.07384773849887422,-0.05399411197532257,0.4701735022612449,-0.35280172199867704,balanced_expansion,benign_expansion,"{""balanced_expansion"": 0.1240234375, ""demand_slowdown"": 0.1357421875, ""disinflationary_expansion"": 0.0595703125, ""hard_landing_risk"": 0.140625, ""mixed_transition"": 0.1611328125, ""overheating"": 0.03515625, ""reflation"": 0.2314453125, ""stagflation_risk"": 0.1123046875}",benign_expansion,disinflationary_expansion,0.5925925925925926,0.18518518518518517,True,"[""mixed""]","{""adverse_supply"": 0.0, ""benign_expansion"": 0.5925925925925926, ""contraction"": 0.0, ""inflationary_expansion"": 0.0, ""mixed"": 0.4074074074074074}","{""balanced_expansion"": 0.14814814814814814, ""demand_slowdown"": 0.0, ""disinflationary_expansion"": 0.4444444444444444, ""hard_landing_risk"": 0.0, ""mixed_transition"": 0.4074074074074074, ""overheating"": 0.0, ""reflation"": 0.0, ""stagflation_risk"": 0.0}",False,81,"{""adverse_supply"": 0.1123046875, ""benign_expansion"": 0.18359375, ""contraction"": 0.2763671875, ""inflationary_expansion"": 0.2666015625, ""mixed"": 0.1611328125}",contraction
fixed_horizon_90d,expanding_robust_z__policy__equal__sensitive,2025-08-31,0.7139163428150634,-0.01937701227636944,-0.30919189762217264,-2.0,1.7120373392450736,-0.5684989283306735,0.7852485702649428,-0.884700536339738,0.9980903140570199,balanced_expansion,benign_expansion,-0.8995236974685131,0.12775183324350414,0.3658867864808135,-0.18930889159502992,0.12088172972223915,0.1760959090091473,balanced_expansion,benign_expansion,"{""balanced_expansion"": 0.1298828125, ""demand_slowdown"": 0.2685546875, ""disinflationary_expansion"": 0.111328125, ""hard_landing_risk"": 0.078125, ""mixed_transition"": 0.15234375, ""overheating"": 0.0341796875, ""reflation"": 0.140625, ""stagflation_risk"": 0.0849609375}",benign_expansion,balanced_expansion,0.5555555555555556,0.11111111111111116,True,"[""mixed""]","{""adverse_supply"": 0.0, ""benign_expansion"": 0.5555555555555556, ""contraction"": 0.0, ""inflationary_expansion"": 0.0, ""mixed"": 0.4444444444444444}","{""balanced_expansion"": 0.4444444444444444, ""demand_slowdown"": 0.0, ""disinflationary_expansion"": 0.1111111111111111, ""hard_landing_risk"": 0.0, ""mixed_transition"": 0.4444444444444444, ""overheating"": 0.0, ""reflation"": 0.0, ""stagflation_risk"": 0.0}",False,81,"{""adverse_supply"": 0.0849609375, ""benign_expansion"": 0.2412109375, ""contraction"": 0.3466796875, ""inflationary_expansion"": 0.1748046875, ""mixed"": 0.15234375}",contraction
fixed_horizon_90d,expanding_robust_z__policy__equal__sensitive,2025-09-30,0.7139163428150634,-0.3352159330656157,-0.813290014362645,-2.0,1.7789017236939038,-0.7735988248871936,0.6534388902391401,-1.2576223032761908,0.6746909544563124,mixed_transition,mixed,-1.253735842054298,0.275135965741589,0.5218243399527059,-0.5575314985092023,-0.040743295291797245,-0.28432449365333323,demand_slowdown,contraction,"{""balanced_expansion"": 0.095703125, ""demand_slowdown"": 0.3134765625, ""disinflationary_expansion"": 0.0869140625, ""hard_landing_risk"": 0.2255859375, ""mixed_transition"": 0.1396484375, ""overheating"": 0.0107421875, ""reflation"": 0.0859375, ""stagflation_risk"": 0.0419921875}",mixed,mixed_transition,0.8888888888888888,0.7777777777777777,False,"[""benign_expansion""]","{""adverse_supply"": 0.0, ""benign_expansion"": 0.1111111111111111, ""contraction"": 0.0, ""inflationary_expansion"": 0.0, ""mixed"": 0.8888888888888888}","{""balanced_expansion"": 0.0, ""demand_slowdown"": 0.0, ""disinflationary_expansion"": 0.1111111111111111, ""hard_landing_risk"": 0.0, ""mixed_transition"": 0.8888888888888888, ""overheating"": 0.0, ""reflation"": 0.0, ""stagflation_risk"": 0.0}",True,81,"{""adverse_supply"": 0.0419921875, ""benign_expansion"": 0.1826171875, ""contraction"": 0.5390625, ""inflationary_expansion"": 0.0966796875, ""mixed"": 0.1396484375}",contraction
fixed_horizon_90d,expanding_robust_z__policy__equal__sensitive,2025-11-30,-0.9455654961823647,-0.5872579448062557,-0.35294191509270534,-2.0,1.1666941291134965,-1.115577610368989,0.36624813672305506,-1.020953112731481,0.8587269573473806,demand_slowdown,contraction,0.4788977718145344,0.21259320798328873,0.27182883740065517,-0.48341550983182646,-0.3516051902917651,0.013188529765664384,demand_slowdown,contraction,"{""balanced_expansion"": 0.1025390625, ""demand_slowdown"": 0.365234375, ""disinflationary_expansion"": 0.1669921875, ""hard_landing_risk"": 0.1640625, ""mixed_transition"": 0.1201171875, ""overheating"": 0.0068359375, ""reflation"": 0.0439453125, ""stagflation_risk"": 0.0302734375}",contraction,demand_slowdown,1.0,1.0,False,[],"{""adverse_supply"": 0.0, ""benign_expansion"": 0.0, ""contraction"": 1.0, ""inflationary_expansion"": 0.0, ""mixed"": 0.0}","{""balanced_expansion"": 0.0, ""demand_slowdown"": 1.0, ""disinflationary_expansion"": 0.0, ""hard_landing_risk"": 0.0, ""mixed_transition"": 0.0, ""overheating"": 0.0, ""reflation"": 0.0, ""stagflation_risk"": 0.0}",True,81,"{""adverse_supply"": 0.0302734375, ""benign_expansion"": 0.26953125, ""contraction"": 0.529296875, ""inflationary_expansion"": 0.05078125, ""mixed"": 0.1201171875}",contraction
fixed_horizon_90d,expanding_robust_z__policy__equal__sensitive,2025-12-31,-0.9455654961823647,0.22331389612050884,-1.2507041952287807,-2.0,1.137146723233702,-1.0528278655461631,0.37639599554133313,-0.955376340303836,1.0610429859874115,hard_landing_risk,contraction,0.26165647760923105,-0.5615298311229238,1.3035375180705686,-0.7102313931999646,-0.3219727337656667,0.24375171628415815,demand_slowdown,contraction,"{""balanced_expansion"": 0.1044921875, ""demand_slowdown"": 0.494140625, ""disinflationary_expansion"": 0.134765625, ""hard_landing_risk"": 0.1015625, ""mixed_transition"": 0.091796875, ""overheating"": 0.0068359375, ""reflation"": 0.0361328125, ""stagflation_risk"": 0.0302734375}",contraction,hard_landing_risk,0.9259259259259259,0.8518518518518519,False,[],"{""adverse_supply"": 0.0, ""benign_expansion"": 0.0, ""contraction"": 0.9259259259259259, ""inflationary_expansion"": 0.0, ""mixed"": 0.07407407407407407}","{""balanced_expansion"": 0.0, ""demand_slowdown"": 0.14814814814814814, ""disinflationary_expansion"": 0.0, ""hard_landing_risk"": 0.7777777777777778, ""mixed_transition"": 0.07407407407407407, ""overheating"": 0.0, ""reflation"": 0.0, ""stagflation_risk"": 0.0}",True,81,"{""adverse_supply"": 0.0302734375, ""benign_expansion"": 0.2392578125, ""contraction"": 0.595703125, ""inflationary_expansion"": 0.04296875, ""mixed"": 0.091796875}",contraction
initial_release,expanding_robust_z__policy__equal__sensitive,2020-02-29,-2.0,-0.24000255133316523,1.234668504625204,-1.16825691570391,1.826971671353625,-1.2361279490840893,0.7882723601576347,-0.9042301759773208,1.7640751163699666,demand_slowdown,contraction,2.3293573778248575,-0.019649670567389588,-0.7479079555694046,0.3293573778248575,-0.2596522219005548,0.4867605490557994,disinflationary_expansion,benign_expansion,"{""balanced_expansion"": 0.0859375, ""demand_slowdown"": 0.197265625, ""disinflationary_expansion"": 0.306640625, ""hard_landing_risk"": 0.03515625, ""mixed_transition"": 0.1728515625, ""overheating"": 0.05078125, ""reflation"": 0.1201171875, ""stagflation_risk"": 0.03125}",contraction,demand_slowdown,1.0,1.0,False,[],"{""adverse_supply"": 0.0, ""benign_expansion"": 0.0, ""contraction"": 1.0, ""inflationary_expansion"": 0.0, ""mixed"": 0.0}","{""balanced_expansion"": 0.0, ""demand_slowdown"": 1.0, ""disinflationary_expansion"": 0.0, ""hard_landing_risk"": 0.0, ""mixed_transition"": 0.0, ""overheating"": 0.0, ""reflation"": 0.0, ""stagflation_risk"": 0.0}",True,81,"{""adverse_supply"": 0.03125, ""benign_expansion"": 0.392578125, ""contraction"": 0.232421875, ""inflationary_expansion"": 0.1708984375, ""mixed"": 0.1728515625}",benign_expansion
initial_release,expanding_robust_z__policy__equal__sensitive,2020-03-31,-2.0,-2.0,-0.004264073873224916,-0.8461286633118275,1.9079263554709196,-1.2840096927936049,0.26765002596337645,0.3987070533786882,0.5243583708963194,demand_slowdown,contraction,2.530898846079546,1.2534057412977302,0.46579678601072877,0.5308988460795461,-0.7465942587022698,0.46153271213750385,disinflationary_expansion,benign_expansion,"{""balanced_expansion"": 0.10546875, ""demand_slowdown"": 0.248046875, ""disinflationary_expansion"": 0.5517578125, ""hard_landing_risk"": 0.0, ""mixed_transition"": 0.05859375, ""overheating"": 0.0107421875, ""reflation"": 0.0234375, ""stagflation_risk"": 0.001953125}",contraction,demand_slowdown,1.0,1.0,False,[],"{""adverse_supply"": 0.0, ""benign_expansion"": 0.0, ""contraction"": 1.0, ""inflationary_expansion"": 0.0, ""mixed"": 0.0}","{""balanced_expansion"": 0.0, ""demand_slowdown"": 1.0, ""disinflationary_expansion"": 0.0, ""hard_landing_risk"": 0.0, ""mixed_transition"": 0.0, ""overheating"": 0.0, ""reflation"": 0.0, ""stagflation_risk"": 0.0}",True,81,"{""adverse_supply"": 0.001953125, ""benign_expansion"": 0.6572265625, ""contraction"": 0.248046875, ""inflationary_expansion"": 0.0341796875, ""mixed"": 0.05859375}",benign_expansion
initial_release,expanding_robust_z__policy__equal__sensitive,2020-04-30,-2.0,-2.0,-0.6666666663999999,-2.0,-2.0,-2.0,-1.5622238378399091,-1.226167136338003,0.2630711158430499,hard_landing_risk,contraction,0.0,0.07209676133086318,0.25988716286252167,-2.0,-1.9279032386691368,-0.40677950353747827,demand_slowdown,contraction,"{""balanced_expansion"": 0.0, ""demand_slowdown"": 0.5673828125, ""disinflationary_expansion"": 0.0, ""hard_landing_risk"": 0.4326171875, ""mixed_transition"": 0.0, ""overheating"": 0.0, ""reflation"": 0.0, ""stagflation_risk"": 0.0}",contraction,demand_slowdown,1.0,1.0,False,[],"{""adverse_supply"": 0.0, ""benign_expansion"": 0.0, ""contraction"": 1.0, ""inflationary_expansion"": 0.0, ""mixed"": 0.0}","{""balanced_expansion"": 0.0, ""demand_slowdown"": 0.5555555555555556, ""disinflationary_expansion"": 0.0, ""hard_landing_risk"": 0.4444444444444444, ""mixed_transition"": 0.0, ""overheating"": 0.0, ""reflation"": 0.0, ""stagflation_risk"": 0.0}",True,81,"{""adverse_supply"": 0.0, ""benign_expansion"": 0.0, ""contraction"": 1.0, ""inflationary_expansion"": 0.0, ""mixed"": 0.0}",contraction
initial_release,expanding_robust_z__policy__equal__sensitive,2020-05-31,-2.0,-1.3120965946121714,-0.6666666668,-2.0,-2.0,-1.7429035983413346,-0.25956141802747235,-2.0,-0.6666666663999999,hard_landing_risk,contraction,0.0,0.1477840630957994,-0.7086646321797857,-2.0,-1.164312531516372,-1.3753312989797857,hard_landing_risk,contraction,"{""balanced_expansion"": 0.0, ""demand_slowdown"": 0.0615234375, ""disinflationary_expansion"": 0.0, ""hard_landing_risk"": 0.9384765625, ""mixed_transition"": 0.0, ""overheating"": 0.0, ""reflation"": 0.0, ""stagflation_risk"": 0.0}",contraction,demand_slowdown,1.0,1.0,False,[],"{""adverse_supply"": 0.0, ""benign_expansion"": 0.0, ""contraction"": 1.0, ""inflationary_expansion"": 0.0, ""mixed"": 0.0}","{""balanced_expansion"": 0.0, ""demand_slowdown"": 0.5555555555555556, ""disinflationary_expansion"": 0.0, ""hard_landing_risk"": 0.4444444444444444, ""mixed_transition"": 0.0, ""overheating"": 0.0, ""reflation"": 0.0, ""stagflation_risk"": 0.0}",True,81,"{""adverse_supply"": 0.0, ""benign_expansion"": 0.0, ""contraction"": 1.0, ""inflationary_expansion"": 0.0, ""mixed"": 0.0}",contraction
initial_release,expanding_robust_z__policy__equal__sensitive,2020-06-30,-2.0,0.9295965746157939,-0.6666666668,-2.0,-2.0,-1.0624849916462435,0.7398436714983072,-0.6666666668,-0.6666666668,hard_landing_risk,contraction,0.0,-1.0556985753570147,0.0,-2.0,-0.12610200074122088,-0.6666666668,hard_landing_risk,contraction,"{""balanced_expansion"": 0.0, ""demand_slowdown"": 0.0, ""disinflationary_expansion"": 0.0, ""hard_landing_risk"": 1.0, ""mixed_transition"": 0.0, ""overheating"": 0.0, ""reflation"": 0.0, ""stagflation_risk"": 0.0}",contraction,hard_landing_risk,0.4444444444444444,0.1111111111111111,True,"[""adverse_supply"", ""mixed""]","{""adverse_supply"": 0.3333333333333333, ""benign_expansion"": 0.0, ""contraction"": 0.4444444444444444, ""inflationary_expansion"": 0.0, ""mixed"": 0.2222222222222222}","{""balanced_expansion"": 0.0, ""demand_slowdown"": 0.0, ""disinflationary_expansion"": 0.0, ""hard_landing_risk"": 0.4444444444444444, ""mixed_transition"": 0.2222222222222222, ""overheating"": 0.0, ""reflation"": 0.0, ""stagflation_risk"": 0.3333333333333333}",False,81,"{""adverse_supply"": 0.0, ""benign_expansion"": 0.0, ""contraction"": 1.0, ""inflationary_expansion"": 0.0, ""mixed"": 0.0}",contraction
initial_release,expanding_robust_z__policy__equal__sensitive,2020-07-31,2.0,1.9677861074403582,-0.2087980501129931,2.0,2.0,0.04380775192525714,1.7726835225511501,-0.6666666668,0.3964936446690821,reflation,inflationary_expansion,0.0,-0.7983084984608266,-0.45786861668700685,2.0,1.1694776089795316,-0.6666666668,reflation,inflationary_expansion,"{""balanced_expansion"": 0.0, ""demand_slowdown"": 0.0, ""disinflationary_expansion"": 0.01953125, ""hard_landing_risk"": 0.0, ""mixed_transition"": 0.03515625, ""overheating"": 0.0078125, ""reflation"": 0.9375, ""stagflation_risk"": 0.0}",inflationary_expansion,reflation,1.0,1.0,False,[],"{""adverse_supply"": 0.0, ""benign_expansion"": 0.0, ""contraction"": 0.0, ""inflationary_expansion"": 1.0, ""mixed"": 0.0}","{""balanced_expansion"": 0.0, ""demand_slowdown"": 0.0, ""disinflationary_expansion"": 0.0, ""hard_landing_risk"": 0.0, ""mixed_transition"": 0.0, ""overheating"": 0.0, ""reflation"": 1.0, ""stagflation_risk"": 0.0}",True,81,"{""adverse_supply"": 0.0, ""benign_expansion"": 0.01953125, ""contraction"": 0.0, ""inflationary_expansion"": 0.9453125, ""mixed"": 0.03515625}",inflationary_expansion
initial_release,expanding_robust_z__policy__equal__sensitive,2020-08-31,2.0,1.9563121385867448,0.5654817162780293,2.0,2.0,-0.022627177763871673,1.5907821994371911,-2.0,-0.29940880504224066,overheating,inflationary_expansion,0.0,-0.9441645491865649,-1.2321483830780293,2.0,1.01214758940018,-0.6666666668,reflation,inflationary_expansion,"{""balanced_expansion"": 0.0, ""demand_slowdown"": 0.0, ""disinflationary_expansion"": 0.0146484375, ""hard_landing_risk"": 0.0, ""mixed_transition"": 0.056640625, ""overheating"": 0.0712890625, ""reflation"": 0.857421875, ""stagflation_risk"": 0.0}",inflationary_expansion,overheating,1.0,1.0,False,[],"{""adverse_supply"": 0.0, ""benign_expansion"": 0.0, ""contraction"": 0.0, ""inflationary_expansion"": 1.0, ""mixed"": 0.0}","{""balanced_expansion"": 0.0, ""demand_slowdown"": 0.0, ""disinflationary_expansion"": 0.0, ""hard_landing_risk"": 0.0, ""mixed_transition"": 0.0, ""overheating"": 0.5555555555555556, ""reflation"": 0.4444444444444444, ""stagflation_risk"": 0.0}",True,81,"{""adverse_supply"": 0.0, ""benign_expansion"": 0.0146484375, ""contraction"": 0.0, ""inflationary_expansion"": 0.9287109375, ""mixed"": 0.056640625}",inflationary_expansion
initial_release,expanding_robust_z__policy__equal__sensitive,2020-09-30,2.0,0.057951866284040324,-0.6666666668,2.0,2.0,-1.1735688130480981,1.088788112904933,-2.0,0.6666666668,mixed_transition,mixed,0.0,-0.06687310075124737,0.0,2.0,-0.008921234467207047,-0.6666666668,mixed_transition,mixed,"{""balanced_expansion"": 0.0, ""demand_slowdown"": 0.0, ""disinflationary_expansion"": 0.2412109375, ""hard_landing_risk"": 0.0, ""mixed_transition"": 0.3251953125, ""overheating"": 0.0556640625, ""reflation"": 0.3779296875, ""stagflation_risk"": 0.0}",mixed,mixed_transition,0.8888888888888888,0.7777777777777777,False,"[""inflationary_expansion""]","{""adverse_supply"": 0.0, ""benign_expansion"": 0.0, ""contraction"": 0.0, ""inflationary_expansion"": 0.1111111111111111, ""mixed"": 0.8888888888888888}","{""balanced_expansion"": 0.0, ""demand_slowdown"": 0.0, ""disinflationary_expansion"": 0.0, ""hard_landing_risk"": 0.0, ""mixed_transition"": 0.8888888888888888, ""overheating"": 0.0, ""reflation"": 0.1111111111111111, ""stagflation_risk"": 0.0}",True,81,"{""adverse_supply"": 0.0, ""benign_expansion"": 0.2412109375, ""contraction"": 0.0, ""inflationary_expansion"": 0.43359375, ""mixed"": 0.3251953125}",inflationary_expansion
initial_release,expanding_robust_z__policy__equal__sensitive,2020-10-31,1.9341036244003647,-1.9765164610557011,-0.6666666668,1.2219696723574027,2.0,-2.0,-0.12572420285294966,-2.0,-0.6666666663999999,disinflationary_expansion,benign_expansion,0.06589637559963535,0.7023662456439059,-0.7747931119275354,2.0,-1.2741502154117952,-1.4414597787275354,mixed_transition,mixed,"{""balanced_expansion"": 0.0, ""demand_slowdown"": 0.0, ""disinflationary_expansion"": 0.099609375, ""hard_landing_risk"": 0.0, ""mixed_transition"": 0.8662109375, ""overheating"": 0.0, ""reflation"": 0.0341796875, ""stagflation_risk"": 0.0}",mixed,mixed_transition,0.7777777777777778,0.5555555555555556,False,"[""benign_expansion""]","{""adverse_supply"": 0.0, ""benign_expansion"": 0.2222222222222222, ""contraction"": 0.0, ""inflationary_expansion"": 0.0, ""mixed"": 0.7777777777777778}","{""balanced_expansion"": 0.0, ""demand_slowdown"": 0.0, ""disinflationary_expansion"": 0.2222222222222222, ""hard_landing_risk"": 0.0, ""mixed_transition"": 0.7777777777777778, ""overheating"": 0.0, ""reflation"": 0.0, ""stagflation_risk"": 0.0}",False,81,"{""adverse_supply"": 0.0, ""benign_expansion"": 0.099609375, ""contraction"": 0.0, ""inflationary_expansion"": 0.0341796875, ""mixed"": 0.8662109375}",mixed
initial_release,expanding_robust_z__policy__equal__sensitive,2020-11-30,1.9341036244003647,-1.0109231374405452,0.14762603808187777,2.0,2.0,-1.7595657902500086,0.399400713385578,-1.6357669455333648,0.5034703773504898,disinflationary_expansion,benign_expansion,0.06589637559963535,0.2653853525730786,-0.8142927048818778,2.0,-0.7455377848674666,-0.6666666668,disinflationary_expansion,benign_expansion,"{""balanced_expansion"": 0.0, ""demand_slowdown"": 0.0, ""disinflationary_expansion"": 0.4228515625, ""hard_landing_risk"": 0.0, ""mixed_transition"": 0.423828125, ""overheating"": 0.005859375, ""reflation"": 0.1474609375, ""stagflation_risk"": 0.0}",benign_expansion,disinflationary_expansion,1.0,1.0,False,[],"{""adverse_supply"": 0.0, ""benign_expansion"": 1.0, ""contraction"": 0.0, ""inflationary_expansion"": 0.0, ""mixed"": 0.0}","{""balanced_expansion"": 0.0, ""demand_slowdown"": 0.0, ""disinflationary_expansion"": 1.0, ""hard_landing_risk"": 0.0, ""mixed_transition"": 0.0, ""overheating"": 0.0, ""reflation"": 0.0, ""stagflation_risk"": 0.0}",True,81,"{""adverse_supply"": 0.0, ""benign_expansion"": 0.4228515625, ""contraction"": 0.0, ""inflationary_expansion"": 0.1533203125, ""mixed"": 0.423828125}",mixed
initial_release,expanding_robust_z__policy__equal__sensitive,2020-12-31,1.9341036244003647,0.8791704699781853,-0.6666666663999999,2.0,2.0,-1.4318531887073962,0.7813349099938127,-2.0,1.0206912655356204,reflation,inflationary_expansion,0.06589637559963535,-1.2560459760947267,-4.000000330961484e-10,2.0,-0.37687550611654147,-0.6666666668,disinflationary_expansion,benign_expansion,"{""balanced_expansion"": 0.0, ""demand_slowdown"": 0.0, ""disinflationary_expansion"": 0.3076171875, ""hard_landing_risk"": 0.0, ""mixed_transition"": 0.4052734375, ""overheating"": 0.0302734375, ""reflation"": 0.2568359375, ""stagflation_risk"": 0.0}",inflationary_expansion,reflation,1.0,1.0,False,[],"{""adverse_supply"": 0.0, ""benign_expansion"": 0.0, ""contraction"": 0.0, ""inflationary_expansion"": 1.0, ""mixed"": 0.0}","{""balanced_expansion"": 0.0, ""demand_slowdown"": 0.0, ""disinflationary_expansion"": 0.0, ""hard_landing_risk"": 0.0, ""mixed_transition"": 0.0, ""overheating"": 0.0, ""reflation"": 1.0, ""stagflation_risk"": 0.0}",True,81,"{""adverse_supply"": 0.0, ""benign_expansion"": 0.3076171875, ""contraction"": 0.0, ""inflationary_expansion"": 0.287109375, ""mixed"": 0.4052734375}",mixed
initial_release,expanding_robust_z__policy__equal__sensitive,2021-01-31,2.0,0.3078018131612272,-1.2525648081673761,-1.3011773489014344,2.0,-0.6895719438909577,1.132738693719003,-2.0,1.0393978305466411,reflation,inflationary_expansion,-1.4381595706356682,0.15180469738306596,0.04669296869583772,0.5618404293643318,0.45960651054429313,-1.2058718394715384,reflation,inflationary_expansion,"{""balanced_expansion"": 0.0439453125, ""demand_slowdown"": 0.056640625, ""disinflationary_expansion"": 0.0439453125, ""hard_landing_risk"": 0.1474609375, ""mixed_transition"": 0.259765625, ""overheating"": 0.0234375, ""reflation"": 0.396484375, ""stagflation_risk"": 0.0283203125}",inflationary_expansion,reflation,0.5555555555555556,0.11111111111111116,True,"[""mixed""]","{""adverse_supply"": 0.0, ""benign_expansion"": 0.0, ""contraction"": 0.0, ""inflationary_expansion"": 0.5555555555555556, ""mixed"": 0.4444444444444444}","{""balanced_expansion"": 0.0, ""demand_slowdown"": 0.0, ""disinflationary_expansion"": 0.0, ""hard_landing_risk"": 0.0, ""mixed_transition"": 0.4444444444444444, ""overheating"": 0.0, ""reflation"": 0.5555555555555556, ""stagflation_risk"": 0.0}",False,81,"{""adverse_supply"": 0.0283203125, ""benign_expansion"": 0.087890625, ""contraction"": 0.2041015625, ""inflationary_expansion"": 0.419921875, ""mixed"": 0.259765625}",inflationary_expansion
initial_release,expanding_robust_z__policy__equal__sensitive,2021-02-28,2.0,-0.3678511268400467,-0.1369825938898353,-2.0,2.0,-1.1809323295504637,0.878762217087282,-2.0,1.0997619932294551,disinflationary_expansion,benign_expansion,-1.0868418891372973,0.3712915896442516,-1.1715313077324534,0.9131581108627027,0.003440462804204833,-1.3085139016222886,mixed_transition,mixed,"{""balanced_expansion"": 0.0283203125, ""demand_slowdown"": 0.072265625, ""disinflationary_expansion"": 0.0927734375, ""hard_landing_risk"": 0.125, ""mixed_transition"": 0.349609375, ""overheating"": 0.0185546875, ""reflation"": 0.3017578125, ""stagflation_risk"": 0.01171875}",benign_expansion,disinflationary_expansion,0.6666666666666666,0.3333333333333333,False,"[""mixed""]","{""adverse_supply"": 0.0, ""benign_expansion"": 0.6666666666666666, ""contraction"": 0.0, ""inflationary_expansion"": 0.0, ""mixed"": 0.3333333333333333}","{""balanced_expansion"": 0.0, ""demand_slowdown"": 0.0, ""disinflationary_expansion"": 0.6666666666666666, ""hard_landing_risk"": 0.0, ""mixed_transition"": 0.3333333333333333, ""overheating"": 0.0, ""reflation"": 0.0, ""stagflation_risk"": 0.0}",False,81,"{""adverse_supply"": 0.01171875, ""benign_expansion"": 0.12109375, ""contraction"": 0.197265625, ""inflationary_expansion"": 0.3203125, ""mixed"": 0.349609375}",mixed
initial_release,expanding_robust_z__policy__equal__sensitive,2021-03-31,2.0,1.9265924492774495,-0.50000000015,-1.1843617018763686,2.0,-0.46089211488120146,1.1475098509780397,-2.0,0.9256461490277764,reflation,inflationary_expansion,0.0,-1.4271711497251345,-0.8240192379350935,2.0,0.49942129955231507,-1.3240192380850935,reflation,inflationary_expansion,"{""balanced_expansion"": 0.0146484375, ""demand_slowdown"": 0.0126953125, ""disinflationary_expansion"": 0.068359375, ""hard_landing_risk"": 0.0244140625, ""mixed_transition"": 0.2373046875, ""overheating"": 0.0244140625, ""reflation"": 0.6171875, ""stagflation_risk"": 0.0009765625}",inflationary_expansion,reflation,1.0,1.0,False,[],"{""adverse_supply"": 0.0, ""benign_expansion"": 0.0, ""contraction"": 0.0, ""inflationary_expansion"": 1.0, ""mixed"": 0.0}","{""balanced_expansion"": 0.0, ""demand_slowdown"": 0.0, ""disinflationary_expansion"": 0.0, ""hard_landing_risk"": 0.0, ""mixed_transition"": 0.0, ""overheating"": 0.0, ""reflation"": 1.0, ""stagflation_risk"": 0.0}",True,81,"{""adverse_supply"": 0.0009765625, ""benign_expansion"": 0.0830078125, ""contraction"": 0.037109375, ""inflationary_expansion"": 0.6416015625, ""mixed"": 0.2373046875}",inflationary_expansion
initial_release,expanding_robust_z__policy__equal__sensitive,2021-04-30,2.0,2.0,0.80000000012,-1.9115998305704762,2.0,-0.6565398945727061,1.4641601295719981,-2.0,-0.3757655026652865,overheating,inflationary_expansion,-0.2826816332166011,-1.4254676535337343,-2.2043647403156412,1.7173183667833989,0.5745323464662657,-1.4043647401956412,reflation,inflationary_expansion,"{""balanced_expansion"": 0.0068359375, ""demand_slowdown"": 0.015625, ""disinflationary_expansion"": 0.0263671875, ""hard_landing_risk"": 0.0615234375, ""mixed_transition"": 0.263671875, ""overheating"": 0.0029296875, ""reflation"": 0.6171875, ""stagflation_risk"": 0.005859375}",inflationary_expansion,overheating,1.0,1.0,False,[],"{""adverse_supply"": 0.0, ""benign_expansion"": 0.0, ""contraction"": 0.0, ""inflationary_expansion"": 1.0, ""mixed"": 0.0}","{""balanced_expansion"": 0.0, ""demand_slowdown"": 0.0, ""disinflationary_expansion"": 0.0, ""hard_landing_risk"": 0.0, ""mixed_transition"": 0.0, ""overheating"": 0.8888888888888888, ""reflation"": 0.1111111111111111, ""stagflation_risk"": 0.0}",True,81,"{""adverse_supply"": 0.005859375, ""benign_expansion"": 0.033203125, ""contraction"": 0.0771484375, ""inflationary_expansion"": 0.6201171875, ""mixed"": 0.263671875}",inflationary_expansion
initial_release,expanding_robust_z__policy__equal__sensitive,2021-05-31,2.0,2.0,0.90000000011,-2.0,2.0,0.5211945758424842,2.0,-2.0,0.8817917659043533,overheating,inflationary_expansion,-0.0454507961643178,-0.4928039981381185,-2.1485546140567693,1.9545492038356822,1.5071960018618815,-1.2485546139467691,reflation,inflationary_expansion,"{""balanced_expansion"": 0.001953125, ""demand_slowdown"": 0.00390625, ""disinflationary_expansion"": 0.0009765625, ""hard_landing_risk"": 0.0419921875, ""mixed_transition"": 0.0595703125, ""overheating"": 0.0791015625, ""reflation"": 0.7890625, ""stagflation_risk"": 0.0234375}",inflationary_expansion,overheating,1.0,1.0,False,[],"{""adverse_supply"": 0.0, ""benign_expansion"": 0.0, ""contraction"": 0.0, ""inflationary_expansion"": 1.0, ""mixed"": 0.0}","{""balanced_expansion"": 0.0, ""demand_slowdown"": 0.0, ""disinflationary_expansion"": 0.0, ""hard_landing_risk"": 0.0, ""mixed_transition"": 0.0, ""overheating"": 1.0, ""reflation"": 0.0, ""stagflation_risk"": 0.0}",True,81,"{""adverse_supply"": 0.0234375, ""benign_expansion"": 0.0029296875, ""contraction"": 0.0458984375, ""inflationary_expansion"": 0.8681640625, ""mixed"": 0.0595703125}",inflationary_expansion
initial_release,expanding_robust_z__policy__equal__sensitive,2021-06-30,2.0,2.0,0.511369083958052,-0.5728230927176421,2.0,0.11619010694100425,1.870881830951974,-1.9473091909735127,1.009645544691393,overheating,inflationary_expansion,0.0,-0.6235724912079141,-0.9539103027539495,2.0,1.3764275087920859,-0.4425412187958975,reflation,inflationary_expansion,"{""balanced_expansion"": 0.0087890625, ""demand_slowdown"": 0.0009765625, ""disinflationary_expansion"": 0.0048828125, ""hard_landing_risk"": 0.0009765625, ""mixed_transition"": 0.041015625, ""overheating"": 0.2265625, ""reflation"": 0.71484375, ""stagflation_risk"": 0.001953125}",inflationary_expansion,overheating,1.0,1.0,False,[],"{""adverse_supply"": 0.0, ""benign_expansion"": 0.0, ""contraction"": 0.0, ""inflationary_expansion"": 1.0, ""mixed"": 0.0}","{""balanced_expansion"": 0.0, ""demand_slowdown"": 0.0, ""disinflationary_expansion"": 0.0, ""hard_landing_risk"": 0.0, ""mixed_transition"": 0.0, ""overheating"": 0.5555555555555556, ""reflation"": 0.4444444444444444, ""stagflation_risk"": 0.0}",True,81,"{""adverse_supply"": 0.001953125, ""benign_expansion"": 0.013671875, ""contraction"": 0.001953125, ""inflationary_expansion"": 0.94140625, ""mixed"": 0.041015625}",inflationary_expansion
initial_release,expanding_robust_z__policy__equal__sensitive,2021-07-31,-0.004090518868025583,1.8910618747731285,0.8571443133605559,-2.0,2.0,1.1324567772527796,2.0,-1.8851140894525042,1.1244218553027259,mixed_transition,mixed,1.4201746895117133,-0.12940091996088565,-1.237490430635445,1.4160841706436877,1.7616609548122428,-0.3803461172748892,reflation,inflationary_expansion,"{""balanced_expansion"": 0.0, ""demand_slowdown"": 0.0, ""disinflationary_expansion"": 0.0, ""hard_landing_risk"": 0.044921875, ""mixed_transition"": 0.078125, ""overheating"": 0.23828125, ""reflation"": 0.5830078125, ""stagflation_risk"": 0.0556640625}",mixed,mixed_transition,1.0,1.0,False,[],"{""adverse_supply"": 0.0, ""benign_expansion"": 0.0, ""contraction"": 0.0, ""inflationary_expansion"": 0.0, ""mixed"": 1.0}","{""balanced_expansion"": 0.0, ""demand_slowdown"": 0.0, ""disinflationary_expansion"": 0.0, ""hard_landing_risk"": 0.0, ""mixed_transition"": 1.0, ""overheating"": 0.0, ""reflation"": 0.0, ""stagflation_risk"": 0.0}",True,81,"{""adverse_supply"": 0.0556640625, ""benign_expansion"": 0.0, ""contraction"": 0.044921875, ""inflationary_expansion"": 0.8212890625, ""mixed"": 0.078125}",inflationary_expansion
initial_release,expanding_robust_z__policy__equal__sensitive,2021-08-31,-0.004090518868025583,0.1226980562013684,0.47659297089271546,-1.3723855356109649,2.0,-0.19654693478614196,0.6871784974389947,-1.1885823665571162,1.4710817443015096,balanced_expansion,benign_expansion,2.0040905188680256,0.12261772512505797,-0.6416020880839362,2.0,0.24531578132642637,-0.16500911719122066,reflation,inflationary_expansion,"{""balanced_expansion"": 0.080078125, ""demand_slowdown"": 0.017578125, ""disinflationary_expansion"": 0.1171875, ""hard_landing_risk"": 0.0087890625, ""mixed_transition"": 0.1943359375, ""overheating"": 0.0673828125, ""reflation"": 0.509765625, ""stagflation_risk"": 0.0048828125}",benign_expansion,balanced_expansion,1.0,1.0,False,[],"{""adverse_supply"": 0.0, ""benign_expansion"": 1.0, ""contraction"": 0.0, ""inflationary_expansion"": 0.0, ""mixed"": 0.0}","{""balanced_expansion"": 1.0, ""demand_slowdown"": 0.0, ""disinflationary_expansion"": 0.0, ""hard_landing_risk"": 0.0, ""mixed_transition"": 0.0, ""overheating"": 0.0, ""reflation"": 0.0, ""stagflation_risk"": 0.0}",True,81,"{""adverse_supply"": 0.0048828125, ""benign_expansion"": 0.197265625, ""contraction"": 0.0263671875, ""inflationary_expansion"": 0.5771484375, ""mixed"": 0.1943359375}",inflationary_expansion
initial_release,expanding_robust_z__policy__equal__sensitive,2021-09-30,-0.004090518868025583,-0.05813708407336322,0.5223024361410898,1.859026804312573,2.0,-0.6638256131431689,0.34941202377393143,-1.092629756964711,1.409480983366077,balanced_expansion,benign_expansion,2.0040905188680256,-0.09906971061125547,-0.4911781001687294,2.0,-0.15720679468461868,0.03112433597236039,disinflationary_expansion,benign_expansion,"{""balanced_expansion"": 0.0, ""demand_slowdown"": 0.0, ""disinflationary_expansion"": 0.435546875, ""hard_landing_risk"": 0.0, ""mixed_transition"": 0.310546875, ""overheating"": 0.017578125, ""reflation"": 0.236328125, ""stagflation_risk"": 0.0}",benign_expansion,balanced_expansion,0.8888888888888888,0.7777777777777777,False,"[""mixed""]","{""adverse_supply"": 0.0, ""benign_expansion"": 0.8888888888888888, ""contraction"": 0.0, ""inflationary_expansion"": 0.0, ""mixed"": 0.1111111111111111}","{""balanced_expansion"": 0.8888888888888888, ""demand_slowdown"": 0.0, ""disinflationary_expansion"": 0.0, ""hard_landing_risk"": 0.0, ""mixed_transition"": 0.1111111111111111, ""overheating"": 0.0, ""reflation"": 0.0, ""stagflation_risk"": 0.0}",True,81,"{""adverse_supply"": 0.0, ""benign_expansion"": 0.435546875, ""contraction"": 0.0, ""inflationary_expansion"": 0.25390625, ""mixed"": 0.310546875}",benign_expansion
initial_release,expanding_robust_z__policy__equal__sensitive,2021-10-31,2.0,1.4094023669759452,0.4666963212161174,-2.0,2.0,-0.3542394326914504,0.6470915561180834,-1.0684276766974796,1.4467795453294663,overheating,inflationary_expansion,-0.7197368075127386,-1.2629763052626286,-0.39133446359597135,1.2802631924872614,0.1464260617133165,0.07536185762014608,reflation,inflationary_expansion,"{""balanced_expansion"": 0.11328125, ""demand_slowdown"": 0.0888671875, ""disinflationary_expansion"": 0.1552734375, ""hard_landing_risk"": 0.04296875, ""mixed_transition"": 0.203125, ""overheating"": 0.046875, ""reflation"": 0.33203125, ""stagflation_risk"": 0.017578125}",inflationary_expansion,reflation,1.0,1.0,False,[],"{""adverse_supply"": 0.0, ""benign_expansion"": 0.0, ""contraction"": 0.0, ""inflationary_expansion"": 1.0, ""mixed"": 0.0}","{""balanced_expansion"": 0.0, ""demand_slowdown"": 0.0, ""disinflationary_expansion"": 0.0, ""hard_landing_risk"": 0.0, ""mixed_transition"": 0.0, ""overheating"": 0.4444444444444444, ""reflation"": 0.5555555555555556, ""stagflation_risk"": 0.0}",True,81,"{""adverse_supply"": 0.017578125, ""benign_expansion"": 0.2685546875, ""contraction"": 0.1318359375, ""inflationary_expansion"": 0.37890625, ""mixed"": 0.203125}",inflationary_expansion
initial_release,expanding_robust_z__policy__equal__sensitive,2021-11-30,2.0,1.2895948650717017,0.13905232130325612,-2.0,2.0,0.3514178299636672,1.4048808674159794,-0.7971941460859292,1.437026214738658,reflation,inflationary_expansion,-0.31857614187661554,-0.41144551638187843,0.20924676990403562,1.6814238581233845,0.8781493486898233,0.34829909120729174,overheating,inflationary_expansion,"{""balanced_expansion"": 0.0205078125, ""demand_slowdown"": 0.0078125, ""disinflationary_expansion"": 0.0068359375, ""hard_landing_risk"": 0.0126953125, ""mixed_transition"": 0.0732421875, ""overheating"": 0.3564453125, ""reflation"": 0.46875, ""stagflation_risk"": 0.0537109375}",inflationary_expansion,reflation,1.0,1.0,False,[],"{""adverse_supply"": 0.0, ""benign_expansion"": 0.0, ""contraction"": 0.0, ""inflationary_expansion"": 1.0, ""mixed"": 0.0}","{""balanced_expansion"": 0.0, ""demand_slowdown"": 0.0, ""disinflationary_expansion"": 0.0, ""hard_landing_risk"": 0.0, ""mixed_transition"": 0.0, ""overheating"": 0.0, ""reflation"": 1.0, ""stagflation_risk"": 0.0}",True,81,"{""adverse_supply"": 0.0537109375, ""benign_expansion"": 0.02734375, ""contraction"": 0.0205078125, ""inflationary_expansion"": 0.8251953125, ""mixed"": 0.0732421875}",inflationary_expansion
initial_release,expanding_robust_z__policy__equal__sensitive,2021-12-31,2.0,0.9290068265133781,0.6997349704298288,-0.8894464861108196,2.0,0.06966566992424442,0.9840763519701042,-0.8304151755416157,1.5581654124562048,overheating,inflationary_expansion,0.0,-0.4021358155662038,-0.25401603530550376,2.0,0.5268710109471743,0.44571893512432503,overheating,inflationary_expansion,"{""balanced_expansion"": 0.044921875, ""demand_slowdown"": 0.00390625, ""disinflationary_expansion"": 0.0283203125, ""hard_landing_risk"": 0.001953125, ""mixed_transition"": 0.0908203125, ""overheating"": 0.279296875, ""reflation"": 0.5458984375, ""stagflation_risk"": 0.0048828125}",inflationary_expansion,overheating,1.0,1.0,False,[],"{""adverse_supply"": 0.0, ""benign_expansion"": 0.0, ""contraction"": 0.0, ""inflationary_expansion"": 1.0, ""mixed"": 0.0}","{""balanced_expansion"": 0.0, ""demand_slowdown"": 0.0, ""disinflationary_expansion"": 0.0, ""hard_landing_risk"": 0.0, ""mixed_transition"": 0.0, ""overheating"": 0.7037037037037037, ""reflation"": 0.2962962962962963, ""stagflation_risk"": 0.0}",True,81,"{""adverse_supply"": 0.0048828125, ""benign_expansion"": 0.0732421875, ""contraction"": 0.005859375, ""inflationary_expansion"": 0.8251953125, ""mixed"": 0.0908203125}",inflationary_expansion
initial_release,expanding_robust_z__policy__equal__sensitive,2022-01-31,-2.0,1.0046831398517682,0.9745776015648034,-2.0,2.0,-0.19136098160282183,0.6893062918353587,-0.8713185417783335,1.584606444631827,stagflation_risk,adverse_supply,3.0499273082416583,-0.7557104847354996,-0.5069644954317948,1.0499273082416583,0.24897265511626848,0.46761310613300866,reflation,inflationary_expansion,"{""balanced_expansion"": 0.1259765625, ""demand_slowdown"": 0.12890625, ""disinflationary_expansion"": 0.107421875, ""hard_landing_risk"": 0.0185546875, ""mixed_transition"": 0.1826171875, ""overheating"": 0.0849609375, ""reflation"": 0.326171875, ""stagflation_risk"": 0.025390625}",adverse_supply,stagflation_risk,0.8888888888888888,0.7777777777777777,False,"[""mixed""]","{""adverse_supply"": 0.8888888888888888, ""benign_expansion"": 0.0, ""contraction"": 0.0, ""inflationary_expansion"": 0.0, ""mixed"": 0.1111111111111111}","{""balanced_expansion"": 0.0, ""demand_slowdown"": 0.0, ""disinflationary_expansion"": 0.0, ""hard_landing_risk"": 0.0, ""mixed_transition"": 0.1111111111111111, ""overheating"": 0.0, ""reflation"": 0.0, ""stagflation_risk"": 0.8888888888888888}",True,81,"{""adverse_supply"": 0.025390625, ""benign_expansion"": 0.2333984375, ""contraction"": 0.1474609375, ""inflationary_expansion"": 0.4111328125, ""mixed"": 0.1826171875}",inflationary_expansion
initial_release,expanding_robust_z__policy__equal__sensitive,2022-02-28,-2.0,0.6292093614138652,0.23185313806969066,-2.0,2.0,0.16370546347570658,1.027191731864864,-0.9459731651838423,1.0875551348092853,stagflation_risk,adverse_supply,3.8642374065096066,-0.033760763743579836,-0.5046348077664007,1.8642374065096066,0.5954485976702854,-0.27278166969670997,reflation,inflationary_expansion,"{""balanced_expansion"": 0.083984375, ""demand_slowdown"": 0.0185546875, ""disinflationary_expansion"": 0.013671875, ""hard_landing_risk"": 0.0234375, ""mixed_transition"": 0.0703125, ""overheating"": 0.111328125, ""reflation"": 0.6552734375, ""stagflation_risk"": 0.0234375}",mixed,mixed_transition,0.6666666666666666,0.3333333333333333,False,"[""adverse_supply""]","{""adverse_supply"": 0.3333333333333333, ""benign_expansion"": 0.0, ""contraction"": 0.0, ""inflationary_expansion"": 0.0, ""mixed"": 0.6666666666666666}","{""balanced_expansion"": 0.0, ""demand_slowdown"": 0.0, ""disinflationary_expansion"": 0.0, ""hard_landing_risk"": 0.0, ""mixed_transition"": 0.6666666666666666, ""overheating"": 0.0, ""reflation"": 0.0, ""stagflation_risk"": 0.3333333333333333}",False,81,"{""adverse_supply"": 0.0234375, ""benign_expansion"": 0.09765625, ""contraction"": 0.0419921875, ""inflationary_expansion"": 0.7666015625, ""mixed"": 0.0703125}",inflationary_expansion
initial_release,expanding_robust_z__policy__equal__sensitive,2022-03-31,-2.0,0.5859836395218125,0.44925774131896334,-1.1796516750238935,2.0,-0.2545323191806952,0.6481799300001436,-0.7756082494431442,1.485314667072177,stagflation_risk,adverse_supply,4.0,-0.3891598341120883,-0.004930571323876531,2.0,0.19682380540972422,0.4443271699950868,reflation,inflationary_expansion,"{""balanced_expansion"": 0.0654296875, ""demand_slowdown"": 0.025390625, ""disinflationary_expansion"": 0.1552734375, ""hard_landing_risk"": 0.0009765625, ""mixed_transition"": 0.208984375, ""overheating"": 0.1025390625, ""reflation"": 0.4375, ""stagflation_risk"": 0.00390625}",mixed,mixed_transition,0.7777777777777778,0.5555555555555556,False,"[""adverse_supply""]","{""adverse_supply"": 0.2222222222222222, ""benign_expansion"": 0.0, ""contraction"": 0.0, ""inflationary_expansion"": 0.0, ""mixed"": 0.7777777777777778}","{""balanced_expansion"": 0.0, ""demand_slowdown"": 0.0, ""disinflationary_expansion"": 0.0, ""hard_landing_risk"": 0.0, ""mixed_transition"": 0.7777777777777778, ""overheating"": 0.0, ""reflation"": 0.0, ""stagflation_risk"": 0.2222222222222222}",False,81,"{""adverse_supply"": 0.00390625, ""benign_expansion"": 0.220703125, ""contraction"": 0.0263671875, ""inflationary_expansion"": 0.5400390625, ""mixed"": 0.208984375}",inflationary_expansion
initial_release,expanding_robust_z__policy__equal__sensitive,2022-04-30,-2.0,0.1500416183278965,0.30980102401786636,-2.0,2.0,0.002472209836134151,0.853364467596237,-0.8748494525030076,1.5232850768420962,demand_slowdown,contraction,3.659518603275336,0.27787672038828903,0.12540977139050014,1.6595186032753362,0.42791833871618556,0.4352107954083665,reflation,inflationary_expansion,"{""balanced_expansion"": 0.09765625, ""demand_slowdown"": 0.04296875, ""disinflationary_expansion"": 0.044921875, ""hard_landing_risk"": 0.0078125, ""mixed_transition"": 0.1259765625, ""overheating"": 0.1982421875, ""reflation"": 0.45703125, ""stagflation_risk"": 0.025390625}",contraction,demand_slowdown,0.7777777777777778,0.5555555555555556,False,"[""mixed""]","{""adverse_supply"": 0.0, ""benign_expansion"": 0.0, ""contraction"": 0.7777777777777778, ""inflationary_expansion"": 0.0, ""mixed"": 0.2222222222222222}","{""balanced_expansion"": 0.0, ""demand_slowdown"": 0.7777777777777778, ""disinflationary_expansion"": 0.0, ""hard_landing_risk"": 0.0, ""mixed_transition"": 0.2222222222222222, ""overheating"": 0.0, ""reflation"": 0.0, ""stagflation_risk"": 0.0}",True,81,"{""adverse_supply"": 0.025390625, ""benign_expansion"": 0.142578125, ""contraction"": 0.05078125, ""inflationary_expansion"": 0.6552734375, ""mixed"": 0.1259765625}",inflationary_expansion
initial_release,expanding_robust_z__policy__equal__sensitive,2022-05-31,-2.0,0.6764929164610344,0.2833620109219205,-2.0,2.0,-0.39890221500625417,0.5227232909421762,-0.9096311573303841,1.5476382408973268,stagflation_risk,adverse_supply,3.269258563589816,-0.6145823784930734,-0.1060699620189432,1.269258563589816,0.06191053796796099,0.17729204890297728,mixed_transition,mixed,"{""balanced_expansion"": 0.1220703125, ""demand_slowdown"": 0.1044921875, ""disinflationary_expansion"": 0.2099609375, ""hard_landing_risk"": 0.029296875, ""mixed_transition"": 0.2119140625, ""overheating"": 0.037109375, ""reflation"": 0.2724609375, ""stagflation_risk"": 0.0126953125}",mixed,mixed_transition,0.5555555555555556,0.11111111111111116,True,"[""adverse_supply""]","{""adverse_supply"": 0.4444444444444444, ""benign_expansion"": 0.0, ""contraction"": 0.0, ""inflationary_expansion"": 0.0, ""mixed"": 0.5555555555555556}","{""balanced_expansion"": 0.0, ""demand_slowdown"": 0.0, ""disinflationary_expansion"": 0.0, ""hard_landing_risk"": 0.0, ""mixed_transition"": 0.5555555555555556, ""overheating"": 0.0, ""reflation"": 0.0, ""stagflation_risk"": 0.4444444444444444}",False,81,"{""adverse_supply"": 0.0126953125, ""benign_expansion"": 0.33203125, ""contraction"": 0.1337890625, ""inflationary_expansion"": 0.3095703125, ""mixed"": 0.2119140625}",benign_expansion
initial_release,expanding_robust_z__policy__equal__sensitive,2022-06-30,-2.0,1.4894684225374868,0.2543069843720436,-2.0,2.0,-0.18223673064446858,0.7197020947924736,-0.9131659609086038,1.3549163538296258,stagflation_risk,adverse_supply,3.1903647252206877,-1.2207357404634842,-0.33522657957135893,1.1903647252206877,0.2687326820740025,-0.08091959519931533,reflation,inflationary_expansion,"{""balanced_expansion"": 0.138671875, ""demand_slowdown"": 0.0673828125, ""disinflationary_expansion"": 0.1025390625, ""hard_landing_risk"": 0.033203125, ""mixed_transition"": 0.154296875, ""overheating"": 0.076171875, ""reflation"": 0.4052734375, ""stagflation_risk"": 0.0224609375}",adverse_supply,stagflation_risk,1.0,1.0,False,[],"{""adverse_supply"": 1.0, ""benign_expansion"": 0.0, ""contraction"": 0.0, ""inflationary_expansion"": 0.0, ""mixed"": 0.0}","{""balanced_expansion"": 0.0, ""demand_slowdown"": 0.0, ""disinflationary_expansion"": 0.0, ""hard_landing_risk"": 0.0, ""mixed_transition"": 0.0, ""overheating"": 0.0, ""reflation"": 0.0, ""stagflation_risk"": 1.0}",True,81,"{""adverse_supply"": 0.0224609375, ""benign_expansion"": 0.2412109375, ""contraction"": 0.1005859375, ""inflationary_expansion"": 0.4814453125, ""mixed"": 0.154296875}",inflationary_expansion
initial_release,expanding_robust_z__policy__equal__sensitive,2022-07-31,0.5342675717112684,-1.039259594637695,0.7128074834105051,-2.0,2.0,0.3794183834278474,1.2583109579493126,-1.0870143278845859,1.3723265729834049,disinflationary_expansion,benign_expansion,0.008555923661300202,1.8581242653262748,-0.8492719848452752,0.5428234953725686,0.8188646706885799,-0.13646450143477004,reflation,inflationary_expansion,"{""balanced_expansion"": 0.0478515625, ""demand_slowdown"": 0.025390625, ""disinflationary_expansion"": 0.0009765625, ""hard_landing_risk"": 0.083984375, ""mixed_transition"": 0.123046875, ""overheating"": 0.1376953125, ""reflation"": 0.4306640625, ""stagflation_risk"": 0.150390625}",benign_expansion,disinflationary_expansion,0.8888888888888888,0.7777777777777777,False,"[""mixed""]","{""adverse_supply"": 0.0, ""benign_expansion"": 0.8888888888888888, ""contraction"": 0.0, ""inflationary_expansion"": 0.0, ""mixed"": 0.1111111111111111}","{""balanced_expansion"": 0.0, ""demand_slowdown"": 0.0, ""disinflationary_expansion"": 0.8888888888888888, ""hard_landing_risk"": 0.0, ""mixed_transition"": 0.1111111111111111, ""overheating"": 0.0, ""reflation"": 0.0, ""stagflation_risk"": 0.0}",True,81,"{""adverse_supply"": 0.150390625, ""benign_expansion"": 0.048828125, ""contraction"": 0.109375, ""inflationary_expansion"": 0.568359375, ""mixed"": 0.123046875}",inflationary_expansion
initial_release,expanding_robust_z__policy__equal__sensitive,2022-08-31,0.5342675717112684,0.522479660659859,0.14788132095201847,-2.0,2.0,-1.1493196178573055,-0.2665846268281629,-1.0860990290609056,1.5500034370211915,balanced_expansion,benign_expansion,0.2326973049672354,-1.2304317830025933,-0.1031430391082143,0.7669648766785038,-0.7079521223427343,0.04473828184380417,disinflationary_expansion,benign_expansion,"{""balanced_expansion"": 0.0322265625, ""demand_slowdown"": 0.20703125, ""disinflationary_expansion"": 0.5087890625, ""hard_landing_risk"": 0.0673828125, ""mixed_transition"": 0.1767578125, ""overheating"": 0.0, ""reflation"": 0.0078125, ""stagflation_risk"": 0.0}",inflationary_expansion,reflation,0.5925925925925926,0.37037037037037035,True,"[""benign_expansion"", ""mixed""]","{""adverse_supply"": 0.0, ""benign_expansion"": 0.2222222222222222, ""contraction"": 0.0, ""inflationary_expansion"": 0.5925925925925926, ""mixed"": 0.18518518518518517}","{""balanced_expansion"": 0.2222222222222222, ""demand_slowdown"": 0.0, ""disinflationary_expansion"": 0.0, ""hard_landing_risk"": 0.0, ""mixed_transition"": 0.18518518518518517, ""overheating"": 0.0, ""reflation"": 0.5925925925925926, ""stagflation_risk"": 0.0}",False,81,"{""adverse_supply"": 0.0, ""benign_expansion"": 0.541015625, ""contraction"": 0.2744140625, ""inflationary_expansion"": 0.0078125, ""mixed"": 0.1767578125}",benign_expansion
initial_release,expanding_robust_z__policy__equal__sensitive,2022-09-30,0.5342675717112684,0.4140741541249772,0.09998956108547152,-2.0,2.0,-0.45163799597692633,0.422888312403225,-1.0998073217057585,1.6514608466539127,balanced_expansion,benign_expansion,-0.4822844419358714,-0.4284489959118279,0.1170849582402925,0.051983129775396986,-0.014374841786850667,0.21707451932576402,balanced_expansion,benign_expansion,"{""balanced_expansion"": 0.1337890625, ""demand_slowdown"": 0.2880859375, ""disinflationary_expansion"": 0.15625, ""hard_landing_risk"": 0.087890625, ""mixed_transition"": 0.1669921875, ""overheating"": 0.0078125, ""reflation"": 0.1455078125, ""stagflation_risk"": 0.013671875}",benign_expansion,balanced_expansion,0.4444444444444444,0.14814814814814814,True,"[""inflationary_expansion"", ""mixed""]","{""adverse_supply"": 0.0, ""benign_expansion"": 0.4444444444444444, ""contraction"": 0.0, ""inflationary_expansion"": 0.2962962962962963, ""mixed"": 0.25925925925925924}","{""balanced_expansion"": 0.4444444444444444, ""demand_slowdown"": 0.0, ""disinflationary_expansion"": 0.0, ""hard_landing_risk"": 0.0, ""mixed_transition"": 0.25925925925925924, ""overheating"": 0.0, ""reflation"": 0.2962962962962963, ""stagflation_risk"": 0.0}",False,81,"{""adverse_supply"": 0.013671875, ""benign_expansion"": 0.2900390625, ""contraction"": 0.3759765625, ""inflationary_expansion"": 0.1533203125, ""mixed"": 0.1669921875}",contraction
initial_release,expanding_robust_z__policy__equal__sensitive,2022-10-31,0.8505598798147957,-0.3025560532740507,0.20039654318814254,-2.0,2.0,-0.8121728883802858,0.10630503286378203,-0.8817188140870943,1.6878917839190513,disinflationary_expansion,benign_expansion,-0.16543476805910462,-0.05037787448420111,0.28335178899084423,0.6851251117556911,-0.35293392775825183,0.4837483321789868,disinflationary_expansion,benign_expansion,"{""balanced_expansion"": 0.0634765625, ""demand_slowdown"": 0.240234375, ""disinflationary_expansion"": 0.4375, ""hard_landing_risk"": 0.037109375, ""mixed_transition"": 0.1689453125, ""overheating"": 0.0009765625, ""reflation"": 0.0517578125, ""stagflation_risk"": 0.0}",benign_expansion,disinflationary_expansion,0.5555555555555556,0.11111111111111116,True,"[""mixed""]","{""adverse_supply"": 0.0, ""benign_expansion"": 0.5555555555555556, ""contraction"": 0.0, ""inflationary_expansion"": 0.0, ""mixed"": 0.4444444444444444}","{""balanced_expansion"": 0.0, ""demand_slowdown"": 0.0, ""disinflationary_expansion"": 0.5555555555555556, ""hard_landing_risk"": 0.0, ""mixed_transition"": 0.4444444444444444, ""overheating"": 0.0, ""reflation"": 0.0, ""stagflation_risk"": 0.0}",False,81,"{""adverse_supply"": 0.0, ""benign_expansion"": 0.5009765625, ""contraction"": 0.27734375, ""inflationary_expansion"": 0.052734375, ""mixed"": 0.1689453125}",benign_expansion
initial_release,expanding_robust_z__policy__equal__sensitive,2022-11-30,0.8505598798147957,-0.7384069374864528,0.622766324584423,-2.0,2.0,-0.3621704718775661,0.5714348762827258,-1.1363924991619725,1.2664637698576255,disinflationary_expansion,benign_expansion,-0.3098994798479162,0.8430391396890327,-0.8244491231178606,0.5406603999668795,0.10463220220257989,-0.20168279853343746,balanced_expansion,benign_expansion,"{""balanced_expansion"": 0.138671875, ""demand_slowdown"": 0.1748046875, ""disinflationary_expansion"": 0.1376953125, ""hard_landing_risk"": 0.080078125, ""mixed_transition"": 0.1943359375, ""overheating"": 0.0185546875, ""reflation"": 0.2333984375, ""stagflation_risk"": 0.0224609375}",benign_expansion,disinflationary_expansion,1.0,1.0,False,[],"{""adverse_supply"": 0.0, ""benign_expansion"": 1.0, ""contraction"": 0.0, ""inflationary_expansion"": 0.0, ""mixed"": 0.0}","{""balanced_expansion"": 0.0, ""demand_slowdown"": 0.0, ""disinflationary_expansion"": 1.0, ""hard_landing_risk"": 0.0, ""mixed_transition"": 0.0, ""overheating"": 0.0, ""reflation"": 0.0, ""stagflation_risk"": 0.0}",True,81,"{""adverse_supply"": 0.0224609375, ""benign_expansion"": 0.2763671875, ""contraction"": 0.2548828125, ""inflationary_expansion"": 0.251953125, ""mixed"": 0.1943359375}",benign_expansion
initial_release,expanding_robust_z__policy__equal__sensitive,2022-12-31,0.8505598798147957,-0.44899601088248664,-0.051062076157056324,-2.0,2.0,-0.73362130753446,0.21916542601651506,-1.165035822200156,1.2683641229275269,disinflationary_expansion,benign_expansion,-1.5501051589805424,0.19176807012351416,-0.23365493160724138,-0.6995452791657466,-0.2572279407589725,-0.2847170077642977,demand_slowdown,contraction,"{""balanced_expansion"": 0.099609375, ""demand_slowdown"": 0.3857421875, ""disinflationary_expansion"": 0.1376953125, ""hard_landing_risk"": 0.2333984375, ""mixed_transition"": 0.1015625, ""overheating"": 0.0009765625, ""reflation"": 0.037109375, ""stagflation_risk"": 0.00390625}",benign_expansion,disinflationary_expansion,0.7777777777777778,0.5555555555555556,False,"[""mixed""]","{""adverse_supply"": 0.0, ""benign_expansion"": 0.7777777777777778, ""contraction"": 0.0, ""inflationary_expansion"": 0.0, ""mixed"": 0.2222222222222222}","{""balanced_expansion"": 0.0, ""demand_slowdown"": 0.0, ""disinflationary_expansion"": 0.7777777777777778, ""hard_landing_risk"": 0.0, ""mixed_transition"": 0.2222222222222222, ""overheating"": 0.0, ""reflation"": 0.0, ""stagflation_risk"": 0.0}",False,81,"{""adverse_supply"": 0.00390625, ""benign_expansion"": 0.2373046875, ""contraction"": 0.619140625, ""inflationary_expansion"": 0.0380859375, ""mixed"": 0.1015625}",contraction
initial_release,expanding_robust_z__policy__equal__sensitive,2023-01-31,-0.9433115215980763,0.8253572469236172,0.4153066305619484,-2.0,2.0,-0.9877219515305733,-0.023823984799200743,-1.156590165157707,1.578076224209008,stagflation_risk,adverse_supply,1.5574579127545927,-1.3311302150885043,-0.42631476869830826,0.6141463911565164,-0.505772968164887,-0.011008138136359855,disinflationary_expansion,benign_expansion,"{""balanced_expansion"": 0.056640625, ""demand_slowdown"": 0.2041015625, ""disinflationary_expansion"": 0.4169921875, ""hard_landing_risk"": 0.0703125, ""mixed_transition"": 0.2255859375, ""overheating"": 0.0009765625, ""reflation"": 0.0244140625, ""stagflation_risk"": 0.0009765625}",adverse_supply,stagflation_risk,0.5555555555555556,0.11111111111111116,True,"[""mixed""]","{""adverse_supply"": 0.5555555555555556, ""benign_expansion"": 0.0, ""contraction"": 0.0, ""inflationary_expansion"": 0.0, ""mixed"": 0.4444444444444444}","{""balanced_expansion"": 0.0, ""demand_slowdown"": 0.0, ""disinflationary_expansion"": 0.0, ""hard_landing_risk"": 0.0, ""mixed_transition"": 0.4444444444444444, ""overheating"": 0.0, ""reflation"": 0.0, ""stagflation_risk"": 0.5555555555555556}",False,81,"{""adverse_supply"": 0.0009765625, ""benign_expansion"": 0.4736328125, ""contraction"": 0.2744140625, ""inflationary_expansion"": 0.025390625, ""mixed"": 0.2255859375}",benign_expansion
initial_release,expanding_robust_z__policy__equal__sensitive,2023-02-28,-0.9433115215980763,-0.0158132972403748,-0.07823079747018259,-2.0,2.0,-0.38842159637466966,0.522104437542605,-0.8464556610668708,1.6699377749637319,demand_slowdown,contraction,2.2680214246746058,0.0826547178243425,0.5789369105478723,1.3247099030765295,0.06684142058396769,0.5007061130776898,mixed_transition,mixed,"{""balanced_expansion"": 0.1376953125, ""demand_slowdown"": 0.111328125, ""disinflationary_expansion"": 0.2158203125, ""hard_landing_risk"": 0.0166015625, ""mixed_transition"": 0.1982421875, ""overheating"": 0.0556640625, ""reflation"": 0.2568359375, ""stagflation_risk"": 0.0078125}",contraction,demand_slowdown,1.0,1.0,False,[],"{""adverse_supply"": 0.0, ""benign_expansion"": 0.0, ""contraction"": 1.0, ""inflationary_expansion"": 0.0, ""mixed"": 0.0}","{""balanced_expansion"": 0.0, ""demand_slowdown"": 1.0, ""disinflationary_expansion"": 0.0, ""hard_landing_risk"": 0.0, ""mixed_transition"": 0.0, ""overheating"": 0.0, ""reflation"": 0.0, ""stagflation_risk"": 0.0}",True,81,"{""adverse_supply"": 0.0078125, ""benign_expansion"": 0.353515625, ""contraction"": 0.1279296875, ""inflationary_expansion"": 0.3125, ""mixed"": 0.1982421875}",benign_expansion
initial_release,expanding_robust_z__policy__equal__sensitive,2023-03-31,-0.9433115215980763,-0.34306746353156004,-0.10029208180802045,-2.0,2.0,-0.5619277658460762,0.3705067302564903,-1.1430571205890645,1.6491794314715922,demand_slowdown,contraction,2.155273147156974,0.24735694573676711,0.2468877031352692,1.2119616255588976,-0.09571051779479292,0.14659562132724874,mixed_transition,mixed,"{""balanced_expansion"": 0.0986328125, ""demand_slowdown"": 0.1220703125, ""disinflationary_expansion"": 0.302734375, ""hard_landing_risk"": 0.033203125, ""mixed_transition"": 0.24609375, ""overheating"": 0.0087890625, ""reflation"": 0.18359375, ""stagflation_risk"": 0.0048828125}",contraction,demand_slowdown,1.0,1.0,False,[],"{""adverse_supply"": 0.0, ""benign_expansion"": 0.0, ""contraction"": 1.0, ""inflationary_expansion"": 0.0, ""mixed"": 0.0}","{""balanced_expansion"": 0.0, ""demand_slowdown"": 1.0, ""disinflationary_expansion"": 0.0, ""hard_landing_risk"": 0.0, ""mixed_transition"": 0.0, ""overheating"": 0.0, ""reflation"": 0.0, ""stagflation_risk"": 0.0}",True,81,"{""adverse_supply"": 0.0048828125, ""benign_expansion"": 0.4013671875, ""contraction"": 0.1552734375, ""inflationary_expansion"": 0.1923828125, ""mixed"": 0.24609375}",benign_expansion
initial_release,expanding_robust_z__policy__equal__sensitive,2023-04-30,0.38560351748375865,0.21070761130124768,0.5493863993676034,-2.0,2.0,-0.8826208781297213,0.007911351366009973,-1.18349488079091,1.2171328667297447,balanced_expansion,benign_expansion,0.10124354421733894,-0.6480623746831033,-0.8556269826861563,0.4868470617010976,-0.4373547633818557,-0.306240583318553,disinflationary_expansion,benign_expansion,"{""balanced_expansion"": 0.0703125, ""demand_slowdown"": 0.208984375, ""disinflationary_expansion"": 0.3564453125, ""hard_landing_risk"": 0.10546875, ""mixed_transition"": 0.2314453125, ""overheating"": 0.0, ""reflation"": 0.02734375, ""stagflation_risk"": 0.0}",benign_expansion,balanced_expansion,0.8148148148148148,0.6296296296296295,False,"[""mixed""]","{""adverse_supply"": 0.0, ""benign_expansion"": 0.8148148148148148, ""contraction"": 0.0, ""inflationary_expansion"": 0.0, ""mixed"": 0.18518518518518517}","{""balanced_expansion"": 0.8148148148148148, ""demand_slowdown"": 0.0, ""disinflationary_expansion"": 0.0, ""hard_landing_risk"": 0.0, ""mixed_transition"": 0.18518518518518517, ""overheating"": 0.0, ""reflation"": 0.0, ""stagflation_risk"": 0.0}",True,81,"{""adverse_supply"": 0.0, ""benign_expansion"": 0.4267578125, ""contraction"": 0.314453125, ""inflationary_expansion"": 0.02734375, ""mixed"": 0.2314453125}",benign_expansion
initial_release,expanding_robust_z__policy__equal__sensitive,2023-05-31,0.38560351748375865,-0.16927316557532443,0.16904149921500158,-2.0,2.0,-0.616724430938152,0.375304633355091,-1.157478504377873,1.6733852606678934,disinflationary_expansion,benign_expansion,0.11365349155338889,0.048563266783793926,0.028874677627264977,0.49925700903714754,-0.1207098987915305,0.19791617684226656,disinflationary_expansion,benign_expansion,"{""balanced_expansion"": 0.1162109375, ""demand_slowdown"": 0.2294921875, ""disinflationary_expansion"": 0.228515625, ""hard_landing_risk"": 0.08203125, ""mixed_transition"": 0.1845703125, ""overheating"": 0.013671875, ""reflation"": 0.1318359375, ""stagflation_risk"": 0.013671875}",benign_expansion,balanced_expansion,1.0,1.0,False,[],"{""adverse_supply"": 0.0, ""benign_expansion"": 1.0, ""contraction"": 0.0, ""inflationary_expansion"": 0.0, ""mixed"": 0.0}","{""balanced_expansion"": 0.6666666666666666, ""demand_slowdown"": 0.0, ""disinflationary_expansion"": 0.3333333333333333, ""hard_landing_risk"": 0.0, ""mixed_transition"": 0.0, ""overheating"": 0.0, ""reflation"": 0.0, ""stagflation_risk"": 0.0}",True,81,"{""adverse_supply"": 0.013671875, ""benign_expansion"": 0.3447265625, ""contraction"": 0.3115234375, ""inflationary_expansion"": 0.1455078125, ""mixed"": 0.1845703125}",benign_expansion
initial_release,expanding_robust_z__policy__equal__sensitive,2023-06-30,0.38560351748375865,-0.7479708422142163,0.09978450335503906,-2.0,2.0,-0.8076658056950878,0.19113865941740565,-1.138927630765062,1.707899665315057,disinflationary_expansion,benign_expansion,0.19025597091211388,0.4397072690753753,0.19150799703153848,0.5758594883958725,-0.308263573138841,0.29129250038657756,disinflationary_expansion,benign_expansion,"{""balanced_expansion"": 0.083984375, ""demand_slowdown"": 0.2177734375, ""disinflationary_expansion"": 0.3740234375, ""hard_landing_risk"": 0.056640625, ""mixed_transition"": 0.185546875, ""overheating"": 0.001953125, ""reflation"": 0.0791015625, ""stagflation_risk"": 0.0009765625}",benign_expansion,disinflationary_expansion,0.6666666666666666,0.3333333333333333,False,"[""mixed""]","{""adverse_supply"": 0.0, ""benign_expansion"": 0.6666666666666666, ""contraction"": 0.0, ""inflationary_expansion"": 0.0, ""mixed"": 0.3333333333333333}","{""balanced_expansion"": 0.0, ""demand_slowdown"": 0.0, ""disinflationary_expansion"": 0.6666666666666666, ""hard_landing_risk"": 0.0, ""mixed_transition"": 0.3333333333333333, ""overheating"": 0.0, ""reflation"": 0.0, ""stagflation_risk"": 0.0}",False,81,"{""adverse_supply"": 0.0009765625, ""benign_expansion"": 0.4580078125, ""contraction"": 0.2744140625, ""inflationary_expansion"": 0.0810546875, ""mixed"": 0.185546875}",benign_expansion
initial_release,expanding_robust_z__policy__equal__sensitive,2023-07-31,2.0,-0.5264672963126401,0.25088615733143826,-2.0,2.0,-1.080446151953763,-0.12793591714204772,-1.1244296412837564,0.9410465807016504,disinflationary_expansion,benign_expansion,-1.5698351537257507,-0.07772373823526524,-0.5874942360680743,0.43016484627424934,-0.6041910345479053,-0.336608078736636,disinflationary_expansion,benign_expansion,"{""balanced_expansion"": 0.0556640625, ""demand_slowdown"": 0.224609375, ""disinflationary_expansion"": 0.359375, ""hard_landing_risk"": 0.1181640625, ""mixed_transition"": 0.228515625, ""overheating"": 0.0, ""reflation"": 0.013671875, ""stagflation_risk"": 0.0}",benign_expansion,disinflationary_expansion,0.8888888888888888,0.7777777777777777,False,"[""mixed""]","{""adverse_supply"": 0.0, ""benign_expansion"": 0.8888888888888888, ""contraction"": 0.0, ""inflationary_expansion"": 0.0, ""mixed"": 0.1111111111111111}","{""balanced_expansion"": 0.0, ""demand_slowdown"": 0.0, ""disinflationary_expansion"": 0.8888888888888888, ""hard_landing_risk"": 0.0, ""mixed_transition"": 0.1111111111111111, ""overheating"": 0.0, ""reflation"": 0.0, ""stagflation_risk"": 0.0}",True,81,"{""adverse_supply"": 0.0, ""benign_expansion"": 0.4150390625, ""contraction"": 0.3427734375, ""inflationary_expansion"": 0.013671875, ""mixed"": 0.228515625}",benign_expansion
initial_release,expanding_robust_z__policy__equal__sensitive,2023-08-31,2.0,-0.3006713697659559,-0.3533708277181153,-2.0,2.0,-0.9677278688522111,0.024309367544807253,-1.0421569534633341,1.6730171232738469,disinflationary_expansion,benign_expansion,-1.4518863395186892,-0.17103788088774602,0.7770956287064402,0.5481136604813108,-0.4717092506537019,0.42372480098832493,disinflationary_expansion,benign_expansion,"{""balanced_expansion"": 0.0625, ""demand_slowdown"": 0.26171875, ""disinflationary_expansion"": 0.451171875, ""hard_landing_risk"": 0.044921875, ""mixed_transition"": 0.1435546875, ""overheating"": 0.001953125, ""reflation"": 0.0322265625, ""stagflation_risk"": 0.001953125}",benign_expansion,disinflationary_expansion,0.5555555555555556,0.11111111111111116,True,"[""mixed""]","{""adverse_supply"": 0.0, ""benign_expansion"": 0.5555555555555556, ""contraction"": 0.0, ""inflationary_expansion"": 0.0, ""mixed"": 0.4444444444444444}","{""balanced_expansion"": 0.0, ""demand_slowdown"": 0.0, ""disinflationary_expansion"": 0.5555555555555556, ""hard_landing_risk"": 0.0, ""mixed_transition"": 0.4444444444444444, ""overheating"": 0.0, ""reflation"": 0.0, ""stagflation_risk"": 0.0}",False,81,"{""adverse_supply"": 0.001953125, ""benign_expansion"": 0.513671875, ""contraction"": 0.306640625, ""inflationary_expansion"": 0.0341796875, ""mixed"": 0.1435546875}",benign_expansion
initial_release,expanding_robust_z__policy__equal__sensitive,2023-09-30,2.0,0.0038628843504783204,-0.18100140131265133,-2.0,2.0,-0.7866093874225996,0.1846442979988768,-1.079491896041484,1.7448086762456199,mixed_transition,mixed,-2.0618123022953236,-0.3048454290623397,0.5147264952837497,-0.06181230229532364,-0.30098254471186137,0.3337250939710984,balanced_expansion,benign_expansion,"{""balanced_expansion"": 0.09375, ""demand_slowdown"": 0.3603515625, ""disinflationary_expansion"": 0.265625, ""hard_landing_risk"": 0.0732421875, ""mixed_transition"": 0.1494140625, ""overheating"": 0.001953125, ""reflation"": 0.044921875, ""stagflation_risk"": 0.0107421875}",mixed,mixed_transition,0.8888888888888888,0.7777777777777777,False,"[""inflationary_expansion""]","{""adverse_supply"": 0.0, ""benign_expansion"": 0.0, ""contraction"": 0.0, ""inflationary_expansion"": 0.1111111111111111, ""mixed"": 0.8888888888888888}","{""balanced_expansion"": 0.0, ""demand_slowdown"": 0.0, ""disinflationary_expansion"": 0.0, ""hard_landing_risk"": 0.0, ""mixed_transition"": 0.8888888888888888, ""overheating"": 0.0, ""reflation"": 0.1111111111111111, ""stagflation_risk"": 0.0}",True,81,"{""adverse_supply"": 0.0107421875, ""benign_expansion"": 0.359375, ""contraction"": 0.43359375, ""inflationary_expansion"": 0.046875, ""mixed"": 0.1494140625}",contraction
initial_release,expanding_robust_z__policy__equal__sensitive,2023-10-31,1.2268142583689041,-0.7276879959829344,-0.587365565634418,-2.0,2.0,-0.5088306591153475,0.4907758139114535,-1.051048183190787,1.7510248627548857,disinflationary_expansion,benign_expansion,-0.770060789478936,0.7186605733809873,0.9869220760377677,0.45675346888996815,-0.009027422601947058,0.3995565104033498,balanced_expansion,benign_expansion,"{""balanced_expansion"": 0.125, ""demand_slowdown"": 0.2158203125, ""disinflationary_expansion"": 0.2060546875, ""hard_landing_risk"": 0.0595703125, ""mixed_transition"": 0.1611328125, ""overheating"": 0.029296875, ""reflation"": 0.177734375, ""stagflation_risk"": 0.025390625}",benign_expansion,disinflationary_expansion,0.5555555555555556,0.11111111111111116,True,"[""mixed""]","{""adverse_supply"": 0.0, ""benign_expansion"": 0.5555555555555556, ""contraction"": 0.0, ""inflationary_expansion"": 0.0, ""mixed"": 0.4444444444444444}","{""balanced_expansion"": 0.0, ""demand_slowdown"": 0.0, ""disinflationary_expansion"": 0.5555555555555556, ""hard_landing_risk"": 0.0, ""mixed_transition"": 0.4444444444444444, ""overheating"": 0.0, ""reflation"": 0.0, ""stagflation_risk"": 0.0}",False,81,"{""adverse_supply"": 0.025390625, ""benign_expansion"": 0.3310546875, ""contraction"": 0.275390625, ""inflationary_expansion"": 0.20703125, ""mixed"": 0.1611328125}",benign_expansion
initial_release,expanding_robust_z__policy__equal__sensitive,2023-11-30,1.2268142583689041,-0.9472496968096024,0.00260241727733615,-2.0,2.0,-0.9181698859634194,0.09049433723697138,-1.1289961575348324,1.1830935880032842,disinflationary_expansion,benign_expansion,-0.7253031426449126,0.5334119224463784,-0.18417842748028565,0.5015111157239915,-0.413837774363224,-0.1815760102029495,disinflationary_expansion,benign_expansion,"{""balanced_expansion"": 0.0810546875, ""demand_slowdown"": 0.2294921875, ""disinflationary_expansion"": 0.357421875, ""hard_landing_risk"": 0.0869140625, ""mixed_transition"": 0.2080078125, ""overheating"": 0.0, ""reflation"": 0.0322265625, ""stagflation_risk"": 0.0048828125}",benign_expansion,disinflationary_expansion,1.0,1.0,False,[],"{""adverse_supply"": 0.0, ""benign_expansion"": 1.0, ""contraction"": 0.0, ""inflationary_expansion"": 0.0, ""mixed"": 0.0}","{""balanced_expansion"": 0.0, ""demand_slowdown"": 0.0, ""disinflationary_expansion"": 1.0, ""hard_landing_risk"": 0.0, ""mixed_transition"": 0.0, ""overheating"": 0.0, ""reflation"": 0.0, ""stagflation_risk"": 0.0}",True,81,"{""adverse_supply"": 0.0048828125, ""benign_expansion"": 0.4384765625, ""contraction"": 0.31640625, ""inflationary_expansion"": 0.0322265625, ""mixed"": 0.2080078125}",benign_expansion
initial_release,expanding_robust_z__policy__equal__sensitive,2023-12-31,1.2268142583689041,-0.4183971452748992,0.2747781516739131,-2.0,2.0,-1.071933935195483,-0.07767395829934187,-1.0902162034538856,1.4393328621039352,disinflationary_expansion,benign_expansion,-0.6647677852763909,-0.15640680147251335,-0.041431753317425324,0.5620464730925132,-0.5748039467474125,0.2333463983564878,disinflationary_expansion,benign_expansion,"{""balanced_expansion"": 0.0546875, ""demand_slowdown"": 0.2705078125, ""disinflationary_expansion"": 0.431640625, ""hard_landing_risk"": 0.0693359375, ""mixed_transition"": 0.15625, ""overheating"": 0.001953125, ""reflation"": 0.015625, ""stagflation_risk"": 0.0}",benign_expansion,disinflationary_expansion,0.7777777777777778,0.5555555555555556,False,"[""mixed""]","{""adverse_supply"": 0.0, ""benign_expansion"": 0.7777777777777778, ""contraction"": 0.0, ""inflationary_expansion"": 0.0, ""mixed"": 0.2222222222222222}","{""balanced_expansion"": 0.0, ""demand_slowdown"": 0.0, ""disinflationary_expansion"": 0.7777777777777778, ""hard_landing_risk"": 0.0, ""mixed_transition"": 0.2222222222222222, ""overheating"": 0.0, ""reflation"": 0.0, ""stagflation_risk"": 0.0}",False,81,"{""adverse_supply"": 0.0, ""benign_expansion"": 0.486328125, ""contraction"": 0.33984375, ""inflationary_expansion"": 0.017578125, ""mixed"": 0.15625}",benign_expansion
initial_release,expanding_robust_z__policy__equal__sensitive,2024-01-31,-0.42262141263589115,0.33474422525133374,0.8342773575824696,-2.0,2.0,-0.8749476766108608,0.11899143518464862,-1.079906490342471,1.4984948430432186,demand_slowdown,contraction,1.033363797683538,-0.7127223459644398,-0.5832636667130885,0.6107423850476468,-0.37797812071310605,0.2510136908693811,disinflationary_expansion,benign_expansion,"{""balanced_expansion"": 0.0849609375, ""demand_slowdown"": 0.2421875, ""disinflationary_expansion"": 0.390625, ""hard_landing_risk"": 0.0595703125, ""mixed_transition"": 0.1630859375, ""overheating"": 0.00390625, ""reflation"": 0.0546875, ""stagflation_risk"": 0.0009765625}",mixed,mixed_transition,0.5925925925925926,0.2962962962962963,True,"[""contraction"", ""benign_expansion""]","{""adverse_supply"": 0.0, ""benign_expansion"": 0.1111111111111111, ""contraction"": 0.2962962962962963, ""inflationary_expansion"": 0.0, ""mixed"": 0.5925925925925926}","{""balanced_expansion"": 0.1111111111111111, ""demand_slowdown"": 0.2962962962962963, ""disinflationary_expansion"": 0.0, ""hard_landing_risk"": 0.0, ""mixed_transition"": 0.5925925925925926, ""overheating"": 0.0, ""reflation"": 0.0, ""stagflation_risk"": 0.0}",False,81,"{""adverse_supply"": 0.0009765625, ""benign_expansion"": 0.4755859375, ""contraction"": 0.3017578125, ""inflationary_expansion"": 0.05859375, ""mixed"": 0.1630859375}",benign_expansion
initial_release,expanding_robust_z__policy__equal__sensitive,2024-02-29,-0.42262141263589115,-0.0072676685832484995,-0.557702888323001,-2.0,2.0,-0.5273171901905185,0.5222689822387039,-1.3177848933993495,1.7485343950531704,demand_slowdown,contraction,1.139438334534029,0.0047435646073412455,0.8009229989219592,0.716816921898138,-0.002524103975907254,0.2432201105989582,balanced_expansion,benign_expansion,"{""balanced_expansion"": 0.115234375, ""demand_slowdown"": 0.169921875, ""disinflationary_expansion"": 0.2041015625, ""hard_landing_risk"": 0.0517578125, ""mixed_transition"": 0.1943359375, ""overheating"": 0.03515625, ""reflation"": 0.208984375, ""stagflation_risk"": 0.0205078125}",contraction,demand_slowdown,0.6666666666666666,0.4444444444444444,False,"[""mixed"", ""benign_expansion""]","{""adverse_supply"": 0.0, ""benign_expansion"": 0.1111111111111111, ""contraction"": 0.6666666666666666, ""inflationary_expansion"": 0.0, ""mixed"": 0.2222222222222222}","{""balanced_expansion"": 0.1111111111111111, ""demand_slowdown"": 0.5925925925925926, ""disinflationary_expansion"": 0.0, ""hard_landing_risk"": 0.07407407407407407, ""mixed_transition"": 0.2222222222222222, ""overheating"": 0.0, ""reflation"": 0.0, ""stagflation_risk"": 0.0}",False,81,"{""adverse_supply"": 0.0205078125, ""benign_expansion"": 0.3193359375, ""contraction"": 0.2216796875, ""inflationary_expansion"": 0.244140625, ""mixed"": 0.1943359375}",benign_expansion
initial_release,expanding_robust_z__policy__equal__sensitive,2024-03-31,-0.42262141263589115,0.08728207799915924,0.11330287824272717,-2.0,2.0,-0.7159470116367714,0.3687886674313678,-1.162604758249487,1.434752190275582,demand_slowdown,contraction,0.5975546327421211,-0.2608612501018611,-0.051534290503254594,0.17493322010622991,-0.17357917210270185,0.06176858773947257,disinflationary_expansion,benign_expansion,"{""balanced_expansion"": 0.11328125, ""demand_slowdown"": 0.2734375, ""disinflationary_expansion"": 0.224609375, ""hard_landing_risk"": 0.1025390625, ""mixed_transition"": 0.1865234375, ""overheating"": 0.013671875, ""reflation"": 0.0732421875, ""stagflation_risk"": 0.0126953125}",contraction,demand_slowdown,0.6666666666666666,0.4444444444444444,False,"[""benign_expansion"", ""mixed""]","{""adverse_supply"": 0.0, ""benign_expansion"": 0.2222222222222222, ""contraction"": 0.6666666666666666, ""inflationary_expansion"": 0.0, ""mixed"": 0.1111111111111111}","{""balanced_expansion"": 0.2222222222222222, ""demand_slowdown"": 0.6666666666666666, ""disinflationary_expansion"": 0.0, ""hard_landing_risk"": 0.0, ""mixed_transition"": 0.1111111111111111, ""overheating"": 0.0, ""reflation"": 0.0, ""stagflation_risk"": 0.0}",False,81,"{""adverse_supply"": 0.0126953125, ""benign_expansion"": 0.337890625, ""contraction"": 0.3759765625, ""inflationary_expansion"": 0.0869140625, ""mixed"": 0.1865234375}",contraction
initial_release,expanding_robust_z__policy__equal__sensitive,2024-04-30,0.8020392666775251,-0.23701626942913828,-0.6083998015830858,-2.0,2.0,-0.7726653062010357,0.32900342284841094,-1.300546602891486,1.5686108730032153,disinflationary_expansion,benign_expansion,-0.024227677790508384,0.015185327752825939,0.7219264092167679,0.7778115888870167,-0.22183094167631234,0.11352660763368208,disinflationary_expansion,benign_expansion,"{""balanced_expansion"": 0.091796875, ""demand_slowdown"": 0.166015625, ""disinflationary_expansion"": 0.3173828125, ""hard_landing_risk"": 0.0546875, ""mixed_transition"": 0.240234375, ""overheating"": 0.0078125, ""reflation"": 0.1162109375, ""stagflation_risk"": 0.005859375}",mixed,mixed_transition,0.6666666666666666,0.3333333333333333,False,"[""benign_expansion""]","{""adverse_supply"": 0.0, ""benign_expansion"": 0.3333333333333333, ""contraction"": 0.0, ""inflationary_expansion"": 0.0, ""mixed"": 0.6666666666666666}","{""balanced_expansion"": 0.0, ""demand_slowdown"": 0.0, ""disinflationary_expansion"": 0.3333333333333333, ""hard_landing_risk"": 0.0, ""mixed_transition"": 0.6666666666666666, ""overheating"": 0.0, ""reflation"": 0.0, ""stagflation_risk"": 0.0}",False,81,"{""adverse_supply"": 0.005859375, ""benign_expansion"": 0.4091796875, ""contraction"": 0.220703125, ""inflationary_expansion"": 0.1240234375, ""mixed"": 0.240234375}",benign_expansion
initial_release,expanding_robust_z__policy__equal__sensitive,2024-05-31,0.8020392666775251,-1.1283899394054782,0.08395127908099742,-2.0,2.0,-1.0247052718940772,0.11203555246573306,-1.0574317703049898,1.4812063435249874,disinflationary_expansion,benign_expansion,-0.3860318813858328,0.6720550796913061,0.1208621555726504,0.41600738529169234,-0.4563348597141721,0.20481343465364782,disinflationary_expansion,benign_expansion,"{""balanced_expansion"": 0.09375, ""demand_slowdown"": 0.2509765625, ""disinflationary_expansion"": 0.3662109375, ""hard_landing_risk"": 0.0654296875, ""mixed_transition"": 0.166015625, ""overheating"": 0.00390625, ""reflation"": 0.05078125, ""stagflation_risk"": 0.0029296875}",benign_expansion,disinflationary_expansion,1.0,1.0,False,[],"{""adverse_supply"": 0.0, ""benign_expansion"": 1.0, ""contraction"": 0.0, ""inflationary_expansion"": 0.0, ""mixed"": 0.0}","{""balanced_expansion"": 0.0, ""demand_slowdown"": 0.0, ""disinflationary_expansion"": 1.0, ""hard_landing_risk"": 0.0, ""mixed_transition"": 0.0, ""overheating"": 0.0, ""reflation"": 0.0, ""stagflation_risk"": 0.0}",True,81,"{""adverse_supply"": 0.0029296875, ""benign_expansion"": 0.4599609375, ""contraction"": 0.31640625, ""inflationary_expansion"": 0.0546875, ""mixed"": 0.166015625}",benign_expansion
initial_release,expanding_robust_z__policy__equal__sensitive,2024-06-30,0.8020392666775251,-0.9870578745508214,-0.3959423528940237,-2.0,2.0,-1.2574492196991567,-0.1343413630561998,-1.142625583738717,1.0944219998199627,disinflationary_expansion,benign_expansion,-0.6412287694285408,0.29116258317314314,0.1131191602797757,0.16081049724898433,-0.6958952913776782,-0.282823192614248,disinflationary_expansion,benign_expansion,"{""balanced_expansion"": 0.0400390625, ""demand_slowdown"": 0.2666015625, ""disinflationary_expansion"": 0.3408203125, ""hard_landing_risk"": 0.13671875, ""mixed_transition"": 0.201171875, ""overheating"": 0.0, ""reflation"": 0.013671875, ""stagflation_risk"": 0.0009765625}",benign_expansion,disinflationary_expansion,1.0,1.0,False,[],"{""adverse_supply"": 0.0, ""benign_expansion"": 1.0, ""contraction"": 0.0, ""inflationary_expansion"": 0.0, ""mixed"": 0.0}","{""balanced_expansion"": 0.0, ""demand_slowdown"": 0.0, ""disinflationary_expansion"": 1.0, ""hard_landing_risk"": 0.0, ""mixed_transition"": 0.0, ""overheating"": 0.0, ""reflation"": 0.0, ""stagflation_risk"": 0.0}",True,81,"{""adverse_supply"": 0.0009765625, ""benign_expansion"": 0.380859375, ""contraction"": 0.4033203125, ""inflationary_expansion"": 0.013671875, ""mixed"": 0.201171875}",contraction
initial_release,expanding_robust_z__policy__equal__sensitive,2024-07-31,0.043037615141961465,-0.7506504330449822,-0.8660323775190842,-1.7659203761964735,1.5814166318449807,-1.2902929965249457,-0.18064997410936465,-1.237099505309739,0.7357701337575695,mixed_transition,mixed,-0.13528948731770807,0.01517894772782713,0.3156207210455162,-0.0922518721757466,-0.7354714853171551,-0.550411656473568,mixed_transition,mixed,"{""balanced_expansion"": 0.0400390625, ""demand_slowdown"": 0.267578125, ""disinflationary_expansion"": 0.2578125, ""hard_landing_risk"": 0.197265625, ""mixed_transition"": 0.228515625, ""overheating"": 0.0009765625, ""reflation"": 0.0078125, ""stagflation_risk"": 0.0}",mixed,mixed_transition,1.0,1.0,False,[],"{""adverse_supply"": 0.0, ""benign_expansion"": 0.0, ""contraction"": 0.0, ""inflationary_expansion"": 0.0, ""mixed"": 1.0}","{""balanced_expansion"": 0.0, ""demand_slowdown"": 0.0, ""disinflationary_expansion"": 0.0, ""hard_landing_risk"": 0.0, ""mixed_transition"": 1.0, ""overheating"": 0.0, ""reflation"": 0.0, ""stagflation_risk"": 0.0}",True,81,"{""adverse_supply"": 0.0, ""benign_expansion"": 0.2978515625, ""contraction"": 0.46484375, ""inflationary_expansion"": 0.0087890625, ""mixed"": 0.228515625}",contraction
initial_release,expanding_robust_z__policy__equal__sensitive,2024-08-31,0.043037615141961465,-0.6572554604098881,-0.27393831071526964,-2.0,1.6385440752399554,-1.1879616432750093,-0.10532484486217182,-1.2558540911625795,1.1325474630272927,mixed_transition,mixed,-0.32944279450936564,0.010612216341297609,0.1334745586209738,-0.2864051793674042,-0.6466432440685905,-0.14046375209429585,demand_slowdown,contraction,"{""balanced_expansion"": 0.0390625, ""demand_slowdown"": 0.3544921875, ""disinflationary_expansion"": 0.26171875, ""hard_landing_risk"": 0.16796875, ""mixed_transition"": 0.1630859375, ""overheating"": 0.0009765625, ""reflation"": 0.01171875, ""stagflation_risk"": 0.0009765625}",mixed,mixed_transition,0.8148148148148148,0.6296296296296295,False,"[""benign_expansion""]","{""adverse_supply"": 0.0, ""benign_expansion"": 0.18518518518518517, ""contraction"": 0.0, ""inflationary_expansion"": 0.0, ""mixed"": 0.8148148148148148}","{""balanced_expansion"": 0.07407407407407407, ""demand_slowdown"": 0.0, ""disinflationary_expansion"": 0.1111111111111111, ""hard_landing_risk"": 0.0, ""mixed_transition"": 0.8148148148148148, ""overheating"": 0.0, ""reflation"": 0.0, ""stagflation_risk"": 0.0}",True,81,"{""adverse_supply"": 0.0009765625, ""benign_expansion"": 0.30078125, ""contraction"": 0.5224609375, ""inflationary_expansion"": 0.0126953125, ""mixed"": 0.1630859375}",contraction
initial_release,expanding_robust_z__policy__equal__sensitive,2024-09-30,0.043037615141961465,-0.2549854104250943,-0.019021949805544884,-2.0,1.674528510428006,-1.1834658173852755,-0.07947495254240877,-1.3717282031745273,1.0331818504664911,balanced_expansion,benign_expansion,-0.3622413381680878,-0.3764849745387479,-0.18830874360403807,-0.3192037230261263,-0.6314703849638422,-0.20733069340958296,demand_slowdown,contraction,"{""balanced_expansion"": 0.0517578125, ""demand_slowdown"": 0.3740234375, ""disinflationary_expansion"": 0.2216796875, ""hard_landing_risk"": 0.1689453125, ""mixed_transition"": 0.171875, ""overheating"": 0.0, ""reflation"": 0.01171875, ""stagflation_risk"": 0.0}",benign_expansion,balanced_expansion,0.8888888888888888,0.7777777777777777,False,"[""mixed""]","{""adverse_supply"": 0.0, ""benign_expansion"": 0.8888888888888888, ""contraction"": 0.0, ""inflationary_expansion"": 0.0, ""mixed"": 0.1111111111111111}","{""balanced_expansion"": 0.7777777777777778, ""demand_slowdown"": 0.0, ""disinflationary_expansion"": 0.1111111111111111, ""hard_landing_risk"": 0.0, ""mixed_transition"": 0.1111111111111111, ""overheating"": 0.0, ""reflation"": 0.0, ""stagflation_risk"": 0.0}",True,81,"{""adverse_supply"": 0.0, ""benign_expansion"": 0.2734375, ""contraction"": 0.54296875, ""inflationary_expansion"": 0.01171875, ""mixed"": 0.171875}",contraction
initial_release,expanding_robust_z__policy__equal__sensitive,2024-10-31,-0.2183278256516333,-0.18000402435411528,-0.637307533425998,-1.7721149087419197,1.8139009936533617,-1.0212769059095765,0.12641585821585105,-1.2056421089912592,1.1077255749958819,balanced_expansion,benign_expansion,0.2392208681073545,-0.26742649949274744,0.48422059151723135,0.02089304245572119,-0.4474305238468627,-0.15308694190876665,balanced_expansion,benign_expansion,"{""balanced_expansion"": 0.0849609375, ""demand_slowdown"": 0.294921875, ""disinflationary_expansion"": 0.2939453125, ""hard_landing_risk"": 0.1240234375, ""mixed_transition"": 0.1611328125, ""overheating"": 0.0029296875, ""reflation"": 0.0341796875, ""stagflation_risk"": 0.00390625}",mixed,mixed_transition,0.5555555555555556,0.22222222222222227,True,"[""benign_expansion"", ""contraction""]","{""adverse_supply"": 0.0, ""benign_expansion"": 0.3333333333333333, ""contraction"": 0.1111111111111111, ""inflationary_expansion"": 0.0, ""mixed"": 0.5555555555555556}","{""balanced_expansion"": 0.3333333333333333, ""demand_slowdown"": 0.1111111111111111, ""disinflationary_expansion"": 0.0, ""hard_landing_risk"": 0.0, ""mixed_transition"": 0.5555555555555556, ""overheating"": 0.0, ""reflation"": 0.0, ""stagflation_risk"": 0.0}",False,81,"{""adverse_supply"": 0.00390625, ""benign_expansion"": 0.37890625, ""contraction"": 0.4189453125, ""inflationary_expansion"": 0.037109375, ""mixed"": 0.1611328125}",contraction
initial_release,expanding_robust_z__policy__equal__sensitive,2024-11-30,-0.2183278256516333,-0.5873676137553795,-0.17972337462339794,-2.0,1.9489243836575085,-0.9233317272872902,0.2875577439615689,-1.2126683402882512,0.36702215069938465,balanced_expansion,benign_expansion,0.10504615663419482,0.2694806220925189,-0.425446141487818,-0.11328166901743848,-0.3178869916628606,-0.6051695161112159,balanced_expansion,benign_expansion,"{""balanced_expansion"": 0.0712890625, ""demand_slowdown"": 0.23046875, ""disinflationary_expansion"": 0.1904296875, ""hard_landing_risk"": 0.228515625, ""mixed_transition"": 0.20703125, ""overheating"": 0.0, ""reflation"": 0.0625, ""stagflation_risk"": 0.009765625}",mixed,mixed_transition,0.5555555555555556,0.33333333333333337,True,"[""benign_expansion"", ""contraction""]","{""adverse_supply"": 0.0, ""benign_expansion"": 0.2222222222222222, ""contraction"": 0.2222222222222222, ""inflationary_expansion"": 0.0, ""mixed"": 0.5555555555555556}","{""balanced_expansion"": 0.2222222222222222, ""demand_slowdown"": 0.2222222222222222, ""disinflationary_expansion"": 0.0, ""hard_landing_risk"": 0.0, ""mixed_transition"": 0.5555555555555556, ""overheating"": 0.0, ""reflation"": 0.0, ""stagflation_risk"": 0.0}",False,81,"{""adverse_supply"": 0.009765625, ""benign_expansion"": 0.26171875, ""contraction"": 0.458984375, ""inflationary_expansion"": 0.0625, ""mixed"": 0.20703125}",contraction
initial_release,expanding_robust_z__policy__equal__sensitive,2024-12-31,-0.2183278256516333,-0.4645064928603841,-0.25576792295384077,-2.0,1.8421725488480656,-1.0956197154841478,0.15067490055911634,-1.2391277240238137,1.2756139409810143,balanced_expansion,benign_expansion,-0.07539316627880358,-0.007965914602131585,0.39098674516885895,-0.2937209919304369,-0.4724724074625157,0.1352188222150182,balanced_expansion,benign_expansion,"{""balanced_expansion"": 0.0712890625, ""demand_slowdown"": 0.41015625, ""disinflationary_expansion"": 0.25, ""hard_landing_risk"": 0.1015625, ""mixed_transition"": 0.12890625, ""overheating"": 0.0009765625, ""reflation"": 0.0302734375, ""stagflation_risk"": 0.0068359375}",mixed,mixed_transition,0.48148148148148145,0.07407407407407407,True,"[""benign_expansion"", ""contraction""]","{""adverse_supply"": 0.0, ""benign_expansion"": 0.4074074074074074, ""contraction"": 0.1111111111111111, ""inflationary_expansion"": 0.0, ""mixed"": 0.48148148148148145}","{""balanced_expansion"": 0.4074074074074074, ""demand_slowdown"": 0.1111111111111111, ""disinflationary_expansion"": 0.0, ""hard_landing_risk"": 0.0, ""mixed_transition"": 0.48148148148148145, ""overheating"": 0.0, ""reflation"": 0.0, ""stagflation_risk"": 0.0}",False,81,"{""adverse_supply"": 0.0068359375, ""benign_expansion"": 0.3212890625, ""contraction"": 0.51171875, ""inflationary_expansion"": 0.03125, ""mixed"": 0.12890625}",contraction
initial_release,expanding_robust_z__policy__equal__sensitive,2025-01-31,-1.376803856757714,0.35176228850391833,0.06132960798772008,-2.0,2.0,-1.2493568558372716,0.00563232536929896,-1.2243340996709053,1.2574947753131573,demand_slowdown,contraction,1.429860523392788,-0.9736245537379047,-0.003561904749712609,0.05305666663507378,-0.6218622652339864,0.05776770323800747,mixed_transition,mixed,"{""balanced_expansion"": 0.056640625, ""demand_slowdown"": 0.314453125, ""disinflationary_expansion"": 0.33984375, ""hard_landing_risk"": 0.1025390625, ""mixed_transition"": 0.1513671875, ""overheating"": 0.0009765625, ""reflation"": 0.0302734375, ""stagflation_risk"": 0.00390625}",mixed,mixed_transition,0.7777777777777778,0.5555555555555556,False,"[""contraction""]","{""adverse_supply"": 0.0, ""benign_expansion"": 0.0, ""contraction"": 0.2222222222222222, ""inflationary_expansion"": 0.0, ""mixed"": 0.7777777777777778}","{""balanced_expansion"": 0.0, ""demand_slowdown"": 0.2222222222222222, ""disinflationary_expansion"": 0.0, ""hard_landing_risk"": 0.0, ""mixed_transition"": 0.7777777777777778, ""overheating"": 0.0, ""reflation"": 0.0, ""stagflation_risk"": 0.0}",False,81,"{""adverse_supply"": 0.00390625, ""benign_expansion"": 0.396484375, ""contraction"": 0.4169921875, ""inflationary_expansion"": 0.03125, ""mixed"": 0.1513671875}",contraction
initial_release,expanding_robust_z__policy__equal__sensitive,2025-02-28,-1.376803856757714,0.0615822160429927,-0.47435835523063213,-2.0,2.0,-0.5971177757532496,0.6844833664905446,-0.9497288002829152,1.3892283040053957,demand_slowdown,contraction,1.528214715111021,-0.01789942067434521,0.788390168432151,0.15141085835330692,0.04368279536864749,0.31403181320151885,balanced_expansion,benign_expansion,"{""balanced_expansion"": 0.119140625, ""demand_slowdown"": 0.2578125, ""disinflationary_expansion"": 0.1904296875, ""hard_landing_risk"": 0.0693359375, ""mixed_transition"": 0.1337890625, ""overheating"": 0.0439453125, ""reflation"": 0.140625, ""stagflation_risk"": 0.044921875}",contraction,demand_slowdown,1.0,1.0,False,[],"{""adverse_supply"": 0.0, ""benign_expansion"": 0.0, ""contraction"": 1.0, ""inflationary_expansion"": 0.0, ""mixed"": 0.0}","{""balanced_expansion"": 0.0, ""demand_slowdown"": 0.8888888888888888, ""disinflationary_expansion"": 0.0, ""hard_landing_risk"": 0.1111111111111111, ""mixed_transition"": 0.0, ""overheating"": 0.0, ""reflation"": 0.0, ""stagflation_risk"": 0.0}",True,81,"{""adverse_supply"": 0.044921875, ""benign_expansion"": 0.3095703125, ""contraction"": 0.3271484375, ""inflationary_expansion"": 0.1845703125, ""mixed"": 0.1337890625}",contraction
initial_release,expanding_robust_z__policy__equal__sensitive,2025-03-31,-1.376803856757714,-1.5240704061592623,-0.4060939738980248,-2.0,2.0,-0.8489164695195248,0.43000112381235794,-1.1796753599460768,0.6418704685289527,demand_slowdown,contraction,1.425986036013713,1.3146127333056787,-0.15812532158037473,0.049182179255999006,-0.2094576728535834,-0.5642192954783996,balanced_expansion,benign_expansion,"{""balanced_expansion"": 0.09375, ""demand_slowdown"": 0.2119140625, ""disinflationary_expansion"": 0.1865234375, ""hard_landing_risk"": 0.1884765625, ""mixed_transition"": 0.21875, ""overheating"": 0.0009765625, ""reflation"": 0.0888671875, ""stagflation_risk"": 0.0107421875}",contraction,demand_slowdown,1.0,1.0,False,[],"{""adverse_supply"": 0.0, ""benign_expansion"": 0.0, ""contraction"": 1.0, ""inflationary_expansion"": 0.0, ""mixed"": 0.0}","{""balanced_expansion"": 0.0, ""demand_slowdown"": 0.8888888888888888, ""disinflationary_expansion"": 0.0, ""hard_landing_risk"": 0.1111111111111111, ""mixed_transition"": 0.0, ""overheating"": 0.0, ""reflation"": 0.0, ""stagflation_risk"": 0.0}",True,81,"{""adverse_supply"": 0.0107421875, ""benign_expansion"": 0.2802734375, ""contraction"": 0.400390625, ""inflationary_expansion"": 0.08984375, ""mixed"": 0.21875}",contraction
initial_release,expanding_robust_z__policy__equal__sensitive,2025-04-30,0.1783867108938914,-0.7486187818454682,-0.7553830095085261,-2.0,2.0,-1.4339387512938029,-0.1543320549654592,-1.2189914121980303,1.2936254211012956,mixed_transition,mixed,-0.20153194856794768,-0.045516621284162895,0.7861596957345648,-0.023145237674056268,-0.794135403129631,0.030776686226038706,mixed_transition,mixed,"{""balanced_expansion"": 0.0302734375, ""demand_slowdown"": 0.3310546875, ""disinflationary_expansion"": 0.361328125, ""hard_landing_risk"": 0.1103515625, ""mixed_transition"": 0.1513671875, ""overheating"": 0.001953125, ""reflation"": 0.0126953125, ""stagflation_risk"": 0.0009765625}",mixed,mixed_transition,0.9259259259259259,0.8518518518518519,False,[],"{""adverse_supply"": 0.0, ""benign_expansion"": 0.07407407407407407, ""contraction"": 0.0, ""inflationary_expansion"": 0.0, ""mixed"": 0.9259259259259259}","{""balanced_expansion"": 0.0, ""demand_slowdown"": 0.0, ""disinflationary_expansion"": 0.07407407407407407, ""hard_landing_risk"": 0.0, ""mixed_transition"": 0.9259259259259259, ""overheating"": 0.0, ""reflation"": 0.0, ""stagflation_risk"": 0.0}",True,81,"{""adverse_supply"": 0.0009765625, ""benign_expansion"": 0.3916015625, ""contraction"": 0.44140625, ""inflationary_expansion"": 0.0146484375, ""mixed"": 0.1513671875}",contraction
initial_release,expanding_robust_z__policy__equal__sensitive,2025-05-31,0.1783867108938914,-0.7741244178734259,-0.15972170996942325,-2.0,2.0,-0.8912400450429686,0.40313204256200574,-1.2613571336082279,1.1826344680344545,disinflationary_expansion,benign_expansion,-0.42070678538953443,0.5300704166329445,0.03745865451833216,-0.242320074495643,-0.24405400124048138,-0.12226305545109109,balanced_expansion,benign_expansion,"{""balanced_expansion"": 0.0849609375, ""demand_slowdown"": 0.3203125, ""disinflationary_expansion"": 0.1845703125, ""hard_landing_risk"": 0.1630859375, ""mixed_transition"": 0.1357421875, ""overheating"": 0.0078125, ""reflation"": 0.0859375, ""stagflation_risk"": 0.017578125}",mixed,mixed_transition,0.6666666666666666,0.3333333333333333,False,"[""benign_expansion""]","{""adverse_supply"": 0.0, ""benign_expansion"": 0.3333333333333333, ""contraction"": 0.0, ""inflationary_expansion"": 0.0, ""mixed"": 0.6666666666666666}","{""balanced_expansion"": 0.0, ""demand_slowdown"": 0.0, ""disinflationary_expansion"": 0.3333333333333333, ""hard_landing_risk"": 0.0, ""mixed_transition"": 0.6666666666666666, ""overheating"": 0.0, ""reflation"": 0.0, ""stagflation_risk"": 0.0}",False,81,"{""adverse_supply"": 0.017578125, ""benign_expansion"": 0.26953125, ""contraction"": 0.4833984375, ""inflationary_expansion"": 0.09375, ""mixed"": 0.1357421875}",contraction
initial_release,expanding_robust_z__policy__equal__sensitive,2025-06-30,0.1783867108938914,-0.16134833979405813,-0.5852558204118158,-2.0,1.9338914598609875,-0.6619597512939341,0.6916669866634986,-1.2421961740818652,0.713340906133435,disinflationary_expansion,benign_expansion,-0.5915181677021926,0.17620195747884032,0.08484608162002549,-0.4131314568083011,0.014853617684782194,-0.5004097387917903,demand_slowdown,contraction,"{""balanced_expansion"": 0.1142578125, ""demand_slowdown"": 0.23046875, ""disinflationary_expansion"": 0.0966796875, ""hard_landing_risk"": 0.2548828125, ""mixed_transition"": 0.142578125, ""overheating"": 0.001953125, ""reflation"": 0.123046875, ""stagflation_risk"": 0.0361328125}",mixed,mixed_transition,0.5555555555555556,0.11111111111111116,True,"[""benign_expansion""]","{""adverse_supply"": 0.0, ""benign_expansion"": 0.4444444444444444, ""contraction"": 0.0, ""inflationary_expansion"": 0.0, ""mixed"": 0.5555555555555556}","{""balanced_expansion"": 0.2839506172839506, ""demand_slowdown"": 0.0, ""disinflationary_expansion"": 0.16049382716049382, ""hard_landing_risk"": 0.0, ""mixed_transition"": 0.5555555555555556, ""overheating"": 0.0, ""reflation"": 0.0, ""stagflation_risk"": 0.0}",False,81,"{""adverse_supply"": 0.0361328125, ""benign_expansion"": 0.2109375, ""contraction"": 0.4853515625, ""inflationary_expansion"": 0.125, ""mixed"": 0.142578125}",contraction
initial_release,expanding_robust_z__policy__equal__sensitive,2025-07-31,0.7457944523353853,-0.05719369590026027,-0.46685275176996816,-1.7552931368418432,1.6473049128911978,-0.2353497292156376,1.1733410724029116,-1.212330268412156,0.83390390805591,balanced_expansion,benign_expansion,-0.7997885643107079,0.5273671981615051,0.11405102977129111,-0.05399411197532257,0.4701735022612449,-0.35280172199867704,balanced_expansion,benign_expansion,"{""balanced_expansion"": 0.1240234375, ""demand_slowdown"": 0.1357421875, ""disinflationary_expansion"": 0.0595703125, ""hard_landing_risk"": 0.140625, ""mixed_transition"": 0.1611328125, ""overheating"": 0.03515625, ""reflation"": 0.2314453125, ""stagflation_risk"": 0.1123046875}",mixed,mixed_transition,0.5185185185185185,0.037037037037037035,True,"[""benign_expansion""]","{""adverse_supply"": 0.0, ""benign_expansion"": 0.48148148148148145, ""contraction"": 0.0, ""inflationary_expansion"": 0.0, ""mixed"": 0.5185185185185185}","{""balanced_expansion"": 0.37037037037037035, ""demand_slowdown"": 0.0, ""disinflationary_expansion"": 0.1111111111111111, ""hard_landing_risk"": 0.0, ""mixed_transition"": 0.5185185185185185, ""overheating"": 0.0, ""reflation"": 0.0, ""stagflation_risk"": 0.0}",False,81,"{""adverse_supply"": 0.1123046875, ""benign_expansion"": 0.18359375, ""contraction"": 0.2763671875, ""inflationary_expansion"": 0.2666015625, ""mixed"": 0.1611328125}",contraction
initial_release,expanding_robust_z__policy__equal__sensitive,2025-08-31,0.7457944523353853,-0.011341584921267314,-0.7548760436944165,-2.0,1.7833950003093104,-0.5832051958777432,0.8249686553222214,-0.9015577445851505,1.2537495626034452,mixed_transition,mixed,-0.9351033439304153,0.13222331464350645,0.9309719527035638,-0.18930889159502992,0.12088172972223915,0.1760959090091473,balanced_expansion,benign_expansion,"{""balanced_expansion"": 0.1298828125, ""demand_slowdown"": 0.2685546875, ""disinflationary_expansion"": 0.111328125, ""hard_landing_risk"": 0.078125, ""mixed_transition"": 0.15234375, ""overheating"": 0.0341796875, ""reflation"": 0.140625, ""stagflation_risk"": 0.0849609375}",mixed,mixed_transition,0.8888888888888888,0.7777777777777777,False,"[""benign_expansion""]","{""adverse_supply"": 0.0, ""benign_expansion"": 0.1111111111111111, ""contraction"": 0.0, ""inflationary_expansion"": 0.0, ""mixed"": 0.8888888888888888}","{""balanced_expansion"": 0.07407407407407407, ""demand_slowdown"": 0.0, ""disinflationary_expansion"": 0.037037037037037035, ""hard_landing_risk"": 0.0, ""mixed_transition"": 0.8888888888888888, ""overheating"": 0.0, ""reflation"": 0.0, ""stagflation_risk"": 0.0}",True,81,"{""adverse_supply"": 0.0849609375, ""benign_expansion"": 0.2412109375, ""contraction"": 0.3466796875, ""inflationary_expansion"": 0.1748046875, ""mixed"": 0.15234375}",contraction
initial_release,expanding_robust_z__policy__equal__sensitive,2025-09-30,0.7457944523353853,-0.3249226534366563,-0.6540180608646597,-2.0,1.8529041301564855,-0.762072940763895,0.6805863501803004,-1.1994246147697314,0.860507654030664,disinflationary_expansion,benign_expansion,-1.3033259508445876,0.284179358144859,0.3696935672113265,-0.5575314985092023,-0.040743295291797245,-0.28432449365333323,demand_slowdown,contraction,"{""balanced_expansion"": 0.095703125, ""demand_slowdown"": 0.3134765625, ""disinflationary_expansion"": 0.0869140625, ""hard_landing_risk"": 0.2255859375, ""mixed_transition"": 0.1396484375, ""overheating"": 0.0107421875, ""reflation"": 0.0859375, ""stagflation_risk"": 0.0419921875}",mixed,mixed_transition,0.7777777777777778,0.5555555555555556,False,"[""benign_expansion""]","{""adverse_supply"": 0.0, ""benign_expansion"": 0.2222222222222222, ""contraction"": 0.0, ""inflationary_expansion"": 0.0, ""mixed"": 0.7777777777777778}","{""balanced_expansion"": 0.0, ""demand_slowdown"": 0.0, ""disinflationary_expansion"": 0.2222222222222222, ""hard_landing_risk"": 0.0, ""mixed_transition"": 0.7777777777777778, ""overheating"": 0.0, ""reflation"": 0.0, ""stagflation_risk"": 0.0}",False,81,"{""adverse_supply"": 0.0419921875, ""benign_expansion"": 0.1826171875, ""contraction"": 0.5390625, ""inflationary_expansion"": 0.0966796875, ""mixed"": 0.1396484375}",contraction
initial_release,expanding_robust_z__policy__equal__sensitive,2025-11-30,-0.6326472833430739,-0.6647389407315647,-1.1959464968057714,-2.0,1.2219343547619301,-1.0873346713058492,0.38412429072231896,-1.0972719329935567,1.1236489925248854,hard_landing_risk,contraction,0.1492317735112474,0.3131337504397996,1.2091350265714358,-0.48341550983182646,-0.3516051902917651,0.013188529765664384,demand_slowdown,contraction,"{""balanced_expansion"": 0.1025390625, ""demand_slowdown"": 0.365234375, ""disinflationary_expansion"": 0.1669921875, ""hard_landing_risk"": 0.1640625, ""mixed_transition"": 0.1201171875, ""overheating"": 0.0068359375, ""reflation"": 0.0439453125, ""stagflation_risk"": 0.0302734375}",contraction,demand_slowdown,1.0,1.0,False,[],"{""adverse_supply"": 0.0, ""benign_expansion"": 0.0, ""contraction"": 1.0, ""inflationary_expansion"": 0.0, ""mixed"": 0.0}","{""balanced_expansion"": 0.0, ""demand_slowdown"": 0.6666666666666666, ""disinflationary_expansion"": 0.0, ""hard_landing_risk"": 0.3333333333333333, ""mixed_transition"": 0.0, ""overheating"": 0.0, ""reflation"": 0.0, ""stagflation_risk"": 0.0}",True,81,"{""adverse_supply"": 0.0302734375, ""benign_expansion"": 0.26953125, ""contraction"": 0.529296875, ""inflationary_expansion"": 0.05078125, ""mixed"": 0.1201171875}",contraction
initial_release,expanding_robust_z__policy__equal__sensitive,2025-12-31,-0.6326472833430739,0.2588574173758437,-0.5812744840997595,-2.0,1.191084690611389,-1.0529889019791732,0.40904343444783975,-0.9252974071769511,1.2502027067885448,hard_landing_risk,contraction,-0.07758410985689079,-0.5808301511415104,0.8250262003839176,-0.7102313931999646,-0.3219727337656667,0.24375171628415815,demand_slowdown,contraction,"{""balanced_expansion"": 0.1044921875, ""demand_slowdown"": 0.494140625, ""disinflationary_expansion"": 0.134765625, ""hard_landing_risk"": 0.1015625, ""mixed_transition"": 0.091796875, ""overheating"": 0.0068359375, ""reflation"": 0.0361328125, ""stagflation_risk"": 0.0302734375}",contraction,mixed_transition,0.5555555555555556,0.11111111111111116,True,"[""mixed""]","{""adverse_supply"": 0.0, ""benign_expansion"": 0.0, ""contraction"": 0.5555555555555556, ""inflationary_expansion"": 0.0, ""mixed"": 0.4444444444444444}","{""balanced_expansion"": 0.0, ""demand_slowdown"": 0.3333333333333333, ""disinflationary_expansion"": 0.0, ""hard_landing_risk"": 0.2222222222222222, ""mixed_transition"": 0.4444444444444444, ""overheating"": 0.0, ""reflation"": 0.0, ""stagflation_risk"": 0.0}",False,81,"{""adverse_supply"": 0.0302734375, ""benign_expansion"": 0.2392578125, ""contraction"": 0.595703125, ""inflationary_expansion"": 0.04296875, ""mixed"": 0.091796875}",contraction
initial_release,expanding_robust_z__policy__equal__sensitive,2026-01-31,-0.32500160735260103,0.24119651430858274,-0.12672796389068505,-1.6582458202625217,1.5254942883205405,-0.8944416434251827,0.5648592204950178,-1.2642721052859136,0.8780844305904079,balanced_expansion,benign_expansion,0.2586258413816105,-0.40598772577366515,-0.16011454603113037,-0.06637576597099054,-0.16479121146508244,-0.2868425099218154,balanced_expansion,benign_expansion,"{""balanced_expansion"": 0.1435546875, ""demand_slowdown"": 0.2470703125, ""disinflationary_expansion"": 0.173828125, ""hard_landing_risk"": 0.1396484375, ""mixed_transition"": 0.1611328125, ""overheating"": 0.0068359375, ""reflation"": 0.09765625, ""stagflation_risk"": 0.0302734375}",benign_expansion,balanced_expansion,0.48148148148148145,0.2222222222222222,True,"[""contraction"", ""mixed""]","{""adverse_supply"": 0.0, ""benign_expansion"": 0.48148148148148145, ""contraction"": 0.25925925925925924, ""inflationary_expansion"": 0.0, ""mixed"": 0.25925925925925924}","{""balanced_expansion"": 0.48148148148148145, ""demand_slowdown"": 0.25925925925925924, ""disinflationary_expansion"": 0.0, ""hard_landing_risk"": 0.0, ""mixed_transition"": 0.25925925925925924, ""overheating"": 0.0, ""reflation"": 0.0, ""stagflation_risk"": 0.0}",False,81,"{""adverse_supply"": 0.0302734375, ""benign_expansion"": 0.3173828125, ""contraction"": 0.38671875, ""inflationary_expansion"": 0.1044921875, ""mixed"": 0.1611328125}",contraction
initial_release,expanding_robust_z__policy__equal__sensitive,2026-02-28,-0.32500160735260103,0.2307603147881852,-0.5986297933276705,-1.4701873290022354,1.6167789517844031,-0.6942530348579325,0.7868200397339772,-1.0191380264334402,1.2259559915273706,balanced_expansion,benign_expansion,0.3982974187436849,-0.18447681235016286,0.7058854600752288,0.07329581139108389,0.046283502438022345,0.1072556667475583,balanced_expansion,benign_expansion,"{""balanced_expansion"": 0.15625, ""demand_slowdown"": 0.23046875, ""disinflationary_expansion"": 0.15234375, ""hard_landing_risk"": 0.103515625, ""mixed_transition"": 0.1337890625, ""overheating"": 0.033203125, ""reflation"": 0.1455078125, ""stagflation_risk"": 0.044921875}",mixed,mixed_transition,0.48148148148148145,0.2222222222222222,True,"[""benign_expansion"", ""contraction""]","{""adverse_supply"": 0.0, ""benign_expansion"": 0.25925925925925924, ""contraction"": 0.25925925925925924, ""inflationary_expansion"": 0.0, ""mixed"": 0.48148148148148145}","{""balanced_expansion"": 0.25925925925925924, ""demand_slowdown"": 0.25925925925925924, ""disinflationary_expansion"": 0.0, ""hard_landing_risk"": 0.0, ""mixed_transition"": 0.48148148148148145, ""overheating"": 0.0, ""reflation"": 0.0, ""stagflation_risk"": 0.0}",False,81,"{""adverse_supply"": 0.044921875, ""benign_expansion"": 0.30859375, ""contraction"": 0.333984375, ""inflationary_expansion"": 0.1787109375, ""mixed"": 0.1337890625}",contraction
initial_release,expanding_robust_z__policy__equal__sensitive,2026-03-31,-0.32500160735260103,0.47507260720929967,-0.48153025780476305,-1.211078781630683,1.653677395120136,-0.61980655790798,0.8919967996024118,-1.2644596982901968,0.7093559615097218,balanced_expansion,benign_expansion,0.5463009140973276,-0.3389774863620837,-0.005486065072234425,0.22129930674472656,0.13609512084721598,-0.4870163228769975,balanced_expansion,benign_expansion,"{""balanced_expansion"": 0.123046875, ""demand_slowdown"": 0.1591796875, ""disinflationary_expansion"": 0.12890625, ""hard_landing_risk"": 0.125, ""mixed_transition"": 0.2177734375, ""overheating"": 0.0205078125, ""reflation"": 0.1943359375, ""stagflation_risk"": 0.03125}",mixed,mixed_transition,0.7160493827160493,0.4691358024691358,False,"[""benign_expansion""]","{""adverse_supply"": 0.0, ""benign_expansion"": 0.24691358024691357, ""contraction"": 0.037037037037037035, ""inflationary_expansion"": 0.0, ""mixed"": 0.7160493827160493}","{""balanced_expansion"": 0.24691358024691357, ""demand_slowdown"": 0.037037037037037035, ""disinflationary_expansion"": 0.0, ""hard_landing_risk"": 0.0, ""mixed_transition"": 0.7160493827160493, ""overheating"": 0.0, ""reflation"": 0.0, ""stagflation_risk"": 0.0}",False,81,"{""adverse_supply"": 0.03125, ""benign_expansion"": 0.251953125, ""contraction"": 0.2841796875, ""inflationary_expansion"": 0.21484375, ""mixed"": 0.2177734375}",contraction
latest_revised,expanding_robust_z__policy__equal__sensitive,2020-02-29,-2.0,-0.05477482359360658,1.6352493633311092,-1.16825691570391,1.826971671353625,-1.2361279490840893,0.7882723601576347,-0.9042301759773208,1.7640751163699666,demand_slowdown,contraction,2.3293573778248575,-0.20487739830694823,-1.1484888142753098,0.3293573778248575,-0.2596522219005548,0.4867605490557994,disinflationary_expansion,benign_expansion,"{""balanced_expansion"": 0.0859375, ""demand_slowdown"": 0.197265625, ""disinflationary_expansion"": 0.306640625, ""hard_landing_risk"": 0.03515625, ""mixed_transition"": 0.1728515625, ""overheating"": 0.05078125, ""reflation"": 0.1201171875, ""stagflation_risk"": 0.03125}",contraction,demand_slowdown,1.0,1.0,False,[],"{""adverse_supply"": 0.0, ""benign_expansion"": 0.0, ""contraction"": 1.0, ""inflationary_expansion"": 0.0, ""mixed"": 0.0}","{""balanced_expansion"": 0.0, ""demand_slowdown"": 1.0, ""disinflationary_expansion"": 0.0, ""hard_landing_risk"": 0.0, ""mixed_transition"": 0.0, ""overheating"": 0.0, ""reflation"": 0.0, ""stagflation_risk"": 0.0}",True,81,"{""adverse_supply"": 0.03125, ""benign_expansion"": 0.392578125, ""contraction"": 0.232421875, ""inflationary_expansion"": 0.1708984375, ""mixed"": 0.1728515625}",benign_expansion
latest_revised,expanding_robust_z__policy__equal__sensitive,2020-03-31,-2.0,-2.0,0.0333333335299999,-0.8461286633118275,1.9079263554709196,-1.2840096927936049,0.26765002596337645,0.3987070533786882,0.5243583708963194,demand_slowdown,contraction,2.530898846079546,1.2534057412977302,0.42819937860750396,0.5308988460795461,-0.7465942587022698,0.46153271213750385,disinflationary_expansion,benign_expansion,"{""balanced_expansion"": 0.10546875, ""demand_slowdown"": 0.248046875, ""disinflationary_expansion"": 0.5517578125, ""hard_landing_risk"": 0.0, ""mixed_transition"": 0.05859375, ""overheating"": 0.0107421875, ""reflation"": 0.0234375, ""stagflation_risk"": 0.001953125}",contraction,demand_slowdown,1.0,1.0,False,[],"{""adverse_supply"": 0.0, ""benign_expansion"": 0.0, ""contraction"": 1.0, ""inflationary_expansion"": 0.0, ""mixed"": 0.0}","{""balanced_expansion"": 0.0, ""demand_slowdown"": 1.0, ""disinflationary_expansion"": 0.0, ""hard_landing_risk"": 0.0, ""mixed_transition"": 0.0, ""overheating"": 0.0, ""reflation"": 0.0, ""stagflation_risk"": 0.0}",True,81,"{""adverse_supply"": 0.001953125, ""benign_expansion"": 0.6572265625, ""contraction"": 0.248046875, ""inflationary_expansion"": 0.0341796875, ""mixed"": 0.05859375}",benign_expansion
latest_revised,expanding_robust_z__policy__equal__sensitive,2020-04-30,-2.0,-2.0,-0.6666666663999999,-2.0,-2.0,-2.0,-1.5622238378399091,-1.226167136338003,0.2630711158430499,hard_landing_risk,contraction,0.0,0.07209676133086318,0.25988716286252167,-2.0,-1.9279032386691368,-0.40677950353747827,demand_slowdown,contraction,"{""balanced_expansion"": 0.0, ""demand_slowdown"": 0.5673828125, ""disinflationary_expansion"": 0.0, ""hard_landing_risk"": 0.4326171875, ""mixed_transition"": 0.0, ""overheating"": 0.0, ""reflation"": 0.0, ""stagflation_risk"": 0.0}",contraction,demand_slowdown,1.0,1.0,False,[],"{""adverse_supply"": 0.0, ""benign_expansion"": 0.0, ""contraction"": 1.0, ""inflationary_expansion"": 0.0, ""mixed"": 0.0}","{""balanced_expansion"": 0.0, ""demand_slowdown"": 0.5555555555555556, ""disinflationary_expansion"": 0.0, ""hard_landing_risk"": 0.4444444444444444, ""mixed_transition"": 0.0, ""overheating"": 0.0, ""reflation"": 0.0, ""stagflation_risk"": 0.0}",True,81,"{""adverse_supply"": 0.0, ""benign_expansion"": 0.0, ""contraction"": 1.0, ""inflationary_expansion"": 0.0, ""mixed"": 0.0}",contraction
latest_revised,expanding_robust_z__policy__equal__sensitive,2020-05-31,-2.0,-1.2583442525346271,-0.6666666668,-2.0,-2.0,-1.7429035983413346,-0.25956141802747235,-2.0,-0.6666666663999999,hard_landing_risk,contraction,0.0,0.09403172101825508,-0.7086646321797857,-2.0,-1.164312531516372,-1.3753312989797857,hard_landing_risk,contraction,"{""balanced_expansion"": 0.0, ""demand_slowdown"": 0.0615234375, ""disinflationary_expansion"": 0.0, ""hard_landing_risk"": 0.9384765625, ""mixed_transition"": 0.0, ""overheating"": 0.0, ""reflation"": 0.0, ""stagflation_risk"": 0.0}",contraction,demand_slowdown,1.0,1.0,False,[],"{""adverse_supply"": 0.0, ""benign_expansion"": 0.0, ""contraction"": 1.0, ""inflationary_expansion"": 0.0, ""mixed"": 0.0}","{""balanced_expansion"": 0.0, ""demand_slowdown"": 0.5555555555555556, ""disinflationary_expansion"": 0.0, ""hard_landing_risk"": 0.4444444444444444, ""mixed_transition"": 0.0, ""overheating"": 0.0, ""reflation"": 0.0, ""stagflation_risk"": 0.0}",True,81,"{""adverse_supply"": 0.0, ""benign_expansion"": 0.0, ""contraction"": 1.0, ""inflationary_expansion"": 0.0, ""mixed"": 0.0}",contraction
latest_revised,expanding_robust_z__policy__equal__sensitive,2020-06-30,-2.0,0.4072309301348703,-0.6666666668,-2.0,-2.0,-1.0624849916462435,0.7398436714983072,-0.6666666668,-0.6666666668,hard_landing_risk,contraction,0.0,-0.5333329308760911,0.0,-2.0,-0.12610200074122088,-0.6666666668,hard_landing_risk,contraction,"{""balanced_expansion"": 0.0, ""demand_slowdown"": 0.0, ""disinflationary_expansion"": 0.0, ""hard_landing_risk"": 1.0, ""mixed_transition"": 0.0, ""overheating"": 0.0, ""reflation"": 0.0, ""stagflation_risk"": 0.0}",mixed,mixed_transition,0.5555555555555556,0.11111111111111116,True,"[""contraction""]","{""adverse_supply"": 0.0, ""benign_expansion"": 0.0, ""contraction"": 0.4444444444444444, ""inflationary_expansion"": 0.0, ""mixed"": 0.5555555555555556}","{""balanced_expansion"": 0.0, ""demand_slowdown"": 0.0, ""disinflationary_expansion"": 0.0, ""hard_landing_risk"": 0.4444444444444444, ""mixed_transition"": 0.5555555555555556, ""overheating"": 0.0, ""reflation"": 0.0, ""stagflation_risk"": 0.0}",False,81,"{""adverse_supply"": 0.0, ""benign_expansion"": 0.0, ""contraction"": 1.0, ""inflationary_expansion"": 0.0, ""mixed"": 0.0}",contraction
latest_revised,expanding_robust_z__policy__equal__sensitive,2020-07-31,2.0,1.907883758425183,-0.6666666668,2.0,2.0,0.04380775192525714,1.7726835225511501,-0.6666666668,0.3964936446690821,reflation,inflationary_expansion,0.0,-0.7384061494456515,0.0,2.0,1.1694776089795316,-0.6666666668,reflation,inflationary_expansion,"{""balanced_expansion"": 0.0, ""demand_slowdown"": 0.0, ""disinflationary_expansion"": 0.01953125, ""hard_landing_risk"": 0.0, ""mixed_transition"": 0.03515625, ""overheating"": 0.0078125, ""reflation"": 0.9375, ""stagflation_risk"": 0.0}",inflationary_expansion,reflation,1.0,1.0,False,[],"{""adverse_supply"": 0.0, ""benign_expansion"": 0.0, ""contraction"": 0.0, ""inflationary_expansion"": 1.0, ""mixed"": 0.0}","{""balanced_expansion"": 0.0, ""demand_slowdown"": 0.0, ""disinflationary_expansion"": 0.0, ""hard_landing_risk"": 0.0, ""mixed_transition"": 0.0, ""overheating"": 0.0, ""reflation"": 1.0, ""stagflation_risk"": 0.0}",True,81,"{""adverse_supply"": 0.0, ""benign_expansion"": 0.01953125, ""contraction"": 0.0, ""inflationary_expansion"": 0.9453125, ""mixed"": 0.03515625}",inflationary_expansion
latest_revised,expanding_robust_z__policy__equal__sensitive,2020-08-31,2.0,1.6668481491384939,0.3695670837073794,2.0,2.0,-0.022627177763871673,1.5907821994371911,-2.0,-0.29940880504224066,overheating,inflationary_expansion,0.0,-0.654700559738314,-1.0362337505073793,2.0,1.01214758940018,-0.6666666668,reflation,inflationary_expansion,"{""balanced_expansion"": 0.0, ""demand_slowdown"": 0.0, ""disinflationary_expansion"": 0.0146484375, ""hard_landing_risk"": 0.0, ""mixed_transition"": 0.056640625, ""overheating"": 0.0712890625, ""reflation"": 0.857421875, ""stagflation_risk"": 0.0}",inflationary_expansion,reflation,1.0,1.0,False,[],"{""adverse_supply"": 0.0, ""benign_expansion"": 0.0, ""contraction"": 0.0, ""inflationary_expansion"": 1.0, ""mixed"": 0.0}","{""balanced_expansion"": 0.0, ""demand_slowdown"": 0.0, ""disinflationary_expansion"": 0.0, ""hard_landing_risk"": 0.0, ""mixed_transition"": 0.0, ""overheating"": 0.3333333333333333, ""reflation"": 0.6666666666666666, ""stagflation_risk"": 0.0}",True,81,"{""adverse_supply"": 0.0, ""benign_expansion"": 0.0146484375, ""contraction"": 0.0, ""inflationary_expansion"": 0.9287109375, ""mixed"": 0.056640625}",inflationary_expansion
latest_revised,expanding_robust_z__policy__equal__sensitive,2020-09-30,2.0,0.06805041796787954,-0.6666666668,2.0,2.0,-1.1735688130480981,1.088788112904933,-2.0,0.6666666668,mixed_transition,mixed,0.0,-0.0769716524350866,0.0,2.0,-0.008921234467207047,-0.6666666668,mixed_transition,mixed,"{""balanced_expansion"": 0.0, ""demand_slowdown"": 0.0, ""disinflationary_expansion"": 0.2412109375, ""hard_landing_risk"": 0.0, ""mixed_transition"": 0.3251953125, ""overheating"": 0.0556640625, ""reflation"": 0.3779296875, ""stagflation_risk"": 0.0}",mixed,mixed_transition,0.8888888888888888,0.7777777777777777,False,"[""inflationary_expansion""]","{""adverse_supply"": 0.0, ""benign_expansion"": 0.0, ""contraction"": 0.0, ""inflationary_expansion"": 0.1111111111111111, ""mixed"": 0.8888888888888888}","{""balanced_expansion"": 0.0, ""demand_slowdown"": 0.0, ""disinflationary_expansion"": 0.0, ""hard_landing_risk"": 0.0, ""mixed_transition"": 0.8888888888888888, ""overheating"": 0.0, ""reflation"": 0.1111111111111111, ""stagflation_risk"": 0.0}",True,81,"{""adverse_supply"": 0.0, ""benign_expansion"": 0.2412109375, ""contraction"": 0.0, ""inflationary_expansion"": 0.43359375, ""mixed"": 0.3251953125}",inflationary_expansion
latest_revised,expanding_robust_z__policy__equal__sensitive,2020-10-31,2.0,-0.8163690020793294,-0.6666666668,1.2219696723574027,2.0,-2.0,-0.12572420285294966,-2.0,-0.6666666663999999,disinflationary_expansion,benign_expansion,0.0,-0.4577812133324658,-0.7747931119275354,2.0,-1.2741502154117952,-1.4414597787275354,mixed_transition,mixed,"{""balanced_expansion"": 0.0, ""demand_slowdown"": 0.0, ""disinflationary_expansion"": 0.099609375, ""hard_landing_risk"": 0.0, ""mixed_transition"": 0.8662109375, ""overheating"": 0.0, ""reflation"": 0.0341796875, ""stagflation_risk"": 0.0}",mixed,mixed_transition,0.7777777777777778,0.5555555555555556,False,"[""benign_expansion""]","{""adverse_supply"": 0.0, ""benign_expansion"": 0.2222222222222222, ""contraction"": 0.0, ""inflationary_expansion"": 0.0, ""mixed"": 0.7777777777777778}","{""balanced_expansion"": 0.0, ""demand_slowdown"": 0.0, ""disinflationary_expansion"": 0.2222222222222222, ""hard_landing_risk"": 0.0, ""mixed_transition"": 0.7777777777777778, ""overheating"": 0.0, ""reflation"": 0.0, ""stagflation_risk"": 0.0}",False,81,"{""adverse_supply"": 0.0, ""benign_expansion"": 0.099609375, ""contraction"": 0.0, ""inflationary_expansion"": 0.0341796875, ""mixed"": 0.8662109375}",mixed
latest_revised,expanding_robust_z__policy__equal__sensitive,2020-11-30,2.0,-0.25648720478237663,0.3597276141589744,2.0,2.0,-1.7595657902500086,0.399400713385578,-1.6357669455333648,0.5034703773504898,disinflationary_expansion,benign_expansion,0.0,-0.48905058008508995,-1.0263942809589743,2.0,-0.7455377848674666,-0.6666666668,disinflationary_expansion,benign_expansion,"{""balanced_expansion"": 0.0, ""demand_slowdown"": 0.0, ""disinflationary_expansion"": 0.4228515625, ""hard_landing_risk"": 0.0, ""mixed_transition"": 0.423828125, ""overheating"": 0.005859375, ""reflation"": 0.1474609375, ""stagflation_risk"": 0.0}",benign_expansion,disinflationary_expansion,0.5555555555555556,0.11111111111111116,True,"[""mixed""]","{""adverse_supply"": 0.0, ""benign_expansion"": 0.5555555555555556, ""contraction"": 0.0, ""inflationary_expansion"": 0.0, ""mixed"": 0.4444444444444444}","{""balanced_expansion"": 0.0, ""demand_slowdown"": 0.0, ""disinflationary_expansion"": 0.5555555555555556, ""hard_landing_risk"": 0.0, ""mixed_transition"": 0.4444444444444444, ""overheating"": 0.0, ""reflation"": 0.0, ""stagflation_risk"": 0.0}",False,81,"{""adverse_supply"": 0.0, ""benign_expansion"": 0.4228515625, ""contraction"": 0.0, ""inflationary_expansion"": 0.1533203125, ""mixed"": 0.423828125}",mixed
latest_revised,expanding_robust_z__policy__equal__sensitive,2020-12-31,2.0,0.910559671508566,-0.6666666663999999,2.0,2.0,-1.4318531887073962,0.7813349099938127,-2.0,1.0206912655356204,reflation,inflationary_expansion,0.0,-1.2874351776251074,-4.000000330961484e-10,2.0,-0.37687550611654147,-0.6666666668,disinflationary_expansion,benign_expansion,"{""balanced_expansion"": 0.0, ""demand_slowdown"": 0.0, ""disinflationary_expansion"": 0.3076171875, ""hard_landing_risk"": 0.0, ""mixed_transition"": 0.4052734375, ""overheating"": 0.0302734375, ""reflation"": 0.2568359375, ""stagflation_risk"": 0.0}",inflationary_expansion,reflation,1.0,1.0,False,[],"{""adverse_supply"": 0.0, ""benign_expansion"": 0.0, ""contraction"": 0.0, ""inflationary_expansion"": 1.0, ""mixed"": 0.0}","{""balanced_expansion"": 0.0, ""demand_slowdown"": 0.0, ""disinflationary_expansion"": 0.0, ""hard_landing_risk"": 0.0, ""mixed_transition"": 0.0, ""overheating"": 0.0, ""reflation"": 1.0, ""stagflation_risk"": 0.0}",True,81,"{""adverse_supply"": 0.0, ""benign_expansion"": 0.3076171875, ""contraction"": 0.0, ""inflationary_expansion"": 0.287109375, ""mixed"": 0.4052734375}",mixed
latest_revised,expanding_robust_z__policy__equal__sensitive,2021-01-31,2.0,0.6636357547876157,-0.6333333334700001,-1.3011773489014344,2.0,-0.6895719438909577,1.132738693719003,-2.0,1.0393978305466411,reflation,inflationary_expansion,-1.4381595706356682,-0.20402924424332258,-0.5725385060015383,0.5618404293643318,0.45960651054429313,-1.2058718394715384,reflation,inflationary_expansion,"{""balanced_expansion"": 0.0439453125, ""demand_slowdown"": 0.056640625, ""disinflationary_expansion"": 0.0439453125, ""hard_landing_risk"": 0.1474609375, ""mixed_transition"": 0.259765625, ""overheating"": 0.0234375, ""reflation"": 0.396484375, ""stagflation_risk"": 0.0283203125}",inflationary_expansion,reflation,1.0,1.0,False,[],"{""adverse_supply"": 0.0, ""benign_expansion"": 0.0, ""contraction"": 0.0, ""inflationary_expansion"": 1.0, ""mixed"": 0.0}","{""balanced_expansion"": 0.0, ""demand_slowdown"": 0.0, ""disinflationary_expansion"": 0.0, ""hard_landing_risk"": 0.0, ""mixed_transition"": 0.0, ""overheating"": 0.0, ""reflation"": 1.0, ""stagflation_risk"": 0.0}",True,81,"{""adverse_supply"": 0.0283203125, ""benign_expansion"": 0.087890625, ""contraction"": 0.2041015625, ""inflationary_expansion"": 0.419921875, ""mixed"": 0.259765625}",inflationary_expansion
latest_revised,expanding_robust_z__policy__equal__sensitive,2021-02-28,2.0,0.6163237168958677,0.76666666679,-2.0,2.0,-1.1809323295504637,0.878762217087282,-2.0,1.0997619932294551,overheating,inflationary_expansion,-1.0868418891372973,-0.6128832540916629,-2.0751805684122884,0.9131581108627027,0.003440462804204833,-1.3085139016222886,mixed_transition,mixed,"{""balanced_expansion"": 0.0283203125, ""demand_slowdown"": 0.072265625, ""disinflationary_expansion"": 0.0927734375, ""hard_landing_risk"": 0.125, ""mixed_transition"": 0.349609375, ""overheating"": 0.0185546875, ""reflation"": 0.3017578125, ""stagflation_risk"": 0.01171875}",inflationary_expansion,reflation,1.0,1.0,False,[],"{""adverse_supply"": 0.0, ""benign_expansion"": 0.0, ""contraction"": 0.0, ""inflationary_expansion"": 1.0, ""mixed"": 0.0}","{""balanced_expansion"": 0.0, ""demand_slowdown"": 0.0, ""disinflationary_expansion"": 0.0, ""hard_landing_risk"": 0.0, ""mixed_transition"": 0.0, ""overheating"": 0.3333333333333333, ""reflation"": 0.6666666666666666, ""stagflation_risk"": 0.0}",True,81,"{""adverse_supply"": 0.01171875, ""benign_expansion"": 0.12109375, ""contraction"": 0.197265625, ""inflationary_expansion"": 0.3203125, ""mixed"": 0.349609375}",mixed
latest_revised,expanding_robust_z__policy__equal__sensitive,2021-03-31,2.0,1.5943125357199002,-0.5333333334799999,-1.1843617018763686,2.0,-0.46089211488120146,1.1475098509780397,-2.0,0.9256461490277764,reflation,inflationary_expansion,0.0,-1.094891236167585,-0.7906859046050936,2.0,0.49942129955231507,-1.3240192380850935,reflation,inflationary_expansion,"{""balanced_expansion"": 0.0146484375, ""demand_slowdown"": 0.0126953125, ""disinflationary_expansion"": 0.068359375, ""hard_landing_risk"": 0.0244140625, ""mixed_transition"": 0.2373046875, ""overheating"": 0.0244140625, ""reflation"": 0.6171875, ""stagflation_risk"": 0.0009765625}",inflationary_expansion,reflation,1.0,1.0,False,[],"{""adverse_supply"": 0.0, ""benign_expansion"": 0.0, ""contraction"": 0.0, ""inflationary_expansion"": 1.0, ""mixed"": 0.0}","{""balanced_expansion"": 0.0, ""demand_slowdown"": 0.0, ""disinflationary_expansion"": 0.0, ""hard_landing_risk"": 0.0, ""mixed_transition"": 0.0, ""overheating"": 0.0, ""reflation"": 1.0, ""stagflation_risk"": 0.0}",True,81,"{""adverse_supply"": 0.0009765625, ""benign_expansion"": 0.0830078125, ""contraction"": 0.037109375, ""inflationary_expansion"": 0.6416015625, ""mixed"": 0.2373046875}",inflationary_expansion
latest_revised,expanding_robust_z__policy__equal__sensitive,2021-04-30,2.0,2.0,0.80000000012,-1.9115998305704762,2.0,-0.6565398945727061,1.4641601295719981,-2.0,-0.3757655026652865,overheating,inflationary_expansion,-0.2826816332166011,-1.4254676535337343,-2.2043647403156412,1.7173183667833989,0.5745323464662657,-1.4043647401956412,reflation,inflationary_expansion,"{""balanced_expansion"": 0.0068359375, ""demand_slowdown"": 0.015625, ""disinflationary_expansion"": 0.0263671875, ""hard_landing_risk"": 0.0615234375, ""mixed_transition"": 0.263671875, ""overheating"": 0.0029296875, ""reflation"": 0.6171875, ""stagflation_risk"": 0.005859375}",inflationary_expansion,overheating,1.0,1.0,False,[],"{""adverse_supply"": 0.0, ""benign_expansion"": 0.0, ""contraction"": 0.0, ""inflationary_expansion"": 1.0, ""mixed"": 0.0}","{""balanced_expansion"": 0.0, ""demand_slowdown"": 0.0, ""disinflationary_expansion"": 0.0, ""hard_landing_risk"": 0.0, ""mixed_transition"": 0.0, ""overheating"": 0.8888888888888888, ""reflation"": 0.1111111111111111, ""stagflation_risk"": 0.0}",True,81,"{""adverse_supply"": 0.005859375, ""benign_expansion"": 0.033203125, ""contraction"": 0.0771484375, ""inflationary_expansion"": 0.6201171875, ""mixed"": 0.263671875}",inflationary_expansion
latest_revised,expanding_robust_z__policy__equal__sensitive,2021-05-31,2.0,2.0,0.90000000011,-2.0,2.0,0.5211945758424842,2.0,-2.0,0.8817917659043533,overheating,inflationary_expansion,-0.0454507961643178,-0.4928039981381185,-2.1485546140567693,1.9545492038356822,1.5071960018618815,-1.2485546139467691,reflation,inflationary_expansion,"{""balanced_expansion"": 0.001953125, ""demand_slowdown"": 0.00390625, ""disinflationary_expansion"": 0.0009765625, ""hard_landing_risk"": 0.0419921875, ""mixed_transition"": 0.0595703125, ""overheating"": 0.0791015625, ""reflation"": 0.7890625, ""stagflation_risk"": 0.0234375}",inflationary_expansion,overheating,1.0,1.0,False,[],"{""adverse_supply"": 0.0, ""benign_expansion"": 0.0, ""contraction"": 0.0, ""inflationary_expansion"": 1.0, ""mixed"": 0.0}","{""balanced_expansion"": 0.0, ""demand_slowdown"": 0.0, ""disinflationary_expansion"": 0.0, ""hard_landing_risk"": 0.0, ""mixed_transition"": 0.0, ""overheating"": 1.0, ""reflation"": 0.0, ""stagflation_risk"": 0.0}",True,81,"{""adverse_supply"": 0.0234375, ""benign_expansion"": 0.0029296875, ""contraction"": 0.0458984375, ""inflationary_expansion"": 0.8681640625, ""mixed"": 0.0595703125}",inflationary_expansion
latest_revised,expanding_robust_z__policy__equal__sensitive,2021-06-30,2.0,2.0,0.8666666667799998,-0.5728230927176421,2.0,0.11619010694100425,1.870881830951974,-1.9473091909735127,1.009645544691393,overheating,inflationary_expansion,0.0,-0.6235724912079141,-1.3092078855758973,2.0,1.3764275087920859,-0.4425412187958975,reflation,inflationary_expansion,"{""balanced_expansion"": 0.0087890625, ""demand_slowdown"": 0.0009765625, ""disinflationary_expansion"": 0.0048828125, ""hard_landing_risk"": 0.0009765625, ""mixed_transition"": 0.041015625, ""overheating"": 0.2265625, ""reflation"": 0.71484375, ""stagflation_risk"": 0.001953125}",inflationary_expansion,overheating,1.0,1.0,False,[],"{""adverse_supply"": 0.0, ""benign_expansion"": 0.0, ""contraction"": 0.0, ""inflationary_expansion"": 1.0, ""mixed"": 0.0}","{""balanced_expansion"": 0.0, ""demand_slowdown"": 0.0, ""disinflationary_expansion"": 0.0, ""hard_landing_risk"": 0.0, ""mixed_transition"": 0.0, ""overheating"": 1.0, ""reflation"": 0.0, ""stagflation_risk"": 0.0}",True,81,"{""adverse_supply"": 0.001953125, ""benign_expansion"": 0.013671875, ""contraction"": 0.001953125, ""inflationary_expansion"": 0.94140625, ""mixed"": 0.041015625}",inflationary_expansion
latest_revised,expanding_robust_z__policy__equal__sensitive,2021-07-31,1.2866716567674814,2.0,1.03333333343,-2.0,2.0,1.1324567772527796,2.0,-1.8851140894525042,1.1244218553027259,overheating,inflationary_expansion,0.12941251387620634,-0.23833904518775717,-1.413679450704889,1.4160841706436877,1.7616609548122428,-0.3803461172748892,reflation,inflationary_expansion,"{""balanced_expansion"": 0.0, ""demand_slowdown"": 0.0, ""disinflationary_expansion"": 0.0, ""hard_landing_risk"": 0.044921875, ""mixed_transition"": 0.078125, ""overheating"": 0.23828125, ""reflation"": 0.5830078125, ""stagflation_risk"": 0.0556640625}",inflationary_expansion,overheating,1.0,1.0,False,[],"{""adverse_supply"": 0.0, ""benign_expansion"": 0.0, ""contraction"": 0.0, ""inflationary_expansion"": 1.0, ""mixed"": 0.0}","{""balanced_expansion"": 0.0, ""demand_slowdown"": 0.0, ""disinflationary_expansion"": 0.0, ""hard_landing_risk"": 0.0, ""mixed_transition"": 0.0, ""overheating"": 1.0, ""reflation"": 0.0, ""stagflation_risk"": 0.0}",True,81,"{""adverse_supply"": 0.0556640625, ""benign_expansion"": 0.0, ""contraction"": 0.044921875, ""inflationary_expansion"": 0.8212890625, ""mixed"": 0.078125}",inflationary_expansion
latest_revised,expanding_robust_z__policy__equal__sensitive,2021-08-31,1.2866716567674814,0.05179538157359614,0.33123715518749697,-1.3723855356109649,2.0,-0.22944801824282626,0.6868811581278745,-0.94390966903127,1.2104480550604308,mixed_transition,mixed,0.7133283432325186,0.176921188368928,-0.46778465246272144,2.0,0.24531578132642637,-0.16500911719122066,reflation,inflationary_expansion,"{""balanced_expansion"": 0.080078125, ""demand_slowdown"": 0.017578125, ""disinflationary_expansion"": 0.1171875, ""hard_landing_risk"": 0.0087890625, ""mixed_transition"": 0.1943359375, ""overheating"": 0.0673828125, ""reflation"": 0.509765625, ""stagflation_risk"": 0.0048828125}",mixed,mixed_transition,0.8888888888888888,0.7777777777777777,False,"[""inflationary_expansion""]","{""adverse_supply"": 0.0, ""benign_expansion"": 0.0, ""contraction"": 0.0, ""inflationary_expansion"": 0.1111111111111111, ""mixed"": 0.8888888888888888}","{""balanced_expansion"": 0.0, ""demand_slowdown"": 0.0, ""disinflationary_expansion"": 0.0, ""hard_landing_risk"": 0.0, ""mixed_transition"": 0.8888888888888888, ""overheating"": 0.0, ""reflation"": 0.1111111111111111, ""stagflation_risk"": 0.0}",True,81,"{""adverse_supply"": 0.0048828125, ""benign_expansion"": 0.197265625, ""contraction"": 0.0263671875, ""inflationary_expansion"": 0.5771484375, ""mixed"": 0.1943359375}",inflationary_expansion
latest_revised,expanding_robust_z__policy__equal__sensitive,2021-09-30,1.2866716567674814,-0.005488822135599409,0.5229927741280329,1.859026804312573,2.0,-0.6440735458974491,0.2826219286867131,-0.9394251548524253,1.209125468488031,mixed_transition,mixed,0.7133283432325186,-0.17523698646976854,-0.5343850979720851,2.0,-0.15720679468461868,0.03112433597236039,disinflationary_expansion,benign_expansion,"{""balanced_expansion"": 0.0, ""demand_slowdown"": 0.0, ""disinflationary_expansion"": 0.435546875, ""hard_landing_risk"": 0.0, ""mixed_transition"": 0.310546875, ""overheating"": 0.017578125, ""reflation"": 0.236328125, ""stagflation_risk"": 0.0}",mixed,mixed_transition,0.8888888888888888,0.7777777777777777,False,"[""benign_expansion""]","{""adverse_supply"": 0.0, ""benign_expansion"": 0.1111111111111111, ""contraction"": 0.0, ""inflationary_expansion"": 0.0, ""mixed"": 0.8888888888888888}","{""balanced_expansion"": 0.0, ""demand_slowdown"": 0.0, ""disinflationary_expansion"": 0.1111111111111111, ""hard_landing_risk"": 0.0, ""mixed_transition"": 0.8888888888888888, ""overheating"": 0.0, ""reflation"": 0.0, ""stagflation_risk"": 0.0}",True,81,"{""adverse_supply"": 0.0, ""benign_expansion"": 0.435546875, ""contraction"": 0.0, ""inflationary_expansion"": 0.25390625, ""mixed"": 0.310546875}",benign_expansion
latest_revised,expanding_robust_z__policy__equal__sensitive,2021-10-31,2.0,1.600416566302388,0.6951717425605135,-2.0,2.0,-0.39874906415432615,0.6787623369863248,-0.936932548756372,1.2430378716430255,overheating,inflationary_expansion,-0.7197368075127386,-1.4604099298863886,-0.7465560956836945,1.2802631924872614,0.1464260617133165,0.07536185762014608,reflation,inflationary_expansion,"{""balanced_expansion"": 0.11328125, ""demand_slowdown"": 0.0888671875, ""disinflationary_expansion"": 0.1552734375, ""hard_landing_risk"": 0.04296875, ""mixed_transition"": 0.203125, ""overheating"": 0.046875, ""reflation"": 0.33203125, ""stagflation_risk"": 0.017578125}",inflationary_expansion,overheating,1.0,1.0,False,[],"{""adverse_supply"": 0.0, ""benign_expansion"": 0.0, ""contraction"": 0.0, ""inflationary_expansion"": 1.0, ""mixed"": 0.0}","{""balanced_expansion"": 0.0, ""demand_slowdown"": 0.0, ""disinflationary_expansion"": 0.0, ""hard_landing_risk"": 0.0, ""mixed_transition"": 0.0, ""overheating"": 0.7777777777777778, ""reflation"": 0.2222222222222222, ""stagflation_risk"": 0.0}",True,81,"{""adverse_supply"": 0.017578125, ""benign_expansion"": 0.2685546875, ""contraction"": 0.1318359375, ""inflationary_expansion"": 0.37890625, ""mixed"": 0.203125}",inflationary_expansion
latest_revised,expanding_robust_z__policy__equal__sensitive,2021-11-30,2.0,1.5643694980766285,0.4221622895639193,-2.0,2.0,0.35162711511187983,1.3706720715693874,-0.7989045642891933,1.2434435245517008,overheating,inflationary_expansion,-0.31857614187661554,-0.6717842528148554,-0.05708396010546224,1.6814238581233845,0.8781493486898233,0.34829909120729174,overheating,inflationary_expansion,"{""balanced_expansion"": 0.0205078125, ""demand_slowdown"": 0.0078125, ""disinflationary_expansion"": 0.0068359375, ""hard_landing_risk"": 0.0126953125, ""mixed_transition"": 0.0732421875, ""overheating"": 0.3564453125, ""reflation"": 0.46875, ""stagflation_risk"": 0.0537109375}",inflationary_expansion,reflation,1.0,1.0,False,[],"{""adverse_supply"": 0.0, ""benign_expansion"": 0.0, ""contraction"": 0.0, ""inflationary_expansion"": 1.0, ""mixed"": 0.0}","{""balanced_expansion"": 0.0, ""demand_slowdown"": 0.0, ""disinflationary_expansion"": 0.0, ""hard_landing_risk"": 0.0, ""mixed_transition"": 0.0, ""overheating"": 0.4444444444444444, ""reflation"": 0.5555555555555556, ""stagflation_risk"": 0.0}",True,81,"{""adverse_supply"": 0.0537109375, ""benign_expansion"": 0.02734375, ""contraction"": 0.0205078125, ""inflationary_expansion"": 0.8251953125, ""mixed"": 0.0732421875}",inflationary_expansion
latest_revised,expanding_robust_z__policy__equal__sensitive,2021-12-31,2.0,1.5284954592593607,0.5008879284031919,-0.8894464861108196,2.0,0.08642903835356344,1.1157821546215272,-0.7872755389499028,1.280660935044003,overheating,inflationary_expansion,0.0,-0.9273898627718155,-0.1872860559498939,2.0,0.5268710109471743,0.44571893512432503,overheating,inflationary_expansion,"{""balanced_expansion"": 0.044921875, ""demand_slowdown"": 0.00390625, ""disinflationary_expansion"": 0.0283203125, ""hard_landing_risk"": 0.001953125, ""mixed_transition"": 0.0908203125, ""overheating"": 0.279296875, ""reflation"": 0.5458984375, ""stagflation_risk"": 0.0048828125}",inflationary_expansion,overheating,1.0,1.0,False,[],"{""adverse_supply"": 0.0, ""benign_expansion"": 0.0, ""contraction"": 0.0, ""inflationary_expansion"": 1.0, ""mixed"": 0.0}","{""balanced_expansion"": 0.0, ""demand_slowdown"": 0.0, ""disinflationary_expansion"": 0.0, ""hard_landing_risk"": 0.0, ""mixed_transition"": 0.0, ""overheating"": 0.5555555555555556, ""reflation"": 0.4444444444444444, ""stagflation_risk"": 0.0}",True,81,"{""adverse_supply"": 0.0048828125, ""benign_expansion"": 0.0732421875, ""contraction"": 0.005859375, ""inflationary_expansion"": 0.8251953125, ""mixed"": 0.0908203125}",inflationary_expansion
latest_revised,expanding_robust_z__policy__equal__sensitive,2022-01-31,-2.0,1.0728240350189702,0.26731761107190366,-2.0,2.0,-0.14717151332944411,0.8385369219782606,-0.8309423842167692,1.3509879615243137,stagflation_risk,adverse_supply,3.0499273082416583,-0.727141330694562,-0.03799858333227216,1.0499273082416583,0.24897265511626848,0.46761310613300866,reflation,inflationary_expansion,"{""balanced_expansion"": 0.1259765625, ""demand_slowdown"": 0.12890625, ""disinflationary_expansion"": 0.107421875, ""hard_landing_risk"": 0.0185546875, ""mixed_transition"": 0.1826171875, ""overheating"": 0.0849609375, ""reflation"": 0.326171875, ""stagflation_risk"": 0.025390625}",adverse_supply,stagflation_risk,0.8888888888888888,0.7777777777777777,False,"[""mixed""]","{""adverse_supply"": 0.8888888888888888, ""benign_expansion"": 0.0, ""contraction"": 0.0, ""inflationary_expansion"": 0.0, ""mixed"": 0.1111111111111111}","{""balanced_expansion"": 0.0, ""demand_slowdown"": 0.0, ""disinflationary_expansion"": 0.0, ""hard_landing_risk"": 0.0, ""mixed_transition"": 0.1111111111111111, ""overheating"": 0.0, ""reflation"": 0.0, ""stagflation_risk"": 0.8888888888888888}",True,81,"{""adverse_supply"": 0.025390625, ""benign_expansion"": 0.2333984375, ""contraction"": 0.1474609375, ""inflationary_expansion"": 0.4111328125, ""mixed"": 0.1826171875}",inflationary_expansion
latest_revised,expanding_robust_z__policy__equal__sensitive,2022-02-28,-2.0,0.8056797803905232,0.2835673059960636,-2.0,2.0,0.1755277875574319,1.033681845886257,-0.8598148847758795,0.7326145124609303,stagflation_risk,adverse_supply,3.8642374065096066,-0.20107496366867883,-0.6164944581020981,1.8642374065096066,0.5954485976702854,-0.27278166969670997,reflation,inflationary_expansion,"{""balanced_expansion"": 0.083984375, ""demand_slowdown"": 0.0185546875, ""disinflationary_expansion"": 0.013671875, ""hard_landing_risk"": 0.0234375, ""mixed_transition"": 0.0703125, ""overheating"": 0.111328125, ""reflation"": 0.6552734375, ""stagflation_risk"": 0.0234375}",adverse_supply,stagflation_risk,0.5555555555555556,0.11111111111111116,True,"[""mixed""]","{""adverse_supply"": 0.5555555555555556, ""benign_expansion"": 0.0, ""contraction"": 0.0, ""inflationary_expansion"": 0.0, ""mixed"": 0.4444444444444444}","{""balanced_expansion"": 0.0, ""demand_slowdown"": 0.0, ""disinflationary_expansion"": 0.0, ""hard_landing_risk"": 0.0, ""mixed_transition"": 0.4444444444444444, ""overheating"": 0.0, ""reflation"": 0.0, ""stagflation_risk"": 0.5555555555555556}",False,81,"{""adverse_supply"": 0.0234375, ""benign_expansion"": 0.09765625, ""contraction"": 0.0419921875, ""inflationary_expansion"": 0.7666015625, ""mixed"": 0.0703125}",inflationary_expansion
latest_revised,expanding_robust_z__policy__equal__sensitive,2022-03-31,-2.0,0.7415288986642008,0.3571289557736645,-1.1796516750238935,2.0,-0.21407509070150538,0.5987977678727994,-0.8170107512438214,1.2982810594634584,stagflation_risk,adverse_supply,4.0,-0.5491675600785538,-0.08106346389676788,2.0,0.19682380540972422,0.4443271699950868,reflation,inflationary_expansion,"{""balanced_expansion"": 0.0654296875, ""demand_slowdown"": 0.025390625, ""disinflationary_expansion"": 0.1552734375, ""hard_landing_risk"": 0.0009765625, ""mixed_transition"": 0.208984375, ""overheating"": 0.1025390625, ""reflation"": 0.4375, ""stagflation_risk"": 0.00390625}",mixed,mixed_transition,0.5555555555555556,0.11111111111111116,True,"[""adverse_supply""]","{""adverse_supply"": 0.4444444444444444, ""benign_expansion"": 0.0, ""contraction"": 0.0, ""inflationary_expansion"": 0.0, ""mixed"": 0.5555555555555556}","{""balanced_expansion"": 0.0, ""demand_slowdown"": 0.0, ""disinflationary_expansion"": 0.0, ""hard_landing_risk"": 0.0, ""mixed_transition"": 0.5555555555555556, ""overheating"": 0.0, ""reflation"": 0.0, ""stagflation_risk"": 0.4444444444444444}",False,81,"{""adverse_supply"": 0.00390625, ""benign_expansion"": 0.220703125, ""contraction"": 0.0263671875, ""inflationary_expansion"": 0.5400390625, ""mixed"": 0.208984375}",inflationary_expansion
latest_revised,expanding_robust_z__policy__equal__sensitive,2022-04-30,-1.3743016196589224,0.15037584161039175,0.2153196484301238,-2.0,2.0,0.0025583974681870486,0.8744915884385294,-0.8199186830874668,1.3426418371492532,demand_slowdown,contraction,3.0338202229342586,0.30184567853966915,0.06344406094672961,1.6595186032753362,0.42791833871618556,0.4352107954083665,reflation,inflationary_expansion,"{""balanced_expansion"": 0.09765625, ""demand_slowdown"": 0.04296875, ""disinflationary_expansion"": 0.044921875, ""hard_landing_risk"": 0.0078125, ""mixed_transition"": 0.1259765625, ""overheating"": 0.1982421875, ""reflation"": 0.45703125, ""stagflation_risk"": 0.025390625}",contraction,demand_slowdown,0.7777777777777778,0.5555555555555556,False,"[""mixed""]","{""adverse_supply"": 0.0, ""benign_expansion"": 0.0, ""contraction"": 0.7777777777777778, ""inflationary_expansion"": 0.0, ""mixed"": 0.2222222222222222}","{""balanced_expansion"": 0.0, ""demand_slowdown"": 0.7777777777777778, ""disinflationary_expansion"": 0.0, ""hard_landing_risk"": 0.0, ""mixed_transition"": 0.2222222222222222, ""overheating"": 0.0, ""reflation"": 0.0, ""stagflation_risk"": 0.0}",True,81,"{""adverse_supply"": 0.025390625, ""benign_expansion"": 0.142578125, ""contraction"": 0.05078125, ""inflationary_expansion"": 0.6552734375, ""mixed"": 0.1259765625}",inflationary_expansion
latest_revised,expanding_robust_z__policy__equal__sensitive,2022-05-31,-1.3743016196589224,0.6093283628054926,0.17573171190889875,-2.0,2.0,-0.35108522230421124,0.49478044783072495,-0.8026804022391425,1.1600791389955505,stagflation_risk,adverse_supply,2.6435601832487383,-0.5374807500422357,-0.12741672554389977,1.269258563589816,0.06191053796796099,0.17729204890297728,mixed_transition,mixed,"{""balanced_expansion"": 0.1220703125, ""demand_slowdown"": 0.1044921875, ""disinflationary_expansion"": 0.2099609375, ""hard_landing_risk"": 0.029296875, ""mixed_transition"": 0.2119140625, ""overheating"": 0.037109375, ""reflation"": 0.2724609375, ""stagflation_risk"": 0.0126953125}",mixed,mixed_transition,0.6666666666666666,0.3333333333333333,False,"[""adverse_supply""]","{""adverse_supply"": 0.3333333333333333, ""benign_expansion"": 0.0, ""contraction"": 0.0, ""inflationary_expansion"": 0.0, ""mixed"": 0.6666666666666666}","{""balanced_expansion"": 0.0, ""demand_slowdown"": 0.0, ""disinflationary_expansion"": 0.0, ""hard_landing_risk"": 0.0, ""mixed_transition"": 0.6666666666666666, ""overheating"": 0.0, ""reflation"": 0.0, ""stagflation_risk"": 0.3333333333333333}",False,81,"{""adverse_supply"": 0.0126953125, ""benign_expansion"": 0.33203125, ""contraction"": 0.1337890625, ""inflationary_expansion"": 0.3095703125, ""mixed"": 0.2119140625}",benign_expansion
latest_revised,expanding_robust_z__policy__equal__sensitive,2022-06-30,-1.3743016196589224,1.3959889470022653,0.11828789310380815,-2.0,2.0,-0.1604664806750756,0.7276789198475647,-0.8023756604386867,0.9130202144186924,stagflation_risk,adverse_supply,2.56466634487961,-1.1123827274160207,-0.33007995385691113,1.1903647252206877,0.2687326820740025,-0.08091959519931533,reflation,inflationary_expansion,"{""balanced_expansion"": 0.138671875, ""demand_slowdown"": 0.0673828125, ""disinflationary_expansion"": 0.1025390625, ""hard_landing_risk"": 0.033203125, ""mixed_transition"": 0.154296875, ""overheating"": 0.076171875, ""reflation"": 0.4052734375, ""stagflation_risk"": 0.0224609375}",adverse_supply,stagflation_risk,1.0,1.0,False,[],"{""adverse_supply"": 1.0, ""benign_expansion"": 0.0, ""contraction"": 0.0, ""inflationary_expansion"": 0.0, ""mixed"": 0.0}","{""balanced_expansion"": 0.0, ""demand_slowdown"": 0.0, ""disinflationary_expansion"": 0.0, ""hard_landing_risk"": 0.0, ""mixed_transition"": 0.0, ""overheating"": 0.0, ""reflation"": 0.0, ""stagflation_risk"": 1.0}",True,81,"{""adverse_supply"": 0.0224609375, ""benign_expansion"": 0.2412109375, ""contraction"": 0.1005859375, ""inflationary_expansion"": 0.4814453125, ""mixed"": 0.154296875}",inflationary_expansion
latest_revised,expanding_robust_z__policy__equal__sensitive,2022-07-31,0.8772253301170281,-0.7176216910233958,0.555419917071442,-2.0,2.0,0.3998889407624286,1.2558055939230865,-0.8479951508788288,0.8754775884498534,disinflationary_expansion,benign_expansion,-0.3344018347444595,1.560975058358844,-0.8497961795837428,0.5428234953725686,0.8188646706885799,-0.13646450143477004,reflation,inflationary_expansion,"{""balanced_expansion"": 0.0478515625, ""demand_slowdown"": 0.025390625, ""disinflationary_expansion"": 0.0009765625, ""hard_landing_risk"": 0.083984375, ""mixed_transition"": 0.123046875, ""overheating"": 0.1376953125, ""reflation"": 0.4306640625, ""stagflation_risk"": 0.150390625}",benign_expansion,disinflationary_expansion,1.0,1.0,False,[],"{""adverse_supply"": 0.0, ""benign_expansion"": 1.0, ""contraction"": 0.0, ""inflationary_expansion"": 0.0, ""mixed"": 0.0}","{""balanced_expansion"": 0.0, ""demand_slowdown"": 0.0, ""disinflationary_expansion"": 1.0, ""hard_landing_risk"": 0.0, ""mixed_transition"": 0.0, ""overheating"": 0.0, ""reflation"": 0.0, ""stagflation_risk"": 0.0}",True,81,"{""adverse_supply"": 0.150390625, ""benign_expansion"": 0.048828125, ""contraction"": 0.109375, ""inflationary_expansion"": 0.568359375, ""mixed"": 0.123046875}",inflationary_expansion
latest_revised,expanding_robust_z__policy__equal__sensitive,2022-08-31,0.8772253301170281,0.35748336292625554,-0.044428241367389806,-2.0,2.0,-1.189295218285348,-0.2896324512592427,-1.0288077022594986,1.1539326532786438,balanced_expansion,benign_expansion,-0.11026045343852431,-1.096947197698551,-0.08008807478073217,0.7669648766785038,-0.7079521223427343,0.04473828184380417,disinflationary_expansion,benign_expansion,"{""balanced_expansion"": 0.0322265625, ""demand_slowdown"": 0.20703125, ""disinflationary_expansion"": 0.5087890625, ""hard_landing_risk"": 0.0673828125, ""mixed_transition"": 0.1767578125, ""overheating"": 0.0, ""reflation"": 0.0078125, ""stagflation_risk"": 0.0}",inflationary_expansion,reflation,0.4444444444444444,0.1111111111111111,True,"[""mixed"", ""benign_expansion""]","{""adverse_supply"": 0.0, ""benign_expansion"": 0.2222222222222222, ""contraction"": 0.0, ""inflationary_expansion"": 0.4444444444444444, ""mixed"": 0.3333333333333333}","{""balanced_expansion"": 0.2222222222222222, ""demand_slowdown"": 0.0, ""disinflationary_expansion"": 0.0, ""hard_landing_risk"": 0.0, ""mixed_transition"": 0.3333333333333333, ""overheating"": 0.0, ""reflation"": 0.4444444444444444, ""stagflation_risk"": 0.0}",False,81,"{""adverse_supply"": 0.0, ""benign_expansion"": 0.541015625, ""contraction"": 0.2744140625, ""inflationary_expansion"": 0.0078125, ""mixed"": 0.1767578125}",benign_expansion
latest_revised,expanding_robust_z__policy__equal__sensitive,2022-09-30,0.8772253301170281,0.35602279105174045,0.018446271152608787,-2.0,2.0,-0.538208482027213,0.3650149599868657,-1.0998073217057585,1.4740432383940085,balanced_expansion,benign_expansion,-0.8252422003416311,-0.44261955207191417,-0.020347125208337535,0.051983129775396986,-0.014374841786850667,0.21707451932576402,balanced_expansion,benign_expansion,"{""balanced_expansion"": 0.1337890625, ""demand_slowdown"": 0.2880859375, ""disinflationary_expansion"": 0.15625, ""hard_landing_risk"": 0.087890625, ""mixed_transition"": 0.1669921875, ""overheating"": 0.0078125, ""reflation"": 0.1455078125, ""stagflation_risk"": 0.013671875}",inflationary_expansion,reflation,0.4444444444444444,0.1111111111111111,True,"[""mixed"", ""benign_expansion""]","{""adverse_supply"": 0.0, ""benign_expansion"": 0.2222222222222222, ""contraction"": 0.0, ""inflationary_expansion"": 0.4444444444444444, ""mixed"": 0.3333333333333333}","{""balanced_expansion"": 0.2222222222222222, ""demand_slowdown"": 0.0, ""disinflationary_expansion"": 0.0, ""hard_landing_risk"": 0.0, ""mixed_transition"": 0.3333333333333333, ""overheating"": 0.0, ""reflation"": 0.4444444444444444, ""stagflation_risk"": 0.0}",False,81,"{""adverse_supply"": 0.013671875, ""benign_expansion"": 0.2900390625, ""contraction"": 0.3759765625, ""inflationary_expansion"": 0.1533203125, ""mixed"": 0.1669921875}",contraction
latest_revised,expanding_robust_z__policy__equal__sensitive,2022-10-31,0.7514765401292607,0.15960683918792315,0.12066873735516721,-2.0,2.0,-0.8594428011601412,0.04832011651317848,-0.9186850736357686,1.5150157233163888,balanced_expansion,benign_expansion,-0.06635142837356955,-0.5651681815114045,0.084736758121312,0.6851251117556911,-0.35293392775825183,0.4837483321789868,disinflationary_expansion,benign_expansion,"{""balanced_expansion"": 0.0634765625, ""demand_slowdown"": 0.240234375, ""disinflationary_expansion"": 0.4375, ""hard_landing_risk"": 0.037109375, ""mixed_transition"": 0.1689453125, ""overheating"": 0.0009765625, ""reflation"": 0.0517578125, ""stagflation_risk"": 0.0}",mixed,mixed_transition,0.48148148148148145,0.037037037037037035,True,"[""benign_expansion""]","{""adverse_supply"": 0.0, ""benign_expansion"": 0.4444444444444444, ""contraction"": 0.0, ""inflationary_expansion"": 0.07407407407407407, ""mixed"": 0.48148148148148145}","{""balanced_expansion"": 0.4444444444444444, ""demand_slowdown"": 0.0, ""disinflationary_expansion"": 0.0, ""hard_landing_risk"": 0.0, ""mixed_transition"": 0.48148148148148145, ""overheating"": 0.0, ""reflation"": 0.07407407407407407, ""stagflation_risk"": 0.0}",False,81,"{""adverse_supply"": 0.0, ""benign_expansion"": 0.5009765625, ""contraction"": 0.27734375, ""inflationary_expansion"": 0.052734375, ""mixed"": 0.1689453125}",benign_expansion
latest_revised,expanding_robust_z__policy__equal__sensitive,2022-11-30,0.7514765401292607,-0.34188022171661636,-0.00849439017977062,-2.0,2.0,-0.49786219750044025,0.4473735095134746,-1.138384600511855,0.9917545181982956,disinflationary_expansion,benign_expansion,-0.21081614016238115,0.31663587772313356,-0.36069845862332156,0.5406603999668795,0.10463220220257989,-0.20168279853343746,balanced_expansion,benign_expansion,"{""balanced_expansion"": 0.138671875, ""demand_slowdown"": 0.1748046875, ""disinflationary_expansion"": 0.1376953125, ""hard_landing_risk"": 0.080078125, ""mixed_transition"": 0.1943359375, ""overheating"": 0.0185546875, ""reflation"": 0.2333984375, ""stagflation_risk"": 0.0224609375}",benign_expansion,disinflationary_expansion,0.5925925925925926,0.18518518518518517,True,"[""mixed""]","{""adverse_supply"": 0.0, ""benign_expansion"": 0.5925925925925926, ""contraction"": 0.0, ""inflationary_expansion"": 0.0, ""mixed"": 0.4074074074074074}","{""balanced_expansion"": 0.037037037037037035, ""demand_slowdown"": 0.0, ""disinflationary_expansion"": 0.5555555555555556, ""hard_landing_risk"": 0.0, ""mixed_transition"": 0.4074074074074074, ""overheating"": 0.0, ""reflation"": 0.0, ""stagflation_risk"": 0.0}",False,81,"{""adverse_supply"": 0.0224609375, ""benign_expansion"": 0.2763671875, ""contraction"": 0.2548828125, ""inflationary_expansion"": 0.251953125, ""mixed"": 0.1943359375}",benign_expansion
latest_revised,expanding_robust_z__policy__equal__sensitive,2022-12-31,0.7514765401292607,-0.3272510522440044,-0.21559794946131028,-2.0,2.0,-0.8541843831954861,0.12334605378569384,-1.1823304570568007,0.9466433553467642,disinflationary_expansion,benign_expansion,-1.4510218192950073,-0.038168112460891634,-0.2324012436651658,-0.6995452791657466,-0.2572279407589725,-0.2847170077642977,demand_slowdown,contraction,"{""balanced_expansion"": 0.099609375, ""demand_slowdown"": 0.3857421875, ""disinflationary_expansion"": 0.1376953125, ""hard_landing_risk"": 0.2333984375, ""mixed_transition"": 0.1015625, ""overheating"": 0.0009765625, ""reflation"": 0.037109375, ""stagflation_risk"": 0.00390625}",benign_expansion,disinflationary_expansion,0.5925925925925926,0.18518518518518517,True,"[""mixed""]","{""adverse_supply"": 0.0, ""benign_expansion"": 0.5925925925925926, ""contraction"": 0.0, ""inflationary_expansion"": 0.0, ""mixed"": 0.4074074074074074}","{""balanced_expansion"": 0.037037037037037035, ""demand_slowdown"": 0.0, ""disinflationary_expansion"": 0.5555555555555556, ""hard_landing_risk"": 0.0, ""mixed_transition"": 0.4074074074074074, ""overheating"": 0.0, ""reflation"": 0.0, ""stagflation_risk"": 0.0}",False,81,"{""adverse_supply"": 0.00390625, ""benign_expansion"": 0.2373046875, ""contraction"": 0.619140625, ""inflationary_expansion"": 0.0380859375, ""mixed"": 0.1015625}",contraction
latest_revised,expanding_robust_z__policy__equal__sensitive,2023-01-31,0.8849746796993259,0.4532788590139555,-0.12056103867537388,-2.0,2.0,-1.1020425761462025,-0.12245913551836675,-1.175326019585739,1.108492430579573,balanced_expansion,benign_expansion,-0.2708282885428095,-1.0655297148462402,-0.11575361728246161,0.6141463911565164,-0.505772968164887,-0.011008138136359855,disinflationary_expansion,benign_expansion,"{""balanced_expansion"": 0.056640625, ""demand_slowdown"": 0.2041015625, ""disinflationary_expansion"": 0.4169921875, ""hard_landing_risk"": 0.0703125, ""mixed_transition"": 0.2255859375, ""overheating"": 0.0009765625, ""reflation"": 0.0244140625, ""stagflation_risk"": 0.0009765625}",inflationary_expansion,reflation,0.5555555555555556,0.33333333333333337,True,"[""benign_expansion"", ""mixed""]","{""adverse_supply"": 0.0, ""benign_expansion"": 0.2222222222222222, ""contraction"": 0.0, ""inflationary_expansion"": 0.5555555555555556, ""mixed"": 0.2222222222222222}","{""balanced_expansion"": 0.2222222222222222, ""demand_slowdown"": 0.0, ""disinflationary_expansion"": 0.0, ""hard_landing_risk"": 0.0, ""mixed_transition"": 0.2222222222222222, ""overheating"": 0.0, ""reflation"": 0.5555555555555556, ""stagflation_risk"": 0.0}",False,81,"{""adverse_supply"": 0.0009765625, ""benign_expansion"": 0.4736328125, ""contraction"": 0.2744140625, ""inflationary_expansion"": 0.025390625, ""mixed"": 0.2255859375}",benign_expansion
latest_revised,expanding_robust_z__policy__equal__sensitive,2023-02-28,0.8849746796993259,0.05692863914660465,0.020877564666008933,-2.0,2.0,-0.5429768465412346,0.4281388265100744,-0.8490649645266468,1.4073115555531255,balanced_expansion,benign_expansion,0.4397352233772036,-0.11434764916218475,0.20578018000407663,1.3247099030765295,0.06684142058396769,0.5007061130776898,mixed_transition,mixed,"{""balanced_expansion"": 0.1376953125, ""demand_slowdown"": 0.111328125, ""disinflationary_expansion"": 0.2158203125, ""hard_landing_risk"": 0.0166015625, ""mixed_transition"": 0.1982421875, ""overheating"": 0.0556640625, ""reflation"": 0.2568359375, ""stagflation_risk"": 0.0078125}",mixed,mixed_transition,0.7407407407407407,0.5185185185185185,False,"[""benign_expansion""]","{""adverse_supply"": 0.0, ""benign_expansion"": 0.2222222222222222, ""contraction"": 0.0, ""inflationary_expansion"": 0.037037037037037035, ""mixed"": 0.7407407407407407}","{""balanced_expansion"": 0.2222222222222222, ""demand_slowdown"": 0.0, ""disinflationary_expansion"": 0.0, ""hard_landing_risk"": 0.0, ""mixed_transition"": 0.7407407407407407, ""overheating"": 0.0, ""reflation"": 0.037037037037037035, ""stagflation_risk"": 0.0}",False,81,"{""adverse_supply"": 0.0078125, ""benign_expansion"": 0.353515625, ""contraction"": 0.1279296875, ""inflationary_expansion"": 0.3125, ""mixed"": 0.1982421875}",benign_expansion
latest_revised,expanding_robust_z__policy__equal__sensitive,2023-03-31,0.8849746796993259,-0.35389721044605715,-0.27201569305661544,-2.0,2.0,-0.6862646497293416,0.2974801883629981,-1.1465125246216092,1.3072091078458892,disinflationary_expansion,benign_expansion,0.3269869458595718,0.1595049797628854,0.20291887695640934,1.2119616255588976,-0.09571051779479292,0.14659562132724874,mixed_transition,mixed,"{""balanced_expansion"": 0.0986328125, ""demand_slowdown"": 0.1220703125, ""disinflationary_expansion"": 0.302734375, ""hard_landing_risk"": 0.033203125, ""mixed_transition"": 0.24609375, ""overheating"": 0.0087890625, ""reflation"": 0.18359375, ""stagflation_risk"": 0.0048828125}",benign_expansion,disinflationary_expansion,0.6666666666666666,0.3333333333333333,False,"[""mixed""]","{""adverse_supply"": 0.0, ""benign_expansion"": 0.6666666666666666, ""contraction"": 0.0, ""inflationary_expansion"": 0.0, ""mixed"": 0.3333333333333333}","{""balanced_expansion"": 0.0, ""demand_slowdown"": 0.0, ""disinflationary_expansion"": 0.6666666666666666, ""hard_landing_risk"": 0.0, ""mixed_transition"": 0.3333333333333333, ""overheating"": 0.0, ""reflation"": 0.0, ""stagflation_risk"": 0.0}",False,81,"{""adverse_supply"": 0.0048828125, ""benign_expansion"": 0.4013671875, ""contraction"": 0.1552734375, ""inflationary_expansion"": 0.1923828125, ""mixed"": 0.24609375}",benign_expansion
latest_revised,expanding_robust_z__policy__equal__sensitive,2023-04-30,0.503636219206129,0.07508049608828525,0.2156042807761828,-2.0,2.0,-1.1096342860349342,-0.12170381323906104,-1.1463437255506466,0.8251579790663554,balanced_expansion,benign_expansion,-0.016789157505031405,-0.6960670172424481,-0.5890979683682784,0.4868470617010976,-0.4373547633818557,-0.306240583318553,disinflationary_expansion,benign_expansion,"{""balanced_expansion"": 0.0703125, ""demand_slowdown"": 0.208984375, ""disinflationary_expansion"": 0.3564453125, ""hard_landing_risk"": 0.10546875, ""mixed_transition"": 0.2314453125, ""overheating"": 0.0, ""reflation"": 0.02734375, ""stagflation_risk"": 0.0}",benign_expansion,balanced_expansion,0.8888888888888888,0.7777777777777777,False,"[""mixed""]","{""adverse_supply"": 0.0, ""benign_expansion"": 0.8888888888888888, ""contraction"": 0.0, ""inflationary_expansion"": 0.0, ""mixed"": 0.1111111111111111}","{""balanced_expansion"": 0.8888888888888888, ""demand_slowdown"": 0.0, ""disinflationary_expansion"": 0.0, ""hard_landing_risk"": 0.0, ""mixed_transition"": 0.1111111111111111, ""overheating"": 0.0, ""reflation"": 0.0, ""stagflation_risk"": 0.0}",True,81,"{""adverse_supply"": 0.0, ""benign_expansion"": 0.4267578125, ""contraction"": 0.314453125, ""inflationary_expansion"": 0.02734375, ""mixed"": 0.2314453125}",benign_expansion
latest_revised,expanding_robust_z__policy__equal__sensitive,2023-05-31,0.503636219206129,-0.3551677588478624,-0.3286923032585252,-2.0,2.0,-0.7679451716913226,0.3132059620198045,-1.157478504377873,1.1918774523860671,disinflationary_expansion,benign_expansion,-0.004379210168981462,0.12779815401210332,0.3221741489232035,0.49925700903714754,-0.1207098987915305,0.19791617684226656,disinflationary_expansion,benign_expansion,"{""balanced_expansion"": 0.1162109375, ""demand_slowdown"": 0.2294921875, ""disinflationary_expansion"": 0.228515625, ""hard_landing_risk"": 0.08203125, ""mixed_transition"": 0.1845703125, ""overheating"": 0.013671875, ""reflation"": 0.1318359375, ""stagflation_risk"": 0.013671875}",benign_expansion,disinflationary_expansion,0.7160493827160493,0.43209876543209874,False,"[""mixed""]","{""adverse_supply"": 0.0, ""benign_expansion"": 0.7160493827160493, ""contraction"": 0.0, ""inflationary_expansion"": 0.0, ""mixed"": 0.2839506172839506}","{""balanced_expansion"": 0.04938271604938271, ""demand_slowdown"": 0.0, ""disinflationary_expansion"": 0.6666666666666666, ""hard_landing_risk"": 0.0, ""mixed_transition"": 0.2839506172839506, ""overheating"": 0.0, ""reflation"": 0.0, ""stagflation_risk"": 0.0}",False,81,"{""adverse_supply"": 0.013671875, ""benign_expansion"": 0.3447265625, ""contraction"": 0.3115234375, ""inflationary_expansion"": 0.1455078125, ""mixed"": 0.1845703125}",benign_expansion
latest_revised,expanding_robust_z__policy__equal__sensitive,2023-06-30,0.503636219206129,-0.504805227721431,0.3129033027317241,-2.0,2.0,-0.9530346686546606,0.12022926361654498,-1.1001990872614007,1.2617973000219693,disinflationary_expansion,benign_expansion,0.07222326918974353,0.0884025252023733,-0.26050478121885073,0.5758594883958725,-0.308263573138841,0.29129250038657756,disinflationary_expansion,benign_expansion,"{""balanced_expansion"": 0.083984375, ""demand_slowdown"": 0.2177734375, ""disinflationary_expansion"": 0.3740234375, ""hard_landing_risk"": 0.056640625, ""mixed_transition"": 0.185546875, ""overheating"": 0.001953125, ""reflation"": 0.0791015625, ""stagflation_risk"": 0.0009765625}",benign_expansion,disinflationary_expansion,0.8148148148148148,0.6296296296296295,False,"[""mixed""]","{""adverse_supply"": 0.0, ""benign_expansion"": 0.8148148148148148, ""contraction"": 0.0, ""inflationary_expansion"": 0.0, ""mixed"": 0.18518518518518517}","{""balanced_expansion"": 0.0, ""demand_slowdown"": 0.0, ""disinflationary_expansion"": 0.8148148148148148, ""hard_landing_risk"": 0.0, ""mixed_transition"": 0.18518518518518517, ""overheating"": 0.0, ""reflation"": 0.0, ""stagflation_risk"": 0.0}",True,81,"{""adverse_supply"": 0.0009765625, ""benign_expansion"": 0.4580078125, ""contraction"": 0.2744140625, ""inflationary_expansion"": 0.0810546875, ""mixed"": 0.185546875}",benign_expansion
latest_revised,expanding_robust_z__policy__equal__sensitive,2023-07-31,2.0,-0.913957501994992,0.09680711971060182,-2.0,2.0,-1.3516636314275814,-0.2693116390456344,-1.108446653912812,0.6001730987748153,disinflationary_expansion,benign_expansion,-1.5698351537257507,0.10346986675838421,-0.5460165117807454,0.43016484627424934,-0.6041910345479053,-0.336608078736636,disinflationary_expansion,benign_expansion,"{""balanced_expansion"": 0.0556640625, ""demand_slowdown"": 0.224609375, ""disinflationary_expansion"": 0.359375, ""hard_landing_risk"": 0.1181640625, ""mixed_transition"": 0.228515625, ""overheating"": 0.0, ""reflation"": 0.013671875, ""stagflation_risk"": 0.0}",benign_expansion,disinflationary_expansion,1.0,1.0,False,[],"{""adverse_supply"": 0.0, ""benign_expansion"": 1.0, ""contraction"": 0.0, ""inflationary_expansion"": 0.0, ""mixed"": 0.0}","{""balanced_expansion"": 0.0, ""demand_slowdown"": 0.0, ""disinflationary_expansion"": 1.0, ""hard_landing_risk"": 0.0, ""mixed_transition"": 0.0, ""overheating"": 0.0, ""reflation"": 0.0, ""stagflation_risk"": 0.0}",True,81,"{""adverse_supply"": 0.0, ""benign_expansion"": 0.4150390625, ""contraction"": 0.3427734375, ""inflationary_expansion"": 0.013671875, ""mixed"": 0.228515625}",benign_expansion
latest_revised,expanding_robust_z__policy__equal__sensitive,2023-08-31,2.0,-0.718522619589829,-0.624858318282305,-2.0,2.0,-1.1636215914020667,-0.0973673562629235,-0.9622570509717709,1.288503979915233,disinflationary_expansion,benign_expansion,-1.4518863395186892,0.08802814575733386,0.7879817827540361,0.5481136604813108,-0.4717092506537019,0.42372480098832493,disinflationary_expansion,benign_expansion,"{""balanced_expansion"": 0.0625, ""demand_slowdown"": 0.26171875, ""disinflationary_expansion"": 0.451171875, ""hard_landing_risk"": 0.044921875, ""mixed_transition"": 0.1435546875, ""overheating"": 0.001953125, ""reflation"": 0.0322265625, ""stagflation_risk"": 0.001953125}",mixed,mixed_transition,0.6666666666666666,0.3333333333333333,False,"[""benign_expansion""]","{""adverse_supply"": 0.0, ""benign_expansion"": 0.3333333333333333, ""contraction"": 0.0, ""inflationary_expansion"": 0.0, ""mixed"": 0.6666666666666666}","{""balanced_expansion"": 0.0, ""demand_slowdown"": 0.0, ""disinflationary_expansion"": 0.3333333333333333, ""hard_landing_risk"": 0.0, ""mixed_transition"": 0.6666666666666666, ""overheating"": 0.0, ""reflation"": 0.0, ""stagflation_risk"": 0.0}",False,81,"{""adverse_supply"": 0.001953125, ""benign_expansion"": 0.513671875, ""contraction"": 0.306640625, ""inflationary_expansion"": 0.0341796875, ""mixed"": 0.1435546875}",benign_expansion
latest_revised,expanding_robust_z__policy__equal__sensitive,2023-09-30,2.0,-0.1098211225587911,-0.21320676801932095,-2.0,2.0,-0.9459707216193133,0.08415905913131776,-0.9817726525654242,1.2013684743443198,disinflationary_expansion,benign_expansion,-2.0618123022953236,-0.3210847086852066,0.3230046789087688,-0.06181230229532364,-0.30098254471186137,0.3337250939710984,balanced_expansion,benign_expansion,"{""balanced_expansion"": 0.09375, ""demand_slowdown"": 0.3603515625, ""disinflationary_expansion"": 0.265625, ""hard_landing_risk"": 0.0732421875, ""mixed_transition"": 0.1494140625, ""overheating"": 0.001953125, ""reflation"": 0.044921875, ""stagflation_risk"": 0.0107421875}",mixed,mixed_transition,0.7777777777777778,0.5555555555555556,False,"[""benign_expansion""]","{""adverse_supply"": 0.0, ""benign_expansion"": 0.2222222222222222, ""contraction"": 0.0, ""inflationary_expansion"": 0.0, ""mixed"": 0.7777777777777778}","{""balanced_expansion"": 0.0, ""demand_slowdown"": 0.0, ""disinflationary_expansion"": 0.2222222222222222, ""hard_landing_risk"": 0.0, ""mixed_transition"": 0.7777777777777778, ""overheating"": 0.0, ""reflation"": 0.0, ""stagflation_risk"": 0.0}",False,81,"{""adverse_supply"": 0.0107421875, ""benign_expansion"": 0.359375, ""contraction"": 0.43359375, ""inflationary_expansion"": 0.046875, ""mixed"": 0.1494140625}",contraction
latest_revised,expanding_robust_z__policy__equal__sensitive,2023-10-31,1.3620596105876643,-0.804099320128319,-0.5939881640819314,-2.0,2.0,-0.6848815773630904,0.37662286734602507,-0.9334558897019687,1.263197754644822,disinflationary_expansion,benign_expansion,-0.9053061416976962,0.6499699651197863,0.7588590965533581,0.45675346888996815,-0.009027422601947058,0.3995565104033498,balanced_expansion,benign_expansion,"{""balanced_expansion"": 0.125, ""demand_slowdown"": 0.2158203125, ""disinflationary_expansion"": 0.2060546875, ""hard_landing_risk"": 0.0595703125, ""mixed_transition"": 0.1611328125, ""overheating"": 0.029296875, ""reflation"": 0.177734375, ""stagflation_risk"": 0.025390625}",benign_expansion,disinflationary_expansion,0.5555555555555556,0.11111111111111116,True,"[""mixed""]","{""adverse_supply"": 0.0, ""benign_expansion"": 0.5555555555555556, ""contraction"": 0.0, ""inflationary_expansion"": 0.0, ""mixed"": 0.4444444444444444}","{""balanced_expansion"": 0.0, ""demand_slowdown"": 0.0, ""disinflationary_expansion"": 0.5555555555555556, ""hard_landing_risk"": 0.0, ""mixed_transition"": 0.4444444444444444, ""overheating"": 0.0, ""reflation"": 0.0, ""stagflation_risk"": 0.0}",False,81,"{""adverse_supply"": 0.025390625, ""benign_expansion"": 0.3310546875, ""contraction"": 0.275390625, ""inflationary_expansion"": 0.20703125, ""mixed"": 0.1611328125}",benign_expansion
latest_revised,expanding_robust_z__policy__equal__sensitive,2023-11-30,1.3620596105876643,-0.8956168298717538,-0.4052844521954921,-2.0,2.0,-1.1085749058343988,-0.04454120778514775,-1.1761158361623936,0.7349056858568723,disinflationary_expansion,benign_expansion,-0.8605484948636728,0.3190587730619806,0.15304640737436764,0.5015111157239915,-0.413837774363224,-0.1815760102029495,disinflationary_expansion,benign_expansion,"{""balanced_expansion"": 0.0810546875, ""demand_slowdown"": 0.2294921875, ""disinflationary_expansion"": 0.357421875, ""hard_landing_risk"": 0.0869140625, ""mixed_transition"": 0.2080078125, ""overheating"": 0.0, ""reflation"": 0.0322265625, ""stagflation_risk"": 0.0048828125}",benign_expansion,disinflationary_expansion,0.7777777777777778,0.5555555555555556,False,"[""mixed""]","{""adverse_supply"": 0.0, ""benign_expansion"": 0.7777777777777778, ""contraction"": 0.0, ""inflationary_expansion"": 0.0, ""mixed"": 0.2222222222222222}","{""balanced_expansion"": 0.0, ""demand_slowdown"": 0.0, ""disinflationary_expansion"": 0.7777777777777778, ""hard_landing_risk"": 0.0, ""mixed_transition"": 0.2222222222222222, ""overheating"": 0.0, ""reflation"": 0.0, ""stagflation_risk"": 0.0}",True,81,"{""adverse_supply"": 0.0048828125, ""benign_expansion"": 0.4384765625, ""contraction"": 0.31640625, ""inflationary_expansion"": 0.0322265625, ""mixed"": 0.2080078125}",benign_expansion
latest_revised,expanding_robust_z__policy__equal__sensitive,2023-12-31,1.3620596105876643,-0.6376235037612743,-0.24433188627505287,-2.0,2.0,-1.223693731677102,-0.17283572375295872,-0.9124017915617436,1.020329376994962,disinflationary_expansion,benign_expansion,-0.8000131374951511,-0.06064122395375604,0.29829567899166204,0.5620464730925132,-0.5748039467474125,0.2333463983564878,disinflationary_expansion,benign_expansion,"{""balanced_expansion"": 0.0546875, ""demand_slowdown"": 0.2705078125, ""disinflationary_expansion"": 0.431640625, ""hard_landing_risk"": 0.0693359375, ""mixed_transition"": 0.15625, ""overheating"": 0.001953125, ""reflation"": 0.015625, ""stagflation_risk"": 0.0}",benign_expansion,disinflationary_expansion,1.0,1.0,False,[],"{""adverse_supply"": 0.0, ""benign_expansion"": 1.0, ""contraction"": 0.0, ""inflationary_expansion"": 0.0, ""mixed"": 0.0}","{""balanced_expansion"": 0.0, ""demand_slowdown"": 0.0, ""disinflationary_expansion"": 1.0, ""hard_landing_risk"": 0.0, ""mixed_transition"": 0.0, ""overheating"": 0.0, ""reflation"": 0.0, ""stagflation_risk"": 0.0}",True,81,"{""adverse_supply"": 0.0, ""benign_expansion"": 0.486328125, ""contraction"": 0.33984375, ""inflationary_expansion"": 0.017578125, ""mixed"": 0.15625}",benign_expansion
latest_revised,expanding_robust_z__policy__equal__sensitive,2024-01-31,-1.1614342341421207,0.5594798232529145,0.1805447568788065,-2.0,2.0,-1.0219701916605946,0.0679179540967056,-0.9139380318436219,1.1187262776335807,stagflation_risk,adverse_supply,1.7721766191897674,-1.036505942034859,-0.07815063398382709,0.6107423850476468,-0.37797812071310605,0.2510136908693811,disinflationary_expansion,benign_expansion,"{""balanced_expansion"": 0.0849609375, ""demand_slowdown"": 0.2421875, ""disinflationary_expansion"": 0.390625, ""hard_landing_risk"": 0.0595703125, ""mixed_transition"": 0.1630859375, ""overheating"": 0.00390625, ""reflation"": 0.0546875, ""stagflation_risk"": 0.0009765625}",mixed,mixed_transition,0.7777777777777778,0.5555555555555556,False,"[""adverse_supply""]","{""adverse_supply"": 0.2222222222222222, ""benign_expansion"": 0.0, ""contraction"": 0.0, ""inflationary_expansion"": 0.0, ""mixed"": 0.7777777777777778}","{""balanced_expansion"": 0.0, ""demand_slowdown"": 0.0, ""disinflationary_expansion"": 0.0, ""hard_landing_risk"": 0.0, ""mixed_transition"": 0.7777777777777778, ""overheating"": 0.0, ""reflation"": 0.0, ""stagflation_risk"": 0.2222222222222222}",False,81,"{""adverse_supply"": 0.0009765625, ""benign_expansion"": 0.4755859375, ""contraction"": 0.3017578125, ""inflationary_expansion"": 0.05859375, ""mixed"": 0.1630859375}",benign_expansion
latest_revised,expanding_robust_z__policy__equal__sensitive,2024-02-29,-1.1614342341421207,-0.07225878542370842,-0.6051372366518815,-2.0,2.0,-0.6397415015454183,0.4324400494091599,-1.0630843283052633,1.2962353226957002,hard_landing_risk,contraction,1.8782511560402586,-0.031391940644420774,0.7217127338470999,0.716816921898138,-0.002524103975907254,0.2432201105989582,balanced_expansion,benign_expansion,"{""balanced_expansion"": 0.115234375, ""demand_slowdown"": 0.169921875, ""disinflationary_expansion"": 0.2041015625, ""hard_landing_risk"": 0.0517578125, ""mixed_transition"": 0.1943359375, ""overheating"": 0.03515625, ""reflation"": 0.208984375, ""stagflation_risk"": 0.0205078125}",contraction,demand_slowdown,1.0,1.0,False,[],"{""adverse_supply"": 0.0, ""benign_expansion"": 0.0, ""contraction"": 1.0, ""inflationary_expansion"": 0.0, ""mixed"": 0.0}","{""balanced_expansion"": 0.0, ""demand_slowdown"": 0.6666666666666666, ""disinflationary_expansion"": 0.0, ""hard_landing_risk"": 0.3333333333333333, ""mixed_transition"": 0.0, ""overheating"": 0.0, ""reflation"": 0.0, ""stagflation_risk"": 0.0}",True,81,"{""adverse_supply"": 0.0205078125, ""benign_expansion"": 0.3193359375, ""contraction"": 0.2216796875, ""inflationary_expansion"": 0.244140625, ""mixed"": 0.1943359375}",benign_expansion
latest_revised,expanding_robust_z__policy__equal__sensitive,2024-03-31,-1.1614342341421207,0.2568048151400392,-0.135677721166313,-2.0,2.0,-0.8126050964635954,0.29666589010409117,-1.1334628575746162,1.0783778055881976,demand_slowdown,contraction,1.3363674542483506,-0.5147744183197913,0.10813519517310378,0.17493322010622991,-0.17357917210270185,0.06176858773947257,disinflationary_expansion,benign_expansion,"{""balanced_expansion"": 0.11328125, ""demand_slowdown"": 0.2734375, ""disinflationary_expansion"": 0.224609375, ""hard_landing_risk"": 0.1025390625, ""mixed_transition"": 0.1865234375, ""overheating"": 0.013671875, ""reflation"": 0.0732421875, ""stagflation_risk"": 0.0126953125}",contraction,demand_slowdown,0.5555555555555556,0.11111111111111116,True,"[""mixed""]","{""adverse_supply"": 0.0, ""benign_expansion"": 0.0, ""contraction"": 0.5555555555555556, ""inflationary_expansion"": 0.0, ""mixed"": 0.4444444444444444}","{""balanced_expansion"": 0.0, ""demand_slowdown"": 0.5555555555555556, ""disinflationary_expansion"": 0.0, ""hard_landing_risk"": 0.0, ""mixed_transition"": 0.4444444444444444, ""overheating"": 0.0, ""reflation"": 0.0, ""stagflation_risk"": 0.0}",False,81,"{""adverse_supply"": 0.0126953125, ""benign_expansion"": 0.337890625, ""contraction"": 0.3759765625, ""inflationary_expansion"": 0.0869140625, ""mixed"": 0.1865234375}",contraction
latest_revised,expanding_robust_z__policy__equal__sensitive,2024-04-30,1.5263554170946065,-0.43511797934886703,-0.47634760031633494,-2.0,2.0,-0.8753094240419971,0.21486945483955336,-1.0663965002178382,1.1270629677473691,disinflationary_expansion,benign_expansion,-0.7485438282075898,0.10489799474764516,0.5066808340811005,0.7778115888870167,-0.22183094167631234,0.11352660763368208,disinflationary_expansion,benign_expansion,"{""balanced_expansion"": 0.091796875, ""demand_slowdown"": 0.166015625, ""disinflationary_expansion"": 0.3173828125, ""hard_landing_risk"": 0.0546875, ""mixed_transition"": 0.240234375, ""overheating"": 0.0078125, ""reflation"": 0.1162109375, ""stagflation_risk"": 0.005859375}",benign_expansion,disinflationary_expansion,0.6296296296296297,0.2592592592592593,False,"[""mixed""]","{""adverse_supply"": 0.0, ""benign_expansion"": 0.6296296296296297, ""contraction"": 0.0, ""inflationary_expansion"": 0.0, ""mixed"": 0.37037037037037035}","{""balanced_expansion"": 0.0, ""demand_slowdown"": 0.0, ""disinflationary_expansion"": 0.6296296296296297, ""hard_landing_risk"": 0.0, ""mixed_transition"": 0.37037037037037035, ""overheating"": 0.0, ""reflation"": 0.0, ""stagflation_risk"": 0.0}",False,81,"{""adverse_supply"": 0.005859375, ""benign_expansion"": 0.4091796875, ""contraction"": 0.220703125, ""inflationary_expansion"": 0.1240234375, ""mixed"": 0.240234375}",benign_expansion
latest_revised,expanding_robust_z__policy__equal__sensitive,2024-05-31,1.5263554170946065,-1.2716255634590035,-0.3331081983000475,-2.0,2.0,-1.1170126062096724,0.02020006174884631,-0.8954002548078306,1.0786510244581302,disinflationary_expansion,benign_expansion,-1.1103480318029142,0.7232192912285904,0.42473358312519716,0.41600738529169234,-0.4563348597141721,0.20481343465364782,disinflationary_expansion,benign_expansion,"{""balanced_expansion"": 0.09375, ""demand_slowdown"": 0.2509765625, ""disinflationary_expansion"": 0.3662109375, ""hard_landing_risk"": 0.0654296875, ""mixed_transition"": 0.166015625, ""overheating"": 0.00390625, ""reflation"": 0.05078125, ""stagflation_risk"": 0.0029296875}",benign_expansion,disinflationary_expansion,1.0,1.0,False,[],"{""adverse_supply"": 0.0, ""benign_expansion"": 1.0, ""contraction"": 0.0, ""inflationary_expansion"": 0.0, ""mixed"": 0.0}","{""balanced_expansion"": 0.0, ""demand_slowdown"": 0.0, ""disinflationary_expansion"": 1.0, ""hard_landing_risk"": 0.0, ""mixed_transition"": 0.0, ""overheating"": 0.0, ""reflation"": 0.0, ""stagflation_risk"": 0.0}",True,81,"{""adverse_supply"": 0.0029296875, ""benign_expansion"": 0.4599609375, ""contraction"": 0.31640625, ""inflationary_expansion"": 0.0546875, ""mixed"": 0.166015625}",benign_expansion
latest_revised,expanding_robust_z__policy__equal__sensitive,2024-06-30,1.5263554170946065,-0.8111971766123228,-0.4643672300580358,-2.0,2.0,-1.3341772904315212,-0.2042410700432904,-1.1433567954306596,0.7527665148279286,disinflationary_expansion,benign_expansion,-1.3655449198456222,0.041987996374917014,0.2419038438265864,0.16081049724898433,-0.6958952913776782,-0.282823192614248,disinflationary_expansion,benign_expansion,"{""balanced_expansion"": 0.0400390625, ""demand_slowdown"": 0.2666015625, ""disinflationary_expansion"": 0.3408203125, ""hard_landing_risk"": 0.13671875, ""mixed_transition"": 0.201171875, ""overheating"": 0.0, ""reflation"": 0.013671875, ""stagflation_risk"": 0.0009765625}",benign_expansion,disinflationary_expansion,0.7777777777777778,0.5555555555555556,False,"[""mixed""]","{""adverse_supply"": 0.0, ""benign_expansion"": 0.7777777777777778, ""contraction"": 0.0, ""inflationary_expansion"": 0.0, ""mixed"": 0.2222222222222222}","{""balanced_expansion"": 0.0, ""demand_slowdown"": 0.0, ""disinflationary_expansion"": 0.7777777777777778, ""hard_landing_risk"": 0.0, ""mixed_transition"": 0.2222222222222222, ""overheating"": 0.0, ""reflation"": 0.0, ""stagflation_risk"": 0.0}",True,81,"{""adverse_supply"": 0.0009765625, ""benign_expansion"": 0.380859375, ""contraction"": 0.4033203125, ""inflationary_expansion"": 0.013671875, ""mixed"": 0.201171875}",contraction
latest_revised,expanding_robust_z__policy__equal__sensitive,2024-07-31,0.07186929257553167,-0.7062892722638432,-0.8452234238548437,-1.8957638898423006,1.4128544895031439,-1.334900681027766,-0.2213061596363818,-1.2786123864920453,0.5017159255325399,mixed_transition,mixed,-0.31332399274511014,-0.07181414806823072,0.3764794363893779,-0.0922518721757466,-0.7354714853171551,-0.550411656473568,mixed_transition,mixed,"{""balanced_expansion"": 0.0400390625, ""demand_slowdown"": 0.267578125, ""disinflationary_expansion"": 0.2578125, ""hard_landing_risk"": 0.197265625, ""mixed_transition"": 0.228515625, ""overheating"": 0.0009765625, ""reflation"": 0.0078125, ""stagflation_risk"": 0.0}",mixed,mixed_transition,0.9629629629629629,0.9259259259259258,False,[],"{""adverse_supply"": 0.0, ""benign_expansion"": 0.037037037037037035, ""contraction"": 0.0, ""inflationary_expansion"": 0.0, ""mixed"": 0.9629629629629629}","{""balanced_expansion"": 0.0, ""demand_slowdown"": 0.0, ""disinflationary_expansion"": 0.037037037037037035, ""hard_landing_risk"": 0.0, ""mixed_transition"": 0.9629629629629629, ""overheating"": 0.0, ""reflation"": 0.0, ""stagflation_risk"": 0.0}",True,81,"{""adverse_supply"": 0.0, ""benign_expansion"": 0.2978515625, ""contraction"": 0.46484375, ""inflationary_expansion"": 0.0087890625, ""mixed"": 0.228515625}",contraction
latest_revised,expanding_robust_z__policy__equal__sensitive,2024-08-31,0.07186929257553167,-0.6184206592754782,-0.48163208085053305,-2.0,1.4693211400756905,-1.2454793288275812,-0.12759736245312975,-1.0587799101457043,0.6715435865109713,mixed_transition,mixed,-0.505231529704133,-0.06811768636487725,0.28801391903316664,-0.2864051793674042,-0.6466432440685905,-0.14046375209429585,demand_slowdown,contraction,"{""balanced_expansion"": 0.0390625, ""demand_slowdown"": 0.3544921875, ""disinflationary_expansion"": 0.26171875, ""hard_landing_risk"": 0.16796875, ""mixed_transition"": 0.1630859375, ""overheating"": 0.0009765625, ""reflation"": 0.01171875, ""stagflation_risk"": 0.0009765625}",mixed,mixed_transition,0.8148148148148148,0.6296296296296295,False,"[""benign_expansion""]","{""adverse_supply"": 0.0, ""benign_expansion"": 0.18518518518518517, ""contraction"": 0.0, ""inflationary_expansion"": 0.0, ""mixed"": 0.8148148148148148}","{""balanced_expansion"": 0.07407407407407407, ""demand_slowdown"": 0.0, ""disinflationary_expansion"": 0.1111111111111111, ""hard_landing_risk"": 0.0, ""mixed_transition"": 0.8148148148148148, ""overheating"": 0.0, ""reflation"": 0.0, ""stagflation_risk"": 0.0}",True,81,"{""adverse_supply"": 0.0009765625, ""benign_expansion"": 0.30078125, ""contraction"": 0.5224609375, ""inflationary_expansion"": 0.0126953125, ""mixed"": 0.1630859375}",contraction
latest_revised,expanding_robust_z__policy__equal__sensitive,2024-09-30,0.07186929257553167,-0.19239889291890158,-0.34190940798025526,-2.0,1.504889343500541,-1.252661726857352,-0.09050308767308278,-1.1348782439651792,0.59609572081969,balanced_expansion,benign_expansion,-0.5376506927893899,-0.4791835143463159,0.0725181464075107,-0.3192037230261263,-0.6314703849638422,-0.20733069340958296,demand_slowdown,contraction,"{""balanced_expansion"": 0.0517578125, ""demand_slowdown"": 0.3740234375, ""disinflationary_expansion"": 0.2216796875, ""hard_landing_risk"": 0.1689453125, ""mixed_transition"": 0.171875, ""overheating"": 0.0, ""reflation"": 0.01171875, ""stagflation_risk"": 0.0}",benign_expansion,balanced_expansion,0.8888888888888888,0.7777777777777777,False,"[""mixed""]","{""adverse_supply"": 0.0, ""benign_expansion"": 0.8888888888888888, ""contraction"": 0.0, ""inflationary_expansion"": 0.0, ""mixed"": 0.1111111111111111}","{""balanced_expansion"": 0.8148148148148148, ""demand_slowdown"": 0.0, ""disinflationary_expansion"": 0.07407407407407407, ""hard_landing_risk"": 0.0, ""mixed_transition"": 0.1111111111111111, ""overheating"": 0.0, ""reflation"": 0.0, ""stagflation_risk"": 0.0}",True,81,"{""adverse_supply"": 0.0, ""benign_expansion"": 0.2734375, ""contraction"": 0.54296875, ""inflationary_expansion"": 0.01171875, ""mixed"": 0.171875}",contraction
latest_revised,expanding_robust_z__policy__equal__sensitive,2024-10-31,-0.7510681530940628,-0.05161814635955101,-0.5181449606113232,-2.0,2.0,-1.0692534718192266,0.12842804025132873,-1.0756746474766197,0.7527664575658919,hard_landing_risk,contraction,0.5202992318075457,-0.41879456942439786,0.3566908656559593,0.02089304245572119,-0.4474305238468627,-0.15308694190876665,balanced_expansion,benign_expansion,"{""balanced_expansion"": 0.0849609375, ""demand_slowdown"": 0.294921875, ""disinflationary_expansion"": 0.2939453125, ""hard_landing_risk"": 0.1240234375, ""mixed_transition"": 0.1611328125, ""overheating"": 0.0029296875, ""reflation"": 0.0341796875, ""stagflation_risk"": 0.00390625}",contraction,demand_slowdown,1.0,1.0,False,[],"{""adverse_supply"": 0.0, ""benign_expansion"": 0.0, ""contraction"": 1.0, ""inflationary_expansion"": 0.0, ""mixed"": 0.0}","{""balanced_expansion"": 0.0, ""demand_slowdown"": 0.7777777777777778, ""disinflationary_expansion"": 0.0, ""hard_landing_risk"": 0.2222222222222222, ""mixed_transition"": 0.0, ""overheating"": 0.0, ""reflation"": 0.0, ""stagflation_risk"": 0.0}",True,81,"{""adverse_supply"": 0.00390625, ""benign_expansion"": 0.37890625, ""contraction"": 0.4189453125, ""inflationary_expansion"": 0.037109375, ""mixed"": 0.1611328125}",contraction
latest_revised,expanding_robust_z__policy__equal__sensitive,2024-11-30,-0.7510681530940628,-0.6746915031751182,-0.35338606744603246,-2.0,2.0,-0.9516514178424594,0.28606951332427877,-1.329045170149739,0.39339437846637515,demand_slowdown,contraction,0.34210737219451914,0.34190055091602783,-0.17540520180541802,-0.11328166901743848,-0.3178869916628606,-0.6051695161112159,balanced_expansion,benign_expansion,"{""balanced_expansion"": 0.0712890625, ""demand_slowdown"": 0.23046875, ""disinflationary_expansion"": 0.1904296875, ""hard_landing_risk"": 0.228515625, ""mixed_transition"": 0.20703125, ""overheating"": 0.0, ""reflation"": 0.0625, ""stagflation_risk"": 0.009765625}",contraction,demand_slowdown,1.0,1.0,False,[],"{""adverse_supply"": 0.0, ""benign_expansion"": 0.0, ""contraction"": 1.0, ""inflationary_expansion"": 0.0, ""mixed"": 0.0}","{""balanced_expansion"": 0.0, ""demand_slowdown"": 1.0, ""disinflationary_expansion"": 0.0, ""hard_landing_risk"": 0.0, ""mixed_transition"": 0.0, ""overheating"": 0.0, ""reflation"": 0.0, ""stagflation_risk"": 0.0}",True,81,"{""adverse_supply"": 0.009765625, ""benign_expansion"": 0.26171875, ""contraction"": 0.458984375, ""inflationary_expansion"": 0.0625, ""mixed"": 0.20703125}",contraction
latest_revised,expanding_robust_z__policy__equal__sensitive,2024-12-31,-0.7510681530940628,-0.4810633783811012,-0.4614612929570104,-2.0,2.0,-1.1149891355157804,0.13111036902214607,-1.0381949787220108,0.9254646393775925,demand_slowdown,contraction,0.10247340433154806,-0.010876004865715994,0.4050961232848014,-0.2937209919304369,-0.4724724074625157,0.1352188222150182,balanced_expansion,benign_expansion,"{""balanced_expansion"": 0.0712890625, ""demand_slowdown"": 0.41015625, ""disinflationary_expansion"": 0.25, ""hard_landing_risk"": 0.1015625, ""mixed_transition"": 0.12890625, ""overheating"": 0.0009765625, ""reflation"": 0.0302734375, ""stagflation_risk"": 0.0068359375}",contraction,demand_slowdown,1.0,1.0,False,[],"{""adverse_supply"": 0.0, ""benign_expansion"": 0.0, ""contraction"": 1.0, ""inflationary_expansion"": 0.0, ""mixed"": 0.0}","{""balanced_expansion"": 0.0, ""demand_slowdown"": 0.8888888888888888, ""disinflationary_expansion"": 0.0, ""hard_landing_risk"": 0.1111111111111111, ""mixed_transition"": 0.0, ""overheating"": 0.0, ""reflation"": 0.0, ""stagflation_risk"": 0.0}",True,81,"{""adverse_supply"": 0.0068359375, ""benign_expansion"": 0.3212890625, ""contraction"": 0.51171875, ""inflationary_expansion"": 0.03125, ""mixed"": 0.12890625}",contraction
latest_revised,expanding_robust_z__policy__equal__sensitive,2025-01-31,-1.7223527244541001,0.34467415336226226,-0.38050656168697317,-2.0,1.9761238676377533,-1.2793354026795722,-0.03385718081940424,-1.0492056291427505,0.8274901557356678,demand_slowdown,contraction,1.5786137861971463,-1.0012704451117505,0.26964882498343207,0.05305666663507378,-0.6218622652339864,0.05776770323800747,mixed_transition,mixed,"{""balanced_expansion"": 0.056640625, ""demand_slowdown"": 0.314453125, ""disinflationary_expansion"": 0.33984375, ""hard_landing_risk"": 0.1025390625, ""mixed_transition"": 0.1513671875, ""overheating"": 0.0009765625, ""reflation"": 0.0302734375, ""stagflation_risk"": 0.00390625}",mixed,mixed_transition,0.5555555555555556,0.11111111111111116,True,"[""contraction""]","{""adverse_supply"": 0.0, ""benign_expansion"": 0.0, ""contraction"": 0.4444444444444444, ""inflationary_expansion"": 0.0, ""mixed"": 0.5555555555555556}","{""balanced_expansion"": 0.0, ""demand_slowdown"": 0.4444444444444444, ""disinflationary_expansion"": 0.0, ""hard_landing_risk"": 0.0, ""mixed_transition"": 0.5555555555555556, ""overheating"": 0.0, ""reflation"": 0.0, ""stagflation_risk"": 0.0}",False,81,"{""adverse_supply"": 0.00390625, ""benign_expansion"": 0.396484375, ""contraction"": 0.4169921875, ""inflationary_expansion"": 0.03125, ""mixed"": 0.1513671875}",contraction
latest_revised,expanding_robust_z__policy__equal__sensitive,2025-02-28,-1.7223527244541001,0.33253535231446024,-0.6511189120894648,-2.0,2.0,-0.6263431891766376,0.6547334800752339,-0.8178916490854686,0.9907557792431276,hard_landing_risk,contraction,1.6753344931055625,-0.31834020686516207,0.7375509771682943,0.15141085835330692,0.04368279536864749,0.31403181320151885,balanced_expansion,benign_expansion,"{""balanced_expansion"": 0.119140625, ""demand_slowdown"": 0.2578125, ""disinflationary_expansion"": 0.1904296875, ""hard_landing_risk"": 0.0693359375, ""mixed_transition"": 0.1337890625, ""overheating"": 0.0439453125, ""reflation"": 0.140625, ""stagflation_risk"": 0.044921875}",contraction,hard_landing_risk,0.6296296296296297,0.2592592592592593,False,"[""mixed""]","{""adverse_supply"": 0.0, ""benign_expansion"": 0.0, ""contraction"": 0.6296296296296297, ""inflationary_expansion"": 0.0, ""mixed"": 0.37037037037037035}","{""balanced_expansion"": 0.0, ""demand_slowdown"": 0.18518518518518517, ""disinflationary_expansion"": 0.0, ""hard_landing_risk"": 0.4444444444444444, ""mixed_transition"": 0.37037037037037035, ""overheating"": 0.0, ""reflation"": 0.0, ""stagflation_risk"": 0.0}",False,81,"{""adverse_supply"": 0.044921875, ""benign_expansion"": 0.3095703125, ""contraction"": 0.3271484375, ""inflationary_expansion"": 0.1845703125, ""mixed"": 0.1337890625}",contraction
latest_revised,expanding_robust_z__policy__equal__sensitive,2025-03-31,-1.7223527244541001,-1.2719537149735811,-0.13265440734022024,-2.0,2.0,-0.878799580874237,0.41905535601271743,-1.199700004268148,0.5257591645359397,demand_slowdown,contraction,1.5748036470290523,1.0420816025428212,-0.2079646515315006,0.049182179255999006,-0.2094576728535834,-0.5642192954783996,balanced_expansion,benign_expansion,"{""balanced_expansion"": 0.09375, ""demand_slowdown"": 0.2119140625, ""disinflationary_expansion"": 0.1865234375, ""hard_landing_risk"": 0.1884765625, ""mixed_transition"": 0.21875, ""overheating"": 0.0009765625, ""reflation"": 0.0888671875, ""stagflation_risk"": 0.0107421875}",contraction,demand_slowdown,1.0,1.0,False,[],"{""adverse_supply"": 0.0, ""benign_expansion"": 0.0, ""contraction"": 1.0, ""inflationary_expansion"": 0.0, ""mixed"": 0.0}","{""balanced_expansion"": 0.0, ""demand_slowdown"": 1.0, ""disinflationary_expansion"": 0.0, ""hard_landing_risk"": 0.0, ""mixed_transition"": 0.0, ""overheating"": 0.0, ""reflation"": 0.0, ""stagflation_risk"": 0.0}",True,81,"{""adverse_supply"": 0.0107421875, ""benign_expansion"": 0.2802734375, ""contraction"": 0.400390625, ""inflationary_expansion"": 0.08984375, ""mixed"": 0.21875}",contraction
latest_revised,expanding_robust_z__policy__equal__sensitive,2025-04-30,0.3490159726427688,-0.5527952661832489,-0.9729219305317205,-1.9309667962884471,1.6130080701028835,-1.455465870536986,-0.1908129384714417,-0.9116409496687472,0.7890522952878728,mixed_transition,mixed,-0.5079953357355507,-0.27034413832096504,0.9116276033412832,-0.023145237674056268,-0.794135403129631,0.030776686226038706,mixed_transition,mixed,"{""balanced_expansion"": 0.0302734375, ""demand_slowdown"": 0.3310546875, ""disinflationary_expansion"": 0.361328125, ""hard_landing_risk"": 0.1103515625, ""mixed_transition"": 0.1513671875, ""overheating"": 0.001953125, ""reflation"": 0.0126953125, ""stagflation_risk"": 0.0009765625}",mixed,mixed_transition,1.0,1.0,False,[],"{""adverse_supply"": 0.0, ""benign_expansion"": 0.0, ""contraction"": 0.0, ""inflationary_expansion"": 0.0, ""mixed"": 1.0}","{""balanced_expansion"": 0.0, ""demand_slowdown"": 0.0, ""disinflationary_expansion"": 0.0, ""hard_landing_risk"": 0.0, ""mixed_transition"": 1.0, ""overheating"": 0.0, ""reflation"": 0.0, ""stagflation_risk"": 0.0}",True,81,"{""adverse_supply"": 0.0009765625, ""benign_expansion"": 0.3916015625, ""contraction"": 0.44140625, ""inflationary_expansion"": 0.0146484375, ""mixed"": 0.1513671875}",contraction
latest_revised,expanding_robust_z__policy__equal__sensitive,2025-05-31,0.3490159726427688,-0.6508572262735921,-0.32736852329907407,-2.0,1.6595055542092219,-0.9307466011719542,0.3481417149862015,-1.025505563691439,0.7549232820112192,disinflationary_expansion,benign_expansion,-0.6981546181362561,0.35955478318071576,0.1920773824589642,-0.242320074495643,-0.24405400124048138,-0.12226305545109109,balanced_expansion,benign_expansion,"{""balanced_expansion"": 0.0849609375, ""demand_slowdown"": 0.3203125, ""disinflationary_expansion"": 0.1845703125, ""hard_landing_risk"": 0.1630859375, ""mixed_transition"": 0.1357421875, ""overheating"": 0.0078125, ""reflation"": 0.0859375, ""stagflation_risk"": 0.017578125}",benign_expansion,disinflationary_expansion,0.5555555555555556,0.11111111111111116,True,"[""mixed""]","{""adverse_supply"": 0.0, ""benign_expansion"": 0.5555555555555556, ""contraction"": 0.0, ""inflationary_expansion"": 0.0, ""mixed"": 0.4444444444444444}","{""balanced_expansion"": 0.0, ""demand_slowdown"": 0.0, ""disinflationary_expansion"": 0.5555555555555556, ""hard_landing_risk"": 0.0, ""mixed_transition"": 0.4444444444444444, ""overheating"": 0.0, ""reflation"": 0.0, ""stagflation_risk"": 0.0}",False,81,"{""adverse_supply"": 0.017578125, ""benign_expansion"": 0.26953125, ""contraction"": 0.4833984375, ""inflationary_expansion"": 0.09375, ""mixed"": 0.1357421875}",contraction
latest_revised,expanding_robust_z__policy__equal__sensitive,2025-06-30,0.3490159726427688,-0.2211537647381987,-0.6857117218457154,-2.0,1.5389741950433091,-0.7286071158472114,0.6015130064626547,-1.1539009979015051,0.4874244148338581,disinflationary_expansion,benign_expansion,-0.8463530626177647,0.15760671004592036,0.3524734303118919,-0.4131314568083011,0.014853617684782194,-0.5004097387917903,demand_slowdown,contraction,"{""balanced_expansion"": 0.1142578125, ""demand_slowdown"": 0.23046875, ""disinflationary_expansion"": 0.0966796875, ""hard_landing_risk"": 0.2548828125, ""mixed_transition"": 0.142578125, ""overheating"": 0.001953125, ""reflation"": 0.123046875, ""stagflation_risk"": 0.0361328125}",mixed,mixed_transition,0.7777777777777778,0.5555555555555556,False,"[""benign_expansion""]","{""adverse_supply"": 0.0, ""benign_expansion"": 0.2222222222222222, ""contraction"": 0.0, ""inflationary_expansion"": 0.0, ""mixed"": 0.7777777777777778}","{""balanced_expansion"": 0.0, ""demand_slowdown"": 0.0, ""disinflationary_expansion"": 0.2222222222222222, ""hard_landing_risk"": 0.0, ""mixed_transition"": 0.7777777777777778, ""overheating"": 0.0, ""reflation"": 0.0, ""stagflation_risk"": 0.0}",False,81,"{""adverse_supply"": 0.0361328125, ""benign_expansion"": 0.2109375, ""contraction"": 0.4853515625, ""inflationary_expansion"": 0.125, ""mixed"": 0.142578125}",contraction
latest_revised,expanding_robust_z__policy__equal__sensitive,2025-07-31,0.5519007681269379,-0.23133086000006972,-0.455390246242636,-1.9220553300082441,1.4240317349761804,-0.2990418195679548,1.0455103518129296,-1.0573378600733527,0.5611206811046425,disinflationary_expansion,benign_expansion,-0.8009125656429695,0.6045651261225571,0.20728165675828103,-0.05399411197532257,0.4701735022612449,-0.35280172199867704,balanced_expansion,benign_expansion,"{""balanced_expansion"": 0.1240234375, ""demand_slowdown"": 0.1357421875, ""disinflationary_expansion"": 0.0595703125, ""hard_landing_risk"": 0.140625, ""mixed_transition"": 0.1611328125, ""overheating"": 0.03515625, ""reflation"": 0.2314453125, ""stagflation_risk"": 0.1123046875}",benign_expansion,disinflationary_expansion,0.6049382716049383,0.2098765432098766,False,"[""mixed""]","{""adverse_supply"": 0.0, ""benign_expansion"": 0.6049382716049383, ""contraction"": 0.0, ""inflationary_expansion"": 0.0, ""mixed"": 0.3950617283950617}","{""balanced_expansion"": 0.19753086419753085, ""demand_slowdown"": 0.0, ""disinflationary_expansion"": 0.4074074074074074, ""hard_landing_risk"": 0.0, ""mixed_transition"": 0.3950617283950617, ""overheating"": 0.0, ""reflation"": 0.0, ""stagflation_risk"": 0.0}",False,81,"{""adverse_supply"": 0.1123046875, ""benign_expansion"": 0.18359375, ""contraction"": 0.2763671875, ""inflationary_expansion"": 0.2666015625, ""mixed"": 0.1611328125}",contraction
latest_revised,expanding_robust_z__policy__equal__sensitive,2025-08-31,0.5519007681269379,-0.15716499736810127,-0.3935286780508985,-2.0,1.5578616127714944,-0.6351510037537499,0.7430715099201427,-0.7234759914028236,0.8280056290049786,disinflationary_expansion,benign_expansion,-0.9339800120967886,0.21112525045129776,0.4457934968519759,-0.18930889159502992,0.12088172972223915,0.1760959090091473,balanced_expansion,benign_expansion,"{""balanced_expansion"": 0.1298828125, ""demand_slowdown"": 0.2685546875, ""disinflationary_expansion"": 0.111328125, ""hard_landing_risk"": 0.078125, ""mixed_transition"": 0.15234375, ""overheating"": 0.0341796875, ""reflation"": 0.140625, ""stagflation_risk"": 0.0849609375}",benign_expansion,balanced_expansion,0.8148148148148148,0.6296296296296295,False,"[""mixed""]","{""adverse_supply"": 0.0, ""benign_expansion"": 0.8148148148148148, ""contraction"": 0.0, ""inflationary_expansion"": 0.0, ""mixed"": 0.18518518518518517}","{""balanced_expansion"": 0.48148148148148145, ""demand_slowdown"": 0.0, ""disinflationary_expansion"": 0.3333333333333333, ""hard_landing_risk"": 0.0, ""mixed_transition"": 0.18518518518518517, ""overheating"": 0.0, ""reflation"": 0.0, ""stagflation_risk"": 0.0}",True,81,"{""adverse_supply"": 0.0849609375, ""benign_expansion"": 0.2412109375, ""contraction"": 0.3466796875, ""inflationary_expansion"": 0.1748046875, ""mixed"": 0.15234375}",contraction
latest_revised,expanding_robust_z__policy__equal__sensitive,2025-09-30,0.5519007681269379,-0.4559673969330247,-0.668736087668972,-2.0,1.6262163219908814,-0.8326106986875058,0.6040499832362216,-1.0567204352077189,0.5658880149390819,disinflationary_expansion,benign_expansion,-1.2960871090919874,0.3416870392073826,0.4233198775346536,-0.5575314985092023,-0.040743295291797245,-0.28432449365333323,demand_slowdown,contraction,"{""balanced_expansion"": 0.095703125, ""demand_slowdown"": 0.3134765625, ""disinflationary_expansion"": 0.0869140625, ""hard_landing_risk"": 0.2255859375, ""mixed_transition"": 0.1396484375, ""overheating"": 0.0107421875, ""reflation"": 0.0859375, ""stagflation_risk"": 0.0419921875}",mixed,mixed_transition,0.7777777777777778,0.5555555555555556,False,"[""benign_expansion""]","{""adverse_supply"": 0.0, ""benign_expansion"": 0.2222222222222222, ""contraction"": 0.0, ""inflationary_expansion"": 0.0, ""mixed"": 0.7777777777777778}","{""balanced_expansion"": 0.0, ""demand_slowdown"": 0.0, ""disinflationary_expansion"": 0.2222222222222222, ""hard_landing_risk"": 0.0, ""mixed_transition"": 0.7777777777777778, ""overheating"": 0.0, ""reflation"": 0.0, ""stagflation_risk"": 0.0}",False,81,"{""adverse_supply"": 0.0419921875, ""benign_expansion"": 0.1826171875, ""contraction"": 0.5390625, ""inflationary_expansion"": 0.0966796875, ""mixed"": 0.1396484375}",contraction
latest_revised,expanding_robust_z__policy__equal__sensitive,2025-11-30,-1.4523656068413453,-0.5850495179224176,-0.3699665607622933,-2.0,1.1156957200357365,-1.1445312894084447,0.3145097908303637,-0.8691098353338275,0.7356151215163531,demand_slowdown,contraction,0.6501907497497241,0.17003876863337697,0.3032192038535561,-0.48341550983182646,-0.3516051902917651,0.013188529765664384,demand_slowdown,contraction,"{""balanced_expansion"": 0.1025390625, ""demand_slowdown"": 0.365234375, ""disinflationary_expansion"": 0.1669921875, ""hard_landing_risk"": 0.1640625, ""mixed_transition"": 0.1201171875, ""overheating"": 0.0068359375, ""reflation"": 0.0439453125, ""stagflation_risk"": 0.0302734375}",contraction,demand_slowdown,1.0,1.0,False,[],"{""adverse_supply"": 0.0, ""benign_expansion"": 0.0, ""contraction"": 1.0, ""inflationary_expansion"": 0.0, ""mixed"": 0.0}","{""balanced_expansion"": 0.0, ""demand_slowdown"": 1.0, ""disinflationary_expansion"": 0.0, ""hard_landing_risk"": 0.0, ""mixed_transition"": 0.0, ""overheating"": 0.0, ""reflation"": 0.0, ""stagflation_risk"": 0.0}",True,81,"{""adverse_supply"": 0.0302734375, ""benign_expansion"": 0.26953125, ""contraction"": 0.529296875, ""inflationary_expansion"": 0.05078125, ""mixed"": 0.1201171875}",contraction
latest_revised,expanding_robust_z__policy__equal__sensitive,2025-12-31,-1.4523656068413453,0.07933440699140387,-1.171163820179199,-2.0,1.0810015705142964,-1.1008170728752118,0.35608394781534064,-0.8130130160218949,0.9539187115484666,hard_landing_risk,contraction,0.3951090693459627,-0.4517009695213395,1.241616667942485,-0.7102313931999646,-0.3219727337656667,0.24375171628415815,demand_slowdown,contraction,"{""balanced_expansion"": 0.1044921875, ""demand_slowdown"": 0.494140625, ""disinflationary_expansion"": 0.134765625, ""hard_landing_risk"": 0.1015625, ""mixed_transition"": 0.091796875, ""overheating"": 0.0068359375, ""reflation"": 0.0361328125, ""stagflation_risk"": 0.0302734375}",contraction,hard_landing_risk,1.0,1.0,False,[],"{""adverse_supply"": 0.0, ""benign_expansion"": 0.0, ""contraction"": 1.0, ""inflationary_expansion"": 0.0, ""mixed"": 0.0}","{""balanced_expansion"": 0.0, ""demand_slowdown"": 0.0, ""disinflationary_expansion"": 0.0, ""hard_landing_risk"": 1.0, ""mixed_transition"": 0.0, ""overheating"": 0.0, ""reflation"": 0.0, ""stagflation_risk"": 0.0}",True,81,"{""adverse_supply"": 0.0302734375, ""benign_expansion"": 0.2392578125, ""contraction"": 0.595703125, ""inflationary_expansion"": 0.04296875, ""mixed"": 0.091796875}",contraction
latest_revised,expanding_robust_z__policy__equal__sensitive,2026-01-31,-0.4691511900619389,0.4542498840258384,-0.2370109053802657,-1.8193426965651953,1.2975496380887677,-0.9828897310902776,0.500710292601336,-1.1344505440289465,0.6209762001112656,mixed_transition,mixed,0.20825466082372524,-0.6953396032703091,-0.01972626657857479,-0.06637576597099054,-0.16479121146508244,-0.2868425099218154,balanced_expansion,benign_expansion,"{""balanced_expansion"": 0.1435546875, ""demand_slowdown"": 0.2470703125, ""disinflationary_expansion"": 0.173828125, ""hard_landing_risk"": 0.1396484375, ""mixed_transition"": 0.1611328125, ""overheating"": 0.0068359375, ""reflation"": 0.09765625, ""stagflation_risk"": 0.0302734375}",mixed,mixed_transition,0.7777777777777778,0.6666666666666667,False,"[""benign_expansion""]","{""adverse_supply"": 0.037037037037037035, ""benign_expansion"": 0.1111111111111111, ""contraction"": 0.07407407407407407, ""inflationary_expansion"": 0.0, ""mixed"": 0.7777777777777778}","{""balanced_expansion"": 0.1111111111111111, ""demand_slowdown"": 0.07407407407407407, ""disinflationary_expansion"": 0.0, ""hard_landing_risk"": 0.0, ""mixed_transition"": 0.7777777777777778, ""overheating"": 0.0, ""reflation"": 0.0, ""stagflation_risk"": 0.037037037037037035}",True,81,"{""adverse_supply"": 0.0302734375, ""benign_expansion"": 0.3173828125, ""contraction"": 0.38671875, ""inflationary_expansion"": 0.1044921875, ""mixed"": 0.1611328125}",contraction
latest_revised,expanding_robust_z__policy__equal__sensitive,2026-02-28,-0.4691511900619389,0.22889545831448205,-0.7950012326433686,-1.6352327975519092,1.386917632371633,-0.7769038657124228,0.7047479074571134,-0.8712643545491839,0.8727979657669371,demand_slowdown,contraction,0.34499360747180086,-0.2649734374421368,0.7957680382522453,0.07329581139108389,0.046283502438022345,0.1072556667475583,balanced_expansion,benign_expansion,"{""balanced_expansion"": 0.15625, ""demand_slowdown"": 0.23046875, ""disinflationary_expansion"": 0.15234375, ""hard_landing_risk"": 0.103515625, ""mixed_transition"": 0.1337890625, ""overheating"": 0.033203125, ""reflation"": 0.1455078125, ""stagflation_risk"": 0.044921875}",contraction,demand_slowdown,0.5925925925925926,0.2222222222222222,True,"[""mixed""]","{""adverse_supply"": 0.0, ""benign_expansion"": 0.037037037037037035, ""contraction"": 0.5925925925925926, ""inflationary_expansion"": 0.0, ""mixed"": 0.37037037037037035}","{""balanced_expansion"": 0.037037037037037035, ""demand_slowdown"": 0.48148148148148145, ""disinflationary_expansion"": 0.0, ""hard_landing_risk"": 0.1111111111111111, ""mixed_transition"": 0.37037037037037035, ""overheating"": 0.0, ""reflation"": 0.0, ""stagflation_risk"": 0.0}",False,81,"{""adverse_supply"": 0.044921875, ""benign_expansion"": 0.30859375, ""contraction"": 0.333984375, ""inflationary_expansion"": 0.1787109375, ""mixed"": 0.1337890625}",contraction
latest_revised,expanding_robust_z__policy__equal__sensitive,2026-03-31,-0.4691511900619389,0.40360827449013736,-0.45692846693214656,-1.3815646532933796,1.4230413331987697,-0.6819231241198981,0.7972223458773734,-1.29791584840115,0.5237329229204124,mixed_transition,mixed,0.48988953001463387,-0.34595866361139965,0.06238316485106643,0.22129930674472656,0.13609512084721598,-0.4870163228769975,balanced_expansion,benign_expansion,"{""balanced_expansion"": 0.123046875, ""demand_slowdown"": 0.1591796875, ""disinflationary_expansion"": 0.12890625, ""hard_landing_risk"": 0.125, ""mixed_transition"": 0.2177734375, ""overheating"": 0.0205078125, ""reflation"": 0.1943359375, ""stagflation_risk"": 0.03125}",mixed,mixed_transition,0.7654320987654321,0.654320987654321,False,"[""benign_expansion""]","{""adverse_supply"": 0.024691358024691357, ""benign_expansion"": 0.1111111111111111, ""contraction"": 0.09876543209876543, ""inflationary_expansion"": 0.0, ""mixed"": 0.7654320987654321}","{""balanced_expansion"": 0.1111111111111111, ""demand_slowdown"": 0.06172839506172839, ""disinflationary_expansion"": 0.0, ""hard_landing_risk"": 0.037037037037037035, ""mixed_transition"": 0.7654320987654321, ""overheating"": 0.0, ""reflation"": 0.0, ""stagflation_risk"": 0.024691358024691357}",True,81,"{""adverse_supply"": 0.03125, ""benign_expansion"": 0.251953125, ""contraction"": 0.2841796875, ""inflationary_expansion"": 0.21484375, ""mixed"": 0.2177734375}",contraction
